Genre,TrackCount,PrimaryFamily,SecondaryFamilies,PrimaryWeight,PrimaryConfidence,Reasons,PriorityScore
eurodance,1090,,,,,no_family | no_related_styles | no_transition_styles,6.6832
disco,1075,,,,,no_family | no_related_styles | no_transition_styles,6.67
iskelma,1045,,,,,no_family | no_related_styles | no_transition_styles,6.643
christmas,918,,,,,no_family | no_related_styles | no_transition_styles,6.5193
russelater,868,,,,,no_family | no_related_styles | no_transition_styles,6.4658
lounge,843,,,,,no_family | no_related_styles | no_transition_styles,6.438
sad sierreno,1541,regional_mexican,,0.45,fallback,fallback_confidence | low_primary_weight | no_transition_styles,6.3762
khaleeji,1296,middle_eastern,,0.45,fallback,fallback_confidence | low_primary_weight | no_transition_styles,6.2259
r&b francais,1251,rnb_soul,,0.45,fallback,fallback_confidence | low_primary_weight | no_transition_styles,6.1952
ska,642,,,,,no_family | no_related_styles | no_transition_styles,6.1781
new age,620,,,,,no_family | no_related_styles | no_transition_styles,6.1448
mizrahi,1176,middle_eastern,,0.45,fallback,fallback_confidence | low_primary_weight | no_transition_styles,6.1416
alte,615,,,,,no_family | no_related_styles | no_transition_styles,6.1371
agronejo,1152,brazilian,,0.45,fallback,fallback_confidence | low_primary_weight | no_transition_styles,6.1237
dansktop,604,,,,,no_family | no_related_styles | no_transition_styles,6.1199
desi,1133,world_asian,,0.45,fallback,fallback_confidence | low_primary_weight | no_transition_styles,6.1092
club,593,,,,,no_family | no_related_styles | no_transition_styles,6.1023
likedis auto,590,,,,,no_family | no_related_styles | no_transition_styles,6.0975
french r&b,1113,rnb_soul,,0.45,fallback,fallback_confidence | low_primary_weight | no_transition_styles,6.0938
manele,1108,middle_eastern,,0.45,fallback,fallback_confidence | low_primary_weight | no_transition_styles,6.0899
easy listening,585,,,,,no_family | no_related_styles | no_transition_styles,6.0894
experimental,1083,electronic,,0.45,fallback,fallback_confidence | low_primary_weight | no_transition_styles,6.0701
latin alternative,569,,,,,no_family | no_related_styles | no_transition_styles,6.0629
alternative,1059,electronic,,0.45,fallback,fallback_confidence | low_primary_weight | no_transition_styles,6.0506
mashup,548,,,,,no_family | no_related_styles | no_transition_styles,6.0271
urbano chileno,548,,,,,no_family | no_related_styles | no_transition_styles,6.0271
urbano espanol,548,,,,,no_family | no_related_styles | no_transition_styles,6.0271
private school piano,547,,,,,no_family | no_related_styles | no_transition_styles,6.0253
schlager,544,,,,,no_family | no_related_styles | no_transition_styles,6.0201
funk carioca,1010,brazilian,,0.45,fallback,fallback_confidence | low_primary_weight | no_transition_styles,6.0095
indietronica,1005,electronic,,0.45,fallback,fallback_confidence | low_primary_weight | no_transition_styles,6.0052
mahraganat,987,middle_eastern,,0.45,fallback,fallback_confidence | low_primary_weight | no_transition_styles,5.9895
trip hop,525,,,,,no_family | no_related_styles | no_transition_styles,5.9862
israeli mediterranean,515,,,,,no_family | no_related_styles | no_transition_styles,5.9678
neo soul,962,rnb_soul,,0.45,fallback,fallback_confidence | low_primary_weight | no_transition_styles,5.9673
bollywood,942,world_asian,,0.45,fallback,fallback_confidence | low_primary_weight | no_transition_styles,5.949
chillout,502,,,,,no_family | no_related_styles | no_transition_styles,5.9434
grupera,916,regional_mexican,,0.45,fallback,fallback_confidence | low_primary_weight | no_transition_styles,5.9247
tango,484,,,,,no_family | no_related_styles | no_transition_styles,5.9086
fusion,483,,,,,no_family | no_related_styles | no_transition_styles,5.9067
goth,480,,,,,no_family | no_related_styles | no_transition_styles,5.9007
psychobilly,477,,,,,no_family | no_related_styles | no_transition_styles,5.8947
beethoven,472,,,,,no_family | no_related_styles | no_transition_styles,5.8847
lofi,467,,,,,no_family | no_related_styles | no_transition_styles,5.8745
electro,856,electronic,,0.45,fallback,fallback_confidence | low_primary_weight | no_transition_styles,5.866
classic,462,,,,,no_family | no_related_styles | no_transition_styles,5.8643
modern bollywood,851,world_asian,,0.45,fallback,fallback_confidence | low_primary_weight | no_transition_styles,5.8609
berlin school,459,,,,,no_family | no_related_styles | no_transition_styles,5.8581
permanent wave,457,,,,,no_family | no_related_styles | no_transition_styles,5.8539
chicago,456,,,,,no_family | no_related_styles | no_transition_styles,5.8518
hillbilly,456,,,,,no_family | no_related_styles | no_transition_styles,5.8518
meditation,456,,,,,no_family | no_related_styles | no_transition_styles,5.8518
vietnam indie,455,,,,,no_family | no_related_styles | no_transition_styles,5.8497
101 moments in music,454,,,,,no_family | no_related_styles | no_transition_styles,5.8476
2001 space odyssey,454,,,,,no_family | no_related_styles | no_transition_styles,5.8476
50cents,454,,,,,no_family | no_related_styles | no_transition_styles,5.8476
80 s fresh new,454,,,,,no_family | no_related_styles | no_transition_styles,5.8476
absolute voices,454,,,,,no_family | no_related_styles | no_transition_styles,5.8476
acoustic best,454,,,,,no_family | no_related_styles | no_transition_styles,5.8476
adam beyer,454,,,,,no_family | no_related_styles | no_transition_styles,5.8476
africa middle east,454,,,,,no_family | no_related_styles | no_transition_styles,5.8476
alirio diaz,454,,,,,no_family | no_related_styles | no_transition_styles,5.8476
andrade,454,,,,,no_family | no_related_styles | no_transition_styles,5.8476
andre powels,454,,,,,no_family | no_related_styles | no_transition_styles,5.8476
andrew york,454,,,,,no_family | no_related_styles | no_transition_styles,5.8476
armin van buuren,454,,,,,no_family | no_related_styles | no_transition_styles,5.8476
backstreet boys,454,,,,,no_family | no_related_styles | no_transition_styles,5.8476
bareto,454,,,,,no_family | no_related_styles | no_transition_styles,5.8476
basque,454,,,,,no_family | no_related_styles | no_transition_styles,5.8476
bflaminio,454,,,,,no_family | no_related_styles | no_transition_styles,5.8476
binaural beats,454,,,,,no_family | no_related_styles | no_transition_styles,5.8476
birthday,454,,,,,no_family | no_related_styles | no_transition_styles,5.8476
boot land,454,,,,,no_family | no_related_styles | no_transition_styles,5.8476
casanovas,454,,,,,no_family | no_related_styles | no_transition_styles,5.8476
cdnnnow128,454,,,,,no_family | no_related_styles | no_transition_styles,5.8476
cdx,454,,,,,no_family | no_related_styles | no_transition_styles,5.8476
celtic celebration,454,,,,,no_family | no_related_styles | no_transition_styles,5.8476
classique,454,,,,,no_family | no_related_styles | no_transition_styles,5.8476
classwar karaoke,454,,,,,no_family | no_related_styles | no_transition_styles,5.8476
cobles,454,,,,,no_family | no_related_styles | no_transition_styles,5.8476
compilatie,454,,,,,no_family | no_related_styles | no_transition_styles,5.8476
desperado,454,,,,,no_family | no_related_styles | no_transition_styles,5.8476
dfree843,454,,,,,no_family | no_related_styles | no_transition_styles,5.8476
die drei,454,,,,,no_family | no_related_styles | no_transition_styles,5.8476
dresch,454,,,,,no_family | no_related_styles | no_transition_styles,5.8476
educacion,454,,,,,no_family | no_related_styles | no_transition_styles,5.8476
elc chritmas,454,,,,,no_family | no_related_styles | no_transition_styles,5.8476
experience the classics,454,,,,,no_family | no_related_styles | no_transition_styles,5.8476
fjord,454,,,,,no_family | no_related_styles | no_transition_styles,5.8476
foreign language,454,,,,,no_family | no_related_styles | no_transition_styles,5.8476
frederic chopin,454,,,,,no_family | no_related_styles | no_transition_styles,5.8476
futebol,454,,,,,no_family | no_related_styles | no_transition_styles,5.8476
gerard palaprat,454,,,,,no_family | no_related_styles | no_transition_styles,5.8476
glass,454,,,,,no_family | no_related_styles | no_transition_styles,5.8476
grase,454,,,,,no_family | no_related_styles | no_transition_styles,5.8476
groom to the gallows,454,,,,,no_family | no_related_styles | no_transition_styles,5.8476
healing sixes,454,,,,,no_family | no_related_styles | no_transition_styles,5.8476
hemi-sync,454,,,,,no_family | no_related_styles | no_transition_styles,5.8476
ibiza,454,,,,,no_family | no_related_styles | no_transition_styles,5.8476
infantil,454,,,,,no_family | no_related_styles | no_transition_styles,5.8476
john coltrane,454,,,,,no_family | no_related_styles | no_transition_styles,5.8476
josquin,454,,,,,no_family | no_related_styles | no_transition_styles,5.8476
jucanto,454,,,,,no_family | no_related_styles | no_transition_styles,5.8476
kinderchore,454,,,,,no_family | no_related_styles | no_transition_styles,5.8476
kinderliedjes kapiteinwinokio humo,454,,,,,no_family | no_related_styles | no_transition_styles,5.8476
klaus baumgart,454,,,,,no_family | no_related_styles | no_transition_styles,5.8476
la grande sophie,454,,,,,no_family | no_related_styles | no_transition_styles,5.8476
leaving on a jet plan,454,,,,,no_family | no_related_styles | no_transition_styles,5.8476
legion of von,454,,,,,no_family | no_related_styles | no_transition_styles,5.8476
lil eazy-e,454,,,,,no_family | no_related_styles | no_transition_styles,5.8476
liturgic,454,,,,,no_family | no_related_styles | no_transition_styles,5.8476
liz,454,,,,,no_family | no_related_styles | no_transition_styles,5.8476
liz andrade,454,,,,,no_family | no_related_styles | no_transition_styles,5.8476
local music of iran,454,,,,,no_family | no_related_styles | no_transition_styles,5.8476
los 24 grandes exitos de la zarzuela,454,,,,,no_family | no_related_styles | no_transition_styles,5.8476
marilyn manson,454,,,,,no_family | no_related_styles | no_transition_styles,5.8476
mary j blige,454,,,,,no_family | no_related_styles | no_transition_styles,5.8476
mega,454,,,,,no_family | no_related_styles | no_transition_styles,5.8476
michael jackson,454,,,,,no_family | no_related_styles | no_transition_styles,5.8476
mimicking birds,454,,,,,no_family | no_related_styles | no_transition_styles,5.8476
miroque,454,,,,,no_family | no_related_styles | no_transition_styles,5.8476
mohsen namjoo,454,,,,,no_family | no_related_styles | no_transition_styles,5.8476
montuno,454,,,,,no_family | no_related_styles | no_transition_styles,5.8476
more 70,454,,,,,no_family | no_related_styles | no_transition_styles,5.8476
my sharona,454,,,,,no_family | no_related_styles | no_transition_styles,5.8476
ncs,454,,,,,no_family | no_related_styles | no_transition_styles,5.8476
nederlands,454,,,,,no_family | no_related_styles | no_transition_styles,5.8476
new generations,454,,,,,no_family | no_related_styles | no_transition_styles,5.8476
new generations philip glass,454,,,,,no_family | no_related_styles | no_transition_styles,5.8476
niroshima,454,,,,,no_family | no_related_styles | no_transition_styles,5.8476
nitzer ebb,454,,,,,no_family | no_related_styles | no_transition_styles,5.8476
nox,454,,,,,no_family | no_related_styles | no_transition_styles,5.8476
number 1,454,,,,,no_family | no_related_styles | no_transition_styles,5.8476
orthodox,454,,,,,no_family | no_related_styles | no_transition_styles,5.8476
papeete,454,,,,,no_family | no_related_styles | no_transition_styles,5.8476
pavarotti,454,,,,,no_family | no_related_styles | no_transition_styles,5.8476
piosenka poetycka muzyka autorska,454,,,,,no_family | no_related_styles | no_transition_styles,5.8476
pzzqxnzt6snn ekrngheoblbupu-,454,,,,,no_family | no_related_styles | no_transition_styles,5.8476
razieq,454,,,,,no_family | no_related_styles | no_transition_styles,5.8476
rhythm del mundo,454,,,,,no_family | no_related_styles | no_transition_styles,5.8476
ronak bhatt,454,,,,,no_family | no_related_styles | no_transition_styles,5.8476
shankar jaikishan,454,,,,,no_family | no_related_styles | no_transition_styles,5.8476
shine 4,454,,,,,no_family | no_related_styles | no_transition_styles,5.8476
shwetabh sucks,454,,,,,no_family | no_related_styles | no_transition_styles,5.8476
sonic seducer cold hands vi,454,,,,,no_family | no_related_styles | no_transition_styles,5.8476
sprechgesang,454,,,,,no_family | no_related_styles | no_transition_styles,5.8476
sunshine,454,,,,,no_family | no_related_styles | no_transition_styles,5.8476
the welcome committee,454,,,,,no_family | no_related_styles | no_transition_styles,5.8476
trikitixa,454,,,,,no_family | no_related_styles | no_transition_styles,5.8476
tunguska chillout grooves,454,,,,,no_family | no_related_styles | no_transition_styles,5.8476
ultimatecore,454,,,,,no_family | no_related_styles | no_transition_styles,5.8476
ussr ministry of culture chamber choir,454,,,,,no_family | no_related_styles | no_transition_styles,5.8476
venezolana,454,,,,,no_family | no_related_styles | no_transition_styles,5.8476
vera kaa,454,,,,,no_family | no_related_styles | no_transition_styles,5.8476
visions,454,,,,,no_family | no_related_styles | no_transition_styles,5.8476
volkstumliche musik,454,,,,,no_family | no_related_styles | no_transition_styles,5.8476
wireharp,454,,,,,no_family | no_related_styles | no_transition_styles,5.8476
z103 5 street mix 2k7,454,,,,,no_family | no_related_styles | no_transition_styles,5.8476
zero t 51,454,,,,,no_family | no_related_styles | no_transition_styles,5.8476
zweiohr,454,,,,,no_family | no_related_styles | no_transition_styles,5.8476
ƒk₷m€,454,,,,,no_family | no_related_styles | no_transition_styles,5.8476
мелодии рождества,454,,,,,no_family | no_related_styles | no_transition_styles,5.8476
嫌われ松子の歌たち,454,,,,,no_family | no_related_styles | no_transition_styles,5.8476
drum and bass,830,bass_music,,0.45,fallback,fallback_confidence | low_primary_weight | no_transition_styles,5.8392
s.a. souvenirs,446,,,,,no_family | no_related_styles | no_transition_styles,5.8307
laiko,820,middle_eastern,,0.45,fallback,fallback_confidence | low_primary_weight | no_transition_styles,5.8287
chanson,439,,,,,no_family | no_related_styles | no_transition_styles,5.8156
big room,437,,,,,no_family | no_related_styles | no_transition_styles,5.8112
opm,802,world_asian,,0.45,fallback,fallback_confidence | low_primary_weight | no_transition_styles,5.8094
instrumental,786,electronic,,0.45,fallback,fallback_confidence | low_primary_weight | no_transition_styles,5.7919
uk dance,428,,,,,no_family | no_related_styles | no_transition_styles,5.7914
americana,778,country_folk,,0.45,fallback,fallback_confidence | low_primary_weight | no_transition_styles,5.7831
regional mexicano,771,regional_mexican,,0.45,fallback,fallback_confidence | low_primary_weight | no_transition_styles,5.7752
world,769,world_asian,,0.45,fallback,fallback_confidence | low_primary_weight | no_transition_styles,5.773
film soundtrack,763,soundtrack_stage,,0.45,fallback,fallback_confidence | low_primary_weight | no_transition_styles,5.7662
indie folk,753,country_folk,,0.45,fallback,fallback_confidence | low_primary_weight | no_transition_styles,5.7547
rap francais,2388,hip_hop,,0.45,fallback,fallback_confidence | low_primary_weight,5.743
downtempo,736,electronic,,0.45,fallback,fallback_confidence | low_primary_weight | no_transition_styles,5.7349
rai,736,middle_eastern,,0.45,fallback,fallback_confidence | low_primary_weight | no_transition_styles,5.7349
tejano,723,regional_mexican,,0.45,fallback,fallback_confidence | low_primary_weight | no_transition_styles,5.7195
funk consciente,393,,,,,no_family | no_related_styles | no_transition_styles,5.7101
moombahton,392,,,,,no_family | no_related_styles | no_transition_styles,5.7077
epadunk,389,,,,,no_family | no_related_styles | no_transition_styles,5.7003
contemporary country,707,country_folk,,0.45,fallback,fallback_confidence | low_primary_weight | no_transition_styles,5.7001
neo psychedelia,385,,,,,no_family | no_related_styles | no_transition_styles,5.6905
anime,676,soundtrack_stage,,0.45,fallback,fallback_confidence | low_primary_weight | no_transition_styles,5.6612
chalga,674,middle_eastern,,0.45,fallback,fallback_confidence | low_primary_weight | no_transition_styles,5.6586
alt z,363,,,,,no_family | no_related_styles | no_transition_styles,5.6344
fantasy,361,,,,,no_family | no_related_styles | no_transition_styles,5.6292
nu disco,357,,,,,no_family | no_related_styles | no_transition_styles,5.6185
sufi,630,middle_eastern,,0.45,fallback,fallback_confidence | low_primary_weight | no_transition_styles,5.6001
v-pop,1898,pop,world_asian,0.45,fallback,fallback_confidence | low_primary_weight,5.5735
pov: indie,339,,,,,no_family | no_related_styles | no_transition_styles,5.5693
musical,600,soundtrack_stage,,0.45,fallback,fallback_confidence | low_primary_weight | no_transition_styles,5.5577
indian indie,333,,,,,no_family | no_related_styles | no_transition_styles,5.5522
devotional,589,gospel_spiritual,,0.45,fallback,fallback_confidence | low_primary_weight | no_transition_styles,5.5417
parlophone,329,,,,,no_family | no_related_styles | no_transition_styles,5.5407
production music,326,,,,,no_family | no_related_styles | no_transition_styles,5.532
pop soul,1775,pop,rnb_soul,0.45,fallback,fallback_confidence | low_primary_weight,5.5241
psytrance,571,trance,,0.45,fallback,fallback_confidence | low_primary_weight | no_transition_styles,5.5148
easy listening soundtracks and musicals,569,soundtrack_stage,,0.45,fallback,fallback_confidence | low_primary_weight | no_transition_styles,5.5117
bluegrass,566,country_folk,,0.45,fallback,fallback_confidence | low_primary_weight | no_transition_styles,5.5072
adult standards,317,,,,,no_family | no_related_styles | no_transition_styles,5.5053
asakaa,315,,,,,no_family | no_related_styles | no_transition_styles,5.4993
bhangra,310,,,,,no_family | no_related_styles | no_transition_styles,5.4841
cantopop,1649,pop,world_asian,0.45,fallback,fallback_confidence | low_primary_weight,5.4697
jungle,541,bass_music,,0.45,fallback,fallback_confidence | low_primary_weight | no_transition_styles,5.468
malay,302,,,,,no_family | no_related_styles | no_transition_styles,5.4592
psychedelic,302,,,,,no_family | no_related_styles | no_transition_styles,5.4592
taylor-swift,300,,,,,no_family | no_related_styles | no_transition_styles,5.4528
choral,531,classical,,0.45,fallback,fallback_confidence | low_primary_weight | no_transition_styles,5.4518
worship,531,gospel_spiritual,,0.45,fallback,fallback_confidence | low_primary_weight | no_transition_styles,5.4518
riddim,522,bass_music,,0.45,fallback,fallback_confidence | low_primary_weight | no_transition_styles,5.437
new wave,1537,rock,,0.45,fallback,fallback_confidence | low_primary_weight,5.4178
pbr & b,285,,,,,no_family | no_related_styles | no_transition_styles,5.404
flamenco urbano,284,,,,,no_family | no_related_styles | no_transition_styles,5.4007
german indie,284,,,,,no_family | no_related_styles | no_transition_styles,5.4007
standards,284,,,,,no_family | no_related_styles | no_transition_styles,5.4007
pop dance,1481,pop,,0.45,fallback,fallback_confidence | low_primary_weight,5.3904
traditional,280,,,,,no_family | no_related_styles | no_transition_styles,5.3872
lazy asses,279,,,,,no_family | no_related_styles | no_transition_styles,5.3837
relaxation,279,,,,,no_family | no_related_styles | no_transition_styles,5.3837
rhymes,279,,,,,no_family | no_related_styles | no_transition_styles,5.3837
variete francaise,278,,,,,no_family | no_related_styles | no_transition_styles,5.3803
t-pop,1460,pop,world_asian,0.45,fallback,fallback_confidence | low_primary_weight,5.3799
rome indie,276,,,,,no_family | no_related_styles | no_transition_styles,5.3735
cancion melodica,271,,,,,no_family | no_related_styles | no_transition_styles,5.3561
piseiro,472,brazilian,,0.45,fallback,fallback_confidence | low_primary_weight | no_transition_styles,5.3497
horrorcore,267,,,,,no_family | no_related_styles | no_transition_styles,5.3419
leftfield,267,,,,,no_family | no_related_styles | no_transition_styles,5.3419
neo mellow,264,,,,,no_family | no_related_styles | no_transition_styles,5.3311
folklore,460,country_folk,,0.45,fallback,fallback_confidence | low_primary_weight | no_transition_styles,5.3274
kizomba,1346,caribbean,,0.45,fallback,fallback_confidence | low_primary_weight,5.3199
bioshock soundtrack,454,soundtrack_stage,,0.45,fallback,fallback_confidence | low_primary_weight | no_transition_styles,5.316
chinese r&b,454,rnb_soul,,0.45,fallback,fallback_confidence | low_primary_weight | no_transition_styles,5.316
soul cargo,454,rnb_soul,,0.45,fallback,fallback_confidence | low_primary_weight | no_transition_styles,5.316
rap conscient,1336,hip_hop,,0.45,fallback,fallback_confidence | low_primary_weight,5.3144
trap italiana,1286,hip_hop,,0.45,fallback,fallback_confidence | low_primary_weight,5.2863
alternative dance,251,,,,,no_family | no_related_styles | no_transition_styles,5.2831
sadcore,251,,,,,no_family | no_related_styles | no_transition_styles,5.2831
taiwan indie,247,,,,,no_family | no_related_styles | no_transition_styles,5.2678
indie viet,241,,,,,no_family | no_related_styles | no_transition_styles,5.2444
taiwan singer-songwriter,415,country_folk,,0.45,fallback,fallback_confidence | low_primary_weight | no_transition_styles,5.2382
hardcore hip,413,metal,,0.45,fallback,fallback_confidence | low_primary_weight | no_transition_styles,5.234
arabesk,407,middle_eastern,,0.45,fallback,fallback_confidence | low_primary_weight | no_transition_styles,5.2213
mariachi,401,regional_mexican,,0.45,fallback,fallback_confidence | low_primary_weight | no_transition_styles,5.2085
moroccan chaabi,231,,,,,no_family | no_related_styles | no_transition_styles,5.2041
score,228,,,,,no_family | no_related_styles | no_transition_styles,5.1916
beat music,227,,,,,no_family | no_related_styles | no_transition_styles,5.1875
tekno,391,techno,,0.45,fallback,fallback_confidence | low_primary_weight | no_transition_styles,5.1866
rock and roll,1119,rock,,0.45,fallback,fallback_confidence | low_primary_weight,5.1837
indonesian indie,225,,,,,no_family | no_related_styles | no_transition_styles,5.179
chinese indie,222,,,,,no_family | no_related_styles | no_transition_styles,5.1663
dangdut,222,,,,,no_family | no_related_styles | no_transition_styles,5.1663
c-pop,995,pop,world_asian,0.45,fallback,fallback_confidence | low_primary_weight,5.097
ragga,988,caribbean,,0.45,fallback,fallback_confidence | low_primary_weight,5.0918
milan indie,205,,,,,no_family | no_related_styles | no_transition_styles,5.0905
zouk,983,caribbean,,0.45,fallback,fallback_confidence | low_primary_weight,5.0881
british invasion,203,,,,,no_family | no_related_styles | no_transition_styles,5.0812
blue-eyed soul,346,rnb_soul,,0.45,fallback,fallback_confidence | low_primary_weight | no_transition_styles,5.0807
alabama thunderpussy,202,,,,,no_family | no_related_styles | no_transition_styles,5.0765
and clutch. in 2011,202,,,,,no_family | no_related_styles | no_transition_styles,5.0765
damad,202,,,,,no_family | no_related_styles | no_transition_styles,5.0765
early‐2000s underground,202,,,,,no_family | no_related_styles | no_transition_styles,5.0765
fistula,202,,,,,no_family | no_related_styles | no_transition_styles,5.0765
lamb of god,202,,,,,no_family | no_related_styles | no_transition_styles,5.0765
mugwart was a sludge,202,,,,,no_family | no_related_styles | no_transition_styles,5.0765
shifty records (sh09,202,,,,,no_family | no_related_styles | no_transition_styles,5.0765
skate scene,202,,,,,no_family | no_related_styles | no_transition_styles,5.0765
sofa king killer,202,,,,,no_family | no_related_styles | no_transition_styles,5.0765
tdr‐13,202,,,,,no_family | no_related_styles | no_transition_styles,5.0765
virginia beach,202,,,,,no_family | no_related_styles | no_transition_styles,5.0765
future bass,344,bass_music,,0.45,fallback,fallback_confidence | low_primary_weight | no_transition_styles,5.0756
kollywood,341,world_asian,,0.45,fallback,fallback_confidence | low_primary_weight | no_transition_styles,5.0681
orchestral,341,classical,,0.45,fallback,fallback_confidence | low_primary_weight | no_transition_styles,5.0681
aggro berlin,199,,,,,no_family | no_related_styles | no_transition_styles,5.0623
contemporary folk,337,country_folk,,0.45,fallback,fallback_confidence | low_primary_weight | no_transition_styles,5.0578
canzone napoletana,197,,,,,no_family | no_related_styles | no_transition_styles,5.0527
new romantic,196,,,,,no_family | no_related_styles | no_transition_styles,5.0478
guitar,191,,,,,no_family | no_related_styles | no_transition_styles,5.0233
post-disco,191,,,,,no_family | no_related_styles | no_transition_styles,5.0233
industrial,189,,,,,no_family | no_related_styles | no_transition_styles,5.0133
rap maroc,883,hip_hop,,0.45,fallback,fallback_confidence | low_primary_weight,5.009
crossover prog,188,,,,,no_family | no_related_styles | no_transition_styles,5.0082
rif,188,,,,,no_family | no_related_styles | no_transition_styles,5.0082
film score,317,classical,soundtrack_stage,0.45,fallback,fallback_confidence | low_primary_weight | no_transition_styles,5.0049
california,186,,,,,no_family | no_related_styles | no_transition_styles,4.9981
rap marseille,859,hip_hop,,0.45,fallback,fallback_confidence | low_primary_weight,4.9886
ccm,184,,,,,no_family | no_related_styles | no_transition_styles,4.9878
disco polo,184,,,,,no_family | no_related_styles | no_transition_styles,4.9878
merseybeat,184,,,,,no_family | no_related_styles | no_transition_styles,4.9878
aggro,183,,,,,no_family | no_related_styles | no_transition_styles,4.9826
ansage,183,,,,,no_family | no_related_styles | no_transition_styles,4.9826
chanson francaise,182,,,,,no_family | no_related_styles | no_transition_styles,4.9774
singeli,182,,,,,no_family | no_related_styles | no_transition_styles,4.9774
europop,843,pop,,0.45,fallback,fallback_confidence | low_primary_weight,4.9748
big music,178,,,,,no_family | no_related_styles | no_transition_styles,4.9563
gqom,818,african,house,0.45,fallback,fallback_confidence | low_primary_weight,4.9526
sholawat,297,gospel_spiritual,,0.45,fallback,fallback_confidence | low_primary_weight | no_transition_styles,4.9484
cantautor,173,,,,,no_family | no_related_styles | no_transition_styles,4.9292
childrens music,173,,,,,no_family | no_related_styles | no_transition_styles,4.9292
chilean mambo,789,latin_tropical,latin_urban,0.45,fallback,fallback_confidence | low_primary_weight,4.926
fotbollslatar,170,,,,,no_family | no_related_styles | no_transition_styles,4.9126
quiet storm,282,rnb_soul,,0.45,fallback,fallback_confidence | low_primary_weight | no_transition_styles,4.9036
trap argentino,764,hip_hop,,0.45,fallback,fallback_confidence | low_primary_weight,4.9022
adult contemporary,760,pop,,0.45,fallback,fallback_confidence | low_primary_weight,4.8984
pagode,280,brazilian,,0.45,fallback,fallback_confidence | low_primary_weight | no_transition_styles,4.8974
j-rock,758,rock,,0.45,fallback,fallback_confidence | low_primary_weight,4.8964
flamenco,167,,,,,no_family | no_related_styles | no_transition_styles,4.8957
chipmunk soul,278,rnb_soul,,0.45,fallback,fallback_confidence | low_primary_weight | no_transition_styles,4.8912
hindi indie,277,world_asian,,0.45,fallback,fallback_confidence | low_primary_weight | no_transition_styles,4.8881
lofi indie,165,,,,,no_family | no_related_styles | no_transition_styles,4.8842
swedish eurodance,165,,,,,no_family | no_related_styles | no_transition_styles,4.8842
australian indie,164,,,,,no_family | no_related_styles | no_transition_styles,4.8785
motown,273,rnb_soul,,0.45,fallback,fallback_confidence | low_primary_weight | no_transition_styles,4.8755
hard alternative,163,,,,,no_family | no_related_styles | no_transition_styles,4.8727
tropical,730,latin_tropical,,0.45,fallback,fallback_confidence | low_primary_weight,4.8687
dakke dak,162,,,,,no_family | no_related_styles | no_transition_styles,4.8668
funk rj,270,brazilian,,0.45,fallback,fallback_confidence | low_primary_weight | no_transition_styles,4.8659
italo dance,161,,,,,no_family | no_related_styles | no_transition_styles,4.8609
big band,267,jazz_blues,,0.45,fallback,fallback_confidence | low_primary_weight | no_transition_styles,4.8563
boogie,160,,,,,no_family | no_related_styles | no_transition_styles,4.855
new jack swing,266,jazz_blues,rnb_soul,0.45,fallback,fallback_confidence | low_primary_weight | no_transition_styles,4.853
urban contemporary,266,rnb_soul,,0.45,fallback,fallback_confidence | low_primary_weight | no_transition_styles,4.853
latin talent show,159,,,,,no_family | no_related_styles | no_transition_styles,4.8491
tamil dance,264,world_asian,,0.45,fallback,fallback_confidence | low_primary_weight | no_transition_styles,4.8465
germany,158,,,,,no_family | no_related_styles | no_transition_styles,4.8431
synth funk,158,,,,,no_family | no_related_styles | no_transition_styles,4.8431
the lost generation,158,,,,,no_family | no_related_styles | no_transition_styles,4.8431
chillwave,262,electronic,,0.45,fallback,fallback_confidence | low_primary_weight | no_transition_styles,4.8399
concerto,262,classical,,0.45,fallback,fallback_confidence | low_primary_weight | no_transition_styles,4.8399
video game,157,,,,,no_family | no_related_styles | no_transition_styles,4.837
electro latino,261,electronic,,0.45,fallback,fallback_confidence | low_primary_weight | no_transition_styles,4.8366
calypso,698,caribbean,,0.45,fallback,fallback_confidence | low_primary_weight,4.8356
boom bap,691,hip_hop,,0.45,fallback,fallback_confidence | low_primary_weight,4.8282
dub,155,,,,,no_family | no_related_styles | no_transition_styles,4.8249
azonto,687,african,,0.45,fallback,fallback_confidence | low_primary_weight,4.8239
swing,257,jazz_blues,,0.45,fallback,fallback_confidence | low_primary_weight | no_transition_styles,4.8232
post-bop,154,,,,,no_family | no_related_styles | no_transition_styles,4.8187
singers,154,,,,,no_family | no_related_styles | no_transition_styles,4.8187
3 step,677,house,,0.45,fallback,fallback_confidence | low_primary_weight,4.8131
crunk,152,,,,,no_family | no_related_styles | no_transition_styles,4.8063
russian dance,152,,,,,no_family | no_related_styles | no_transition_styles,4.8063
glitch,151,,,,,no_family | no_related_styles | no_transition_styles,4.8001
luk thung,151,,,,,no_family | no_related_styles | no_transition_styles,4.8001
egyptian shaabi,249,middle_eastern,,0.45,fallback,fallback_confidence | low_primary_weight | no_transition_styles,4.7959
mellow gold,150,,,,,no_family | no_related_styles | no_transition_styles,4.7937
taiwanese indie,150,,,,,no_family | no_related_styles | no_transition_styles,4.7937
baroque,248,classical,,0.45,fallback,fallback_confidence | low_primary_weight | no_transition_styles,4.7924
australian dance,149,,,,,no_family | no_related_styles | no_transition_styles,4.7874
basshall,149,,,,,no_family | no_related_styles | no_transition_styles,4.7874
reggea,149,,,,,no_family | no_related_styles | no_transition_styles,4.7874
travis scott,149,,,,,no_family | no_related_styles | no_transition_styles,4.7874
rockabilly,652,rock,,0.45,fallback,fallback_confidence | low_primary_weight,4.7854
tollywood,246,world_asian,,0.45,fallback,fallback_confidence | low_primary_weight | no_transition_styles,4.7854
game,148,,,,,no_family | no_related_styles | no_transition_styles,4.781
vgm,244,soundtrack_stage,,0.45,fallback,fallback_confidence | low_primary_weight | no_transition_styles,4.7783
guitarist,147,,,,,no_family | no_related_styles | no_transition_styles,4.7746
seresta,147,,,,,no_family | no_related_styles | no_transition_styles,4.7746
kuduro,637,caribbean,,0.45,fallback,fallback_confidence | low_primary_weight,4.7682
glam,146,,,,,no_family | no_related_styles | no_transition_styles,4.7681
khaliji,241,middle_eastern,,0.45,fallback,fallback_confidence | low_primary_weight | no_transition_styles,4.7676
hip hop tuga,632,hip_hop,,0.45,fallback,fallback_confidence | low_primary_weight,4.7624
funk ostentacao,144,,,,,no_family | no_related_styles | no_transition_styles,4.755
australia,143,,,,,no_family | no_related_styles | no_transition_styles,4.7484
german dance,143,,,,,no_family | no_related_styles | no_transition_styles,4.7484
liverpool,143,,,,,no_family | no_related_styles | no_transition_styles,4.7484
mbs-333,143,,,,,no_family | no_related_styles | no_transition_styles,4.7484
stomp and holler,143,,,,,no_family | no_related_styles | no_transition_styles,4.7484
ballad,618,pop,,0.45,fallback,fallback_confidence | low_primary_weight,4.7459
k-rap,613,hip_hop,,0.45,fallback,fallback_confidence | low_primary_weight,4.7399
future rave,141,,,,,no_family | no_related_styles | no_transition_styles,4.735
los angeles,141,,,,,no_family | no_related_styles | no_transition_styles,4.735
kompa,608,caribbean,,0.45,fallback,fallback_confidence | low_primary_weight,4.7338
gnawa,140,,,,,no_family | no_related_styles | no_transition_styles,4.7283
noise music,140,,,,,no_family | no_related_styles | no_transition_styles,4.7283
grime,603,hip_hop,,0.45,fallback,fallback_confidence | low_primary_weight,4.7278
cuarteto,602,latin_tropical,,0.45,fallback,fallback_confidence | low_primary_weight,4.7265
australian,139,,,,,no_family | no_related_styles | no_transition_styles,4.7215
psychedelia,139,,,,,no_family | no_related_styles | no_transition_styles,4.7215
candombe,595,latin_tropical,,0.45,fallback,fallback_confidence | low_primary_weight,4.7179
progressive,138,,,,,no_family | no_related_styles | no_transition_styles,4.7146
rock en espanol,588,rock,,0.45,fallback,fallback_confidence | low_primary_weight,4.7092
pinoy r&b,225,rnb_soul,,0.45,fallback,fallback_confidence | low_primary_weight | no_transition_styles,4.7082
ghazal,137,,,,,no_family | no_related_styles | no_transition_styles,4.7077
video game music,137,,,,,no_family | no_related_styles | no_transition_styles,4.7077
funk mtg,224,brazilian,,0.45,fallback,fallback_confidence | low_primary_weight | no_transition_styles,4.7044
complextro,136,,,,,no_family | no_related_styles | no_transition_styles,4.7008
has german audio plays,136,,,,,no_family | no_related_styles | no_transition_styles,4.7008
mpb,222,brazilian,,0.45,fallback,fallback_confidence | low_primary_weight | no_transition_styles,4.6966
beat,135,,,,,no_family | no_related_styles | no_transition_styles,4.6938
indian,135,,,,,no_family | no_related_styles | no_transition_styles,4.6938
death by heart attack,134,,,,,no_family | no_related_styles | no_transition_styles,4.6867
slowcore,134,,,,,no_family | no_related_styles | no_transition_styles,4.6867
visual kei,133,,,,,no_family | no_related_styles | no_transition_styles,4.6796
funk paulista,217,brazilian,,0.45,fallback,fallback_confidence | low_primary_weight | no_transition_styles,4.6769
german composer,132,,,,,no_family | no_related_styles | no_transition_styles,4.6725
phleng phuea chiwit,132,,,,,no_family | no_related_styles | no_transition_styles,4.6725
son cubano,132,,,,,no_family | no_related_styles | no_transition_styles,4.6725
doom,215,metal,,0.45,fallback,fallback_confidence | low_primary_weight | no_transition_styles,4.6689
abbey road,131,,,,,no_family | no_related_styles | no_transition_styles,4.6653
bbc,131,,,,,no_family | no_related_styles | no_transition_styles,4.6653
boys band,131,,,,,no_family | no_related_styles | no_transition_styles,4.6653
british psychedelia,131,,,,,no_family | no_related_styles | no_transition_styles,4.6653
chopped and screwed,131,,,,,no_family | no_related_styles | no_transition_styles,4.6653
europe,131,,,,,no_family | no_related_styles | no_transition_styles,4.6653
get back,131,,,,,no_family | no_related_styles | no_transition_styles,4.6653
indie liguria,131,,,,,no_family | no_related_styles | no_transition_styles,4.6653
one beatles,131,,,,,no_family | no_related_styles | no_transition_styles,4.6653
overrated,131,,,,,no_family | no_related_styles | no_transition_styles,4.6653
the beatles-primal colours,131,,,,,no_family | no_related_styles | no_transition_styles,4.6653
the-beatles,131,,,,,no_family | no_related_styles | no_transition_styles,4.6653
villancicos,131,,,,,no_family | no_related_styles | no_transition_styles,4.6653
alternative country,213,country_folk,,0.45,fallback,fallback_confidence | low_primary_weight | no_transition_styles,4.6608
gengetone,130,,,,,no_family | no_related_styles | no_transition_styles,4.658
korean r&b,212,rnb_soul,,0.45,fallback,fallback_confidence | low_primary_weight | no_transition_styles,4.6568
hard bop,129,,,,,no_family | no_related_styles | no_transition_styles,4.6507
asian,128,,,,,no_family | no_related_styles | no_transition_styles,4.6433
vietnamese lo-fi,128,,,,,no_family | no_related_styles | no_transition_styles,4.6433
+usa (new york:manhatten,127,,,,,no_family | no_related_styles | no_transition_styles,4.6359
next,127,,,,,no_family | no_related_styles | no_transition_styles,4.6359
seattle,127,,,,,no_family | no_related_styles | no_transition_styles,4.6359
dutch,126,,,,,no_family | no_related_styles | no_transition_styles,4.6284
harana,126,,,,,no_family | no_related_styles | no_transition_styles,4.6284
mollywood,126,,,,,no_family | no_related_styles | no_transition_styles,4.6284
post-hardcore,205,metal,,0.45,fallback,fallback_confidence | low_primary_weight | no_transition_styles,4.6277
canadian contemporary r & b,125,,,,,no_family | no_related_styles | no_transition_styles,4.6208
gaana,125,,,,,no_family | no_related_styles | no_transition_styles,4.6208
uk funky,125,,,,,no_family | no_related_styles | no_transition_styles,4.6208
phonk,521,hip_hop,,0.45,fallback,fallback_confidence | low_primary_weight,4.62
arabic,203,middle_eastern,,0.45,fallback,fallback_confidence | low_primary_weight | no_transition_styles,4.6193
country road,203,country_folk,,0.45,fallback,fallback_confidence | low_primary_weight | no_transition_styles,4.6193
entehno,203,middle_eastern,,0.45,fallback,fallback_confidence | low_primary_weight | no_transition_styles,4.6193
rkt,520,latin_urban,,0.45,fallback,fallback_confidence | low_primary_weight,4.6186
idm,202,electronic,,0.45,fallback,fallback_confidence | low_primary_weight | no_transition_styles,4.615
southern thai music,124,,,,,no_family | no_related_styles | no_transition_styles,4.6132
post grunge,511,rock,,0.45,fallback,fallback_confidence | low_primary_weight,4.6058
jam band,123,,,,,no_family | no_related_styles | no_transition_styles,4.6055
japanese,123,,,,,no_family | no_related_styles | no_transition_styles,4.6055
trap funk,508,hip_hop,,0.45,fallback,fallback_confidence | low_primary_weight,4.6014
austrian composer,122,,,,,no_family | no_related_styles | no_transition_styles,4.5978
neomelodico,122,,,,,no_family | no_related_styles | no_transition_styles,4.5978
trap triste,496,hip_hop,,0.45,fallback,fallback_confidence | low_primary_weight,4.5838
shatta,495,caribbean,,0.45,fallback,fallback_confidence | low_primary_weight,4.5823
gujarati garba,120,,,,,no_family | no_related_styles | no_transition_styles,4.5821
pinoy indie,120,,,,,no_family | no_related_styles | no_transition_styles,4.5821
romanian,120,,,,,no_family | no_related_styles | no_transition_styles,4.5821
pop nacional,491,pop,,0.45,fallback,fallback_confidence | low_primary_weight,4.5763
qawwali,193,middle_eastern,,0.45,fallback,fallback_confidence | low_primary_weight | no_transition_styles,4.5756
ag4,119,,,,,no_family | no_related_styles | no_transition_styles,4.5742
show tunes,119,,,,,no_family | no_related_styles | no_transition_styles,4.5742
hiplife,489,african,,0.45,fallback,fallback_confidence | low_primary_weight,4.5733
rap dominicano,486,hip_hop,,0.45,fallback,fallback_confidence | low_primary_weight,4.5688
pagode baiano,191,brazilian,,0.45,fallback,fallback_confidence | low_primary_weight | no_transition_styles,4.5666
russian drain,191,middle_eastern,,0.45,fallback,fallback_confidence | low_primary_weight | no_transition_styles,4.5666
musica tocantinense,118,,,,,no_family | no_related_styles | no_transition_styles,4.5662
to clean up,118,,,,,no_family | no_related_styles | no_transition_styles,4.5662
vyrzukhisuc-artiest,118,,,,,no_family | no_related_styles | no_transition_styles,4.5662
bolero,484,latin_tropical,,0.45,fallback,fallback_confidence | low_primary_weight,4.5658
bhajan,117,,,,,no_family | no_related_styles | no_transition_styles,4.5581
soukous,117,,,,,no_family | no_related_styles | no_transition_styles,4.5581
gradually watermelon,116,,,,,no_family | no_related_styles | no_transition_styles,4.55
indian instrumental,116,,,,,no_family | no_related_styles | no_transition_styles,4.55
brostep,187,bass_music,,0.45,fallback,fallback_confidence | low_primary_weight | no_transition_styles,4.5483
brass band,115,,,,,no_family | no_related_styles | no_transition_styles,4.5418
indonesian r & b,115,,,,,no_family | no_related_styles | no_transition_styles,4.5418
nature sounds,115,,,,,no_family | no_related_styles | no_transition_styles,4.5418
rap napoletano,467,hip_hop,,0.45,fallback,fallback_confidence | low_primary_weight,4.5394
rap us,466,hip_hop,,0.45,fallback,fallback_confidence | low_primary_weight,4.5378
crossover,114,,,,,no_family | no_related_styles | no_transition_styles,4.5335
britpop,462,pop,rock,0.45,fallback,fallback_confidence | low_primary_weight,4.5315
country dreams,183,country_folk,,0.45,fallback,fallback_confidence | low_primary_weight | no_transition_styles,4.5296
emo,459,rock,,0.45,fallback,fallback_confidence | low_primary_weight,4.5267
mexican,113,,,,,no_family | no_related_styles | no_transition_styles,4.5252
producteur,113,,,,,no_family | no_related_styles | no_transition_styles,4.5252
world fusion,113,,,,,no_family | no_related_styles | no_transition_styles,4.5252
bossa nova,181,jazz_blues,,0.45,fallback,fallback_confidence | low_primary_weight | no_transition_styles,4.5201
as jailed,112,,,,,no_family | no_related_styles | no_transition_styles,4.5168
death by drug overdose,112,,,,,no_family | no_related_styles | no_transition_styles,4.5168
lil wayne,112,,,,,no_family | no_related_styles | no_transition_styles,4.5168
melodic,112,,,,,no_family | no_related_styles | no_transition_styles,4.5168
symphony,112,,,,,no_family | no_related_styles | no_transition_styles,4.5168
r&b en espanol,180,rnb_soul,,0.45,fallback,fallback_confidence | low_primary_weight | no_transition_styles,4.5154
egyptian alternative,111,,,,,no_family | no_related_styles | no_transition_styles,4.5083
neo-psychedelic,111,,,,,no_family | no_related_styles | no_transition_styles,4.5083
brega,177,brazilian,,0.45,fallback,fallback_confidence | low_primary_weight | no_transition_styles,4.5008
smooth soul,177,rnb_soul,,0.45,fallback,fallback_confidence | low_primary_weight | no_transition_styles,4.5008
lustrum,110,,,,,no_family | no_related_styles | no_transition_styles,4.4997
dark r & b,109,,,,,no_family | no_related_styles | no_transition_styles,4.4911
lullaby,109,,,,,no_family | no_related_styles | no_transition_styles,4.4911
norwegian,109,,,,,no_family | no_related_styles | no_transition_styles,4.4911
electroclash,174,electronic,,0.45,fallback,fallback_confidence | low_primary_weight | no_transition_styles,4.4861
coupe decale,434,african,,0.45,fallback,fallback_confidence | low_primary_weight,4.4854
contemporary rnb,108,,,,,no_family | no_related_styles | no_transition_styles,4.4823
detroit,108,,,,,no_family | no_related_styles | no_transition_styles,4.4823
michael-jackson,108,,,,,no_family | no_related_styles | no_transition_styles,4.4823
polish,108,,,,,no_family | no_related_styles | no_transition_styles,4.4823
rumba congolaise,431,african,,0.45,fallback,fallback_confidence | low_primary_weight,4.4803
classic soul,172,rnb_soul,,0.45,fallback,fallback_confidence | low_primary_weight | no_transition_styles,4.4761
turbo folk,172,country_folk,,0.45,fallback,fallback_confidence | low_primary_weight | no_transition_styles,4.4761
austrian,107,,,,,no_family | no_related_styles | no_transition_styles,4.4735
bassline,107,,,,,no_family | no_related_styles | no_transition_styles,4.4735
want to listen,107,,,,,no_family | no_related_styles | no_transition_styles,4.4735
pop urbano,425,pop,,0.45,fallback,fallback_confidence | low_primary_weight,4.47
dubstep,170,bass_music,,0.45,fallback,fallback_confidence | low_primary_weight | no_transition_styles,4.466
actors,106,,,,,no_family | no_related_styles | no_transition_styles,4.4646
drone,106,,,,,no_family | no_related_styles | no_transition_styles,4.4646
eletronic,106,,,,,no_family | no_related_styles | no_transition_styles,4.4646
female vocal,106,,,,,no_family | no_related_styles | no_transition_styles,4.4646
zhongguo feng,106,,,,,no_family | no_related_styles | no_transition_styles,4.4646
metalcore,169,metal,,0.45,fallback,fallback_confidence | low_primary_weight | no_transition_styles,4.4609
japanese singer-songwriter,168,country_folk,,0.45,fallback,fallback_confidence | low_primary_weight | no_transition_styles,4.4558
gufeng,105,,,,,no_family | no_related_styles | no_transition_styles,4.4557
trap soul,413,hip_hop,rnb_soul,0.45,fallback,fallback_confidence | low_primary_weight,4.4489
energetic,104,,,,,no_family | no_related_styles | no_transition_styles,4.4466
epic,103,,,,,no_family | no_related_styles | no_transition_styles,4.4375
honky-tonk,103,,,,,no_family | no_related_styles | no_transition_styles,4.4375
madchester,103,,,,,no_family | no_related_styles | no_transition_styles,4.4375
contemporary christian,164,gospel_spiritual,,0.45,fallback,fallback_confidence | low_primary_weight | no_transition_styles,4.435
musicals,164,soundtrack_stage,,0.45,fallback,fallback_confidence | low_primary_weight | no_transition_styles,4.435
3rd gen k-pop,405,pop,world_asian,0.45,fallback,fallback_confidence | low_primary_weight,4.4345
grunge,404,rock,,0.45,fallback,fallback_confidence | low_primary_weight,4.4327
hypertechno,163,techno,,0.45,fallback,fallback_confidence | low_primary_weight | no_transition_styles,4.4297
eminem,102,,,,,no_family | no_related_styles | no_transition_styles,4.4282
romanian singer,102,,,,,no_family | no_related_styles | no_transition_styles,4.4282
brega funk,161,brazilian,,0.45,fallback,fallback_confidence | low_primary_weight | no_transition_styles,4.419
colombia,101,,,,,no_family | no_related_styles | no_transition_styles,4.4189
dirty south,101,,,,,no_family | no_related_styles | no_transition_styles,4.4189
latin r & b,101,,,,,no_family | no_related_styles | no_transition_styles,4.4189
timba,101,,,,,no_family | no_related_styles | no_transition_styles,4.4189
8 mile,100,,,,,no_family | no_related_styles | no_transition_styles,4.4095
bongo piano,100,,,,,no_family | no_related_styles | no_transition_styles,4.4095
detroit hip-hop,100,,,,,no_family | no_related_styles | no_transition_styles,4.4095
kun,100,,,,,no_family | no_related_styles | no_transition_styles,4.4095
midwest hip-hop,100,,,,,no_family | no_related_styles | no_transition_styles,4.4095
v,100,,,,,no_family | no_related_styles | no_transition_styles,4.4095
trap boricua,391,hip_hop,,0.45,fallback,fallback_confidence | low_primary_weight,4.4086
actor,99,,,,,no_family | no_related_styles | no_transition_styles,4.4
celtic,99,,,,,no_family | no_related_styles | no_transition_styles,4.4
symphonic prog,99,,,,,no_family | no_related_styles | no_transition_styles,4.4
west coast hip-hop,99,,,,,no_family | no_related_styles | no_transition_styles,4.4
death by suicide,98,,,,,no_family | no_related_styles | no_transition_styles,4.3904
icelandic indie,98,,,,,no_family | no_related_styles | no_transition_styles,4.3904
lithuanian indie,98,,,,,no_family | no_related_styles | no_transition_styles,4.3904
oyun havasi,98,,,,,no_family | no_related_styles | no_transition_styles,4.3904
television music,98,,,,,no_family | no_related_styles | no_transition_styles,4.3904
complete,97,,,,,no_family | no_related_styles | no_transition_styles,4.3807
sonata,97,,,,,no_family | no_related_styles | no_transition_styles,4.3807
talentkonkurranse,97,,,,,no_family | no_related_styles | no_transition_styles,4.3807
magyar alternative,96,,,,,no_family | no_related_styles | no_transition_styles,4.3709
nova mpb,152,brazilian,,0.45,fallback,fallback_confidence | low_primary_weight | no_transition_styles,4.3694
aor,370,rock,,0.45,fallback,fallback_confidence | low_primary_weight,4.3679
kundiman,95,,,,,no_family | no_related_styles | no_transition_styles,4.361
ratchet music,95,,,,,no_family | no_related_styles | no_transition_styles,4.361
hk-pop,364,pop,world_asian,0.45,fallback,fallback_confidence | low_primary_weight,4.3559
colombian,94,,,,,no_family | no_related_styles | no_transition_styles,4.351
schlagerparty,94,,,,,no_family | no_related_styles | no_transition_styles,4.351
rap ivoire,360,hip_hop,,0.45,fallback,fallback_confidence | low_primary_weight,4.3478
drill francais,359,hip_hop,,0.45,fallback,fallback_confidence | low_primary_weight,4.3457
spoken word,93,,,,,no_family | no_related_styles | no_transition_styles,4.3409
vocal,93,,,,,no_family | no_related_styles | no_transition_styles,4.3409
cloud rap francais,349,hip_hop,,0.45,fallback,fallback_confidence | low_primary_weight,4.3249
g-funk,349,hip_hop,,0.45,fallback,fallback_confidence | low_primary_weight,4.3249
hong kong indie,91,,,,,no_family | no_related_styles | no_transition_styles,4.3203
n,91,,,,,no_family | no_related_styles | no_transition_styles,4.3203
conductor,90,,,,,no_family | no_related_styles | no_transition_styles,4.3099
noise,90,,,,,no_family | no_related_styles | no_transition_styles,4.3099
psychedelic folk,141,country_folk,,0.45,fallback,fallback_confidence | low_primary_weight | no_transition_styles,4.3046
metropopolis,338,pop,,0.45,fallback,fallback_confidence | low_primary_weight,4.3013
atlantico,89,,,,,no_family | no_related_styles | no_transition_styles,4.2993
avant-garde,89,,,,,no_family | no_related_styles | no_transition_styles,4.2993
barranquilla,89,,,,,no_family | no_related_styles | no_transition_styles,4.2993
bay area,89,,,,,no_family | no_related_styles | no_transition_styles,4.2993
chapel,89,,,,,no_family | no_related_styles | no_transition_styles,4.2993
soundtracks,140,soundtrack_stage,,0.45,fallback,fallback_confidence | low_primary_weight | no_transition_styles,4.2984
jazz fusion,139,jazz_blues,,0.45,fallback,fallback_confidence | low_primary_weight | no_transition_styles,4.2923
vietnamese singer-songwriter,139,country_folk,,0.45,fallback,fallback_confidence | low_primary_weight | no_transition_styles,4.2923
a cappella,88,,,,,no_family | no_related_styles | no_transition_styles,4.2887
bridge,88,,,,,no_family | no_related_styles | no_transition_styles,4.2887
christmas singles,88,,,,,no_family | no_related_styles | no_transition_styles,4.2887
german r & b,88,,,,,no_family | no_related_styles | no_transition_styles,4.2887
immortality,88,,,,,no_family | no_related_styles | no_transition_styles,4.2887
nwobhm,88,,,,,no_family | no_related_styles | no_transition_styles,4.2887
romantic,88,,,,,no_family | no_related_styles | no_transition_styles,4.2887
synthwave,88,,,,,no_family | no_related_styles | no_transition_styles,4.2887
twenty,88,,,,,no_family | no_related_styles | no_transition_styles,4.2887
hyperpop,331,pop,,0.45,fallback,fallback_confidence | low_primary_weight,4.2859
berlin,87,,,,,no_family | no_related_styles | no_transition_styles,4.2779
bulgarian,86,,,,,no_family | no_related_styles | no_transition_styles,4.2669
cousin in trinidad wont get the vaccine,86,,,,,no_family | no_related_styles | no_transition_styles,4.2669
jersey club,86,,,,,no_family | no_related_styles | no_transition_styles,4.2669
new rave,86,,,,,no_family | no_related_styles | no_transition_styles,4.2669
trip-hop,86,,,,,no_family | no_related_styles | no_transition_styles,4.2669
axe,85,,,,,no_family | no_related_styles | no_transition_styles,4.2559
barcadi,85,,,,,no_family | no_related_styles | no_transition_styles,4.2559
deconstructed club,85,,,,,no_family | no_related_styles | no_transition_styles,4.2559
norwegian indie,85,,,,,no_family | no_related_styles | no_transition_styles,4.2559
outlaw country,133,country_folk,,0.45,fallback,fallback_confidence | low_primary_weight | no_transition_styles,4.2542
belgian edm,132,electronic,,0.45,fallback,fallback_confidence | low_primary_weight | no_transition_styles,4.2477
death by knife,84,,,,,no_family | no_related_styles | no_transition_styles,4.2447
melbourne bounce,84,,,,,no_family | no_related_styles | no_transition_styles,4.2447
theatre,84,,,,,no_family | no_related_styles | no_transition_styles,4.2447
bacardi,312,house,,0.45,fallback,fallback_confidence | low_primary_weight,4.2424
latin american,83,,,,,no_family | no_related_styles | no_transition_styles,4.2334
nature,83,,,,,no_family | no_related_styles | no_transition_styles,4.2334
norsk,83,,,,,no_family | no_related_styles | no_transition_styles,4.2334
urbano mexicano,83,,,,,no_family | no_related_styles | no_transition_styles,4.2334
champeta,82,,,,,no_family | no_related_styles | no_transition_styles,4.222
death by gun,82,,,,,no_family | no_related_styles | no_transition_styles,4.222
favourite,82,,,,,no_family | no_related_styles | no_transition_styles,4.222
japanese indie,82,,,,,no_family | no_related_styles | no_transition_styles,4.222
video,82,,,,,no_family | no_related_styles | no_transition_styles,4.222
nederpop,299,pop,,0.45,fallback,fallback_confidence | low_primary_weight,4.2111
alphaville,81,,,,,no_family | no_related_styles | no_transition_styles,4.2104
euro-dance,81,,,,,no_family | no_related_styles | no_transition_styles,4.2104
italo disco,81,,,,,no_family | no_related_styles | no_transition_styles,4.2104
pluggnb,81,,,,,no_family | no_related_styles | no_transition_styles,4.2104
indonesian singer-songwriter,126,country_folk,,0.45,fallback,fallback_confidence | low_primary_weight | no_transition_styles,4.2076
guaracha,294,latin_tropical,,0.45,fallback,fallback_confidence | low_primary_weight,4.1987
anitta,80,,,,,no_family | no_related_styles | no_transition_styles,4.1987
escape room,80,,,,,no_family | no_related_styles | no_transition_styles,4.1987
greek,80,,,,,no_family | no_related_styles | no_transition_styles,4.1987
kleinkunst,80,,,,,no_family | no_related_styles | no_transition_styles,4.1987
national folk,124,country_folk,,0.45,fallback,fallback_confidence | low_primary_weight | no_transition_styles,4.1938
belly dance,79,,,,,no_family | no_related_styles | no_transition_styles,4.1868
funkot,79,,,,,no_family | no_related_styles | no_transition_styles,4.1868
honky tonk,79,,,,,no_family | no_related_styles | no_transition_styles,4.1868
lagu timur,79,,,,,no_family | no_related_styles | no_transition_styles,4.1868
mass,79,,,,,no_family | no_related_styles | no_transition_styles,4.1868
non-music,79,,,,,no_family | no_related_styles | no_transition_styles,4.1868
bongo flava,288,african,,0.45,fallback,fallback_confidence | low_primary_weight,4.1835
cadbury sisters,78,,,,,no_family | no_related_styles | no_transition_styles,4.1748
contemporary r b,78,,,,,no_family | no_related_styles | no_transition_styles,4.1748
do not merge,78,,,,,no_family | no_related_styles | no_transition_styles,4.1748
eclectic,78,,,,,no_family | no_related_styles | no_transition_styles,4.1748
finnish indie,78,,,,,no_family | no_related_styles | no_transition_styles,4.1748
needs merging,78,,,,,no_family | no_related_styles | no_transition_styles,4.1748
sound ideas 6000 aviation 2,78,,,,,no_family | no_related_styles | no_transition_styles,4.1748
why has this not been merged yet,78,,,,,no_family | no_related_styles | no_transition_styles,4.1748
p-pop,284,pop,,0.45,fallback,fallback_confidence | low_primary_weight,4.1732
turreo,282,latin_urban,,0.45,fallback,fallback_confidence | low_primary_weight,4.168
breakbeat,120,bass_music,,0.45,fallback,fallback_confidence | low_primary_weight | no_transition_styles,4.1656
dutch edm,120,electronic,,0.45,fallback,fallback_confidence | low_primary_weight | no_transition_styles,4.1656
khaleeji iraqi,120,middle_eastern,,0.45,fallback,fallback_confidence | low_primary_weight | no_transition_styles,4.1656
ar-rahman,77,,,,,no_family | no_related_styles | no_transition_styles,4.1626
cham cham,77,,,,,no_family | no_related_styles | no_transition_styles,4.1626
clean up,77,,,,,no_family | no_related_styles | no_transition_styles,4.1626
composition,77,,,,,no_family | no_related_styles | no_transition_styles,4.1626
female vocalists,77,,,,,no_family | no_related_styles | no_transition_styles,4.1626
hi-nrg,77,,,,,no_family | no_related_styles | no_transition_styles,4.1626
huayno,77,,,,,no_family | no_related_styles | no_transition_styles,4.1626
lame,77,,,,,no_family | no_related_styles | no_transition_styles,4.1626
lil baby,77,,,,,no_family | no_related_styles | no_transition_styles,4.1626
sapes comme jamais,77,,,,,no_family | no_related_styles | no_transition_styles,4.1626
sheilat,77,,,,,no_family | no_related_styles | no_transition_styles,4.1626
sober,77,,,,,no_family | no_related_styles | no_transition_styles,4.1626
latin ballad,279,pop,,0.45,fallback,fallback_confidence | low_primary_weight,4.1602
indie soul,118,rnb_soul,,0.45,fallback,fallback_confidence | low_primary_weight | no_transition_styles,4.1511
classic iskelma,76,,,,,no_family | no_related_styles | no_transition_styles,4.1503
neo-soul,117,rnb_soul,,0.45,fallback,fallback_confidence | low_primary_weight | no_transition_styles,4.1438
bootleg,75,,,,,no_family | no_related_styles | no_transition_styles,4.1378
lo-fi beats,75,,,,,no_family | no_related_styles | no_transition_styles,4.1378
poland,75,,,,,no_family | no_related_styles | no_transition_styles,4.1378
requiem,75,,,,,no_family | no_related_styles | no_transition_styles,4.1378
sierreno-banda,116,regional_mexican,,0.45,fallback,fallback_confidence | low_primary_weight | no_transition_styles,4.1364
vinahouse,269,house,,0.45,fallback,fallback_confidence | low_primary_weight,4.1333
trap brasileiro,267,hip_hop,,0.45,fallback,fallback_confidence | low_primary_weight,4.1278
barbade,74,,,,,no_family | no_related_styles | no_transition_styles,4.1251
barbadian,74,,,,,no_family | no_related_styles | no_transition_styles,4.1251
barbadien,74,,,,,no_family | no_related_styles | no_transition_styles,4.1251
barbados,74,,,,,no_family | no_related_styles | no_transition_styles,4.1251
c'etait mieux avant,74,,,,,no_family | no_related_styles | no_transition_styles,4.1251
campirano,74,,,,,no_family | no_related_styles | no_transition_styles,4.1251
piano,74,,,,,no_family | no_related_styles | no_transition_styles,4.1251
rehab,74,,,,,no_family | no_related_styles | no_transition_styles,4.1251
rihanna,74,,,,,no_family | no_related_styles | no_transition_styles,4.1251
swedish,74,,,,,no_family | no_related_styles | no_transition_styles,4.1251
alt-country,114,country_folk,,0.45,fallback,fallback_confidence | low_primary_weight | no_transition_styles,4.1214
rap genovese,263,hip_hop,,0.45,fallback,fallback_confidence | low_primary_weight,4.1167
sophisti-pop,263,pop,,0.45,fallback,fallback_confidence | low_primary_weight,4.1167
turkish singer-songwriter,113,country_folk,,0.45,fallback,fallback_confidence | low_primary_weight | no_transition_styles,4.1138
20th century,73,,,,,no_family | no_related_styles | no_transition_styles,4.1123
acoustic,73,,,,,no_family | no_related_styles | no_transition_styles,4.1123
gabber,73,,,,,no_family | no_related_styles | no_transition_styles,4.1123
political,73,,,,,no_family | no_related_styles | no_transition_styles,4.1123
writer,73,,,,,no_family | no_related_styles | no_transition_styles,4.1123
つんく♂フロテュース,73,,,,,no_family | no_related_styles | no_transition_styles,4.1123
techengue,261,latin_urban,,0.45,fallback,fallback_confidence | low_primary_weight,4.1111
popular colombian music,260,pop,,0.45,fallback,fallback_confidence | low_primary_weight,4.1083
arrochadeira,112,brazilian,,0.45,fallback,fallback_confidence | low_primary_weight | no_transition_styles,4.1062
rap belge,258,hip_hop,,0.45,fallback,fallback_confidence | low_primary_weight,4.1026
ascanio in alba,72,,,,,no_family | no_related_styles | no_transition_styles,4.0993
bikutsi,72,,,,,no_family | no_related_styles | no_transition_styles,4.0993
chinese,72,,,,,no_family | no_related_styles | no_transition_styles,4.0993
complete mozart edition,72,,,,,no_family | no_related_styles | no_transition_styles,4.0993
dj,72,,,,,no_family | no_related_styles | no_transition_styles,4.0993
film,72,,,,,no_family | no_related_styles | no_transition_styles,4.0993
gould,72,,,,,no_family | no_related_styles | no_transition_styles,4.0993
jamaican,72,,,,,no_family | no_related_styles | no_transition_styles,4.0993
karl ristenpart,72,,,,,no_family | no_related_styles | no_transition_styles,4.0993
late symphonies,72,,,,,no_family | no_related_styles | no_transition_styles,4.0993
melancholic,72,,,,,no_family | no_related_styles | no_transition_styles,4.0993
not acoustic,72,,,,,no_family | no_related_styles | no_transition_styles,4.0993
not aggressive,72,,,,,no_family | no_related_styles | no_transition_styles,4.0993
not sad,72,,,,,no_family | no_related_styles | no_transition_styles,4.0993
rothenberger,72,,,,,no_family | no_related_styles | no_transition_styles,4.0993
series-mozart-complete works-philips,72,,,,,no_family | no_related_styles | no_transition_styles,4.0993
volume 15,72,,,,,no_family | no_related_styles | no_transition_styles,4.0993
4th gen k-pop,256,pop,world_asian,0.45,fallback,fallback_confidence | low_primary_weight,4.0969
aussietronica,71,,,,,no_family | no_related_styles | no_transition_styles,4.0861
doujin,71,,,,,no_family | no_related_styles | no_transition_styles,4.0861
eurovision,71,,,,,no_family | no_related_styles | no_transition_styles,4.0861
hollands,71,,,,,no_family | no_related_styles | no_transition_styles,4.0861
nederlandse hardstyle,71,,,,,no_family | no_related_styles | no_transition_styles,4.0861
new zealand,71,,,,,no_family | no_related_styles | no_transition_styles,4.0861
oxford,71,,,,,no_family | no_related_styles | no_transition_styles,4.0861
plena uruguaya,71,,,,,no_family | no_related_styles | no_transition_styles,4.0861
plugg,71,,,,,no_family | no_related_styles | no_transition_styles,4.0861
polka,71,,,,,no_family | no_related_styles | no_transition_styles,4.0861
post-industrial,71,,,,,no_family | no_related_styles | no_transition_styles,4.0861
r & b italiano,71,,,,,no_family | no_related_styles | no_transition_styles,4.0861
frauenrap,252,hip_hop,,0.45,fallback,fallback_confidence | low_primary_weight,4.0853
maskandi,252,african,,0.45,fallback,fallback_confidence | low_primary_weight,4.0853
electro-disco,109,electronic,,0.45,fallback,fallback_confidence | low_primary_weight | no_transition_styles,4.0828
southern soul,108,rnb_soul,,0.45,fallback,fallback_confidence | low_primary_weight | no_transition_styles,4.0749
cantata,70,,,,,no_family | no_related_styles | no_transition_styles,4.0728
fictional,70,,,,,no_family | no_related_styles | no_transition_styles,4.0728
j-division,70,,,,,no_family | no_related_styles | no_transition_styles,4.0728
screamo,70,,,,,no_family | no_related_styles | no_transition_styles,4.0728
yolandita monge,70,,,,,no_family | no_related_styles | no_transition_styles,4.0728
neoperreo,244,latin_urban,,0.45,fallback,fallback_confidence | low_primary_weight,4.0616
pop argentino,244,pop,,0.45,fallback,fallback_confidence | low_primary_weight,4.0616
alliteration,69,,,,,no_family | no_related_styles | no_transition_styles,4.0592
arranger,69,,,,,no_family | no_related_styles | no_transition_styles,4.0592
australien,69,,,,,no_family | no_related_styles | no_transition_styles,4.0592
bebop,69,,,,,no_family | no_related_styles | no_transition_styles,4.0592
bubblegum bass,69,,,,,no_family | no_related_styles | no_transition_styles,4.0592
funktronica,69,,,,,no_family | no_related_styles | no_transition_styles,4.0592
hardstyle,69,,,,,no_family | no_related_styles | no_transition_styles,4.0592
horror,69,,,,,no_family | no_related_styles | no_transition_styles,4.0592
mundart,69,,,,,no_family | no_related_styles | no_transition_styles,4.0592
roxette,69,,,,,no_family | no_related_styles | no_transition_styles,4.0592
the greatest,69,,,,,no_family | no_related_styles | no_transition_styles,4.0592
ndombolo,239,african,,0.45,fallback,fallback_confidence | low_primary_weight,4.0464
dylan bootleg series,68,,,,,no_family | no_related_styles | no_transition_styles,4.0455
greenwich village scene,68,,,,,no_family | no_related_styles | no_transition_styles,4.0455
lagu jawa,68,,,,,no_family | no_related_styles | no_transition_styles,4.0455
lolicore,68,,,,,no_family | no_related_styles | no_transition_styles,4.0455
new grave,68,,,,,no_family | no_related_styles | no_transition_styles,4.0455
nude,68,,,,,no_family | no_related_styles | no_transition_styles,4.0455
pc music,68,,,,,no_family | no_related_styles | no_transition_styles,4.0455
pledging my time,68,,,,,no_family | no_related_styles | no_transition_styles,4.0455
polish alternative,68,,,,,no_family | no_related_styles | no_transition_styles,4.0455
rare,68,,,,,no_family | no_related_styles | no_transition_styles,4.0455
sacred cows,68,,,,,no_family | no_related_styles | no_transition_styles,4.0455
siple twist of fate,68,,,,,no_family | no_related_styles | no_transition_styles,4.0455
teater konsert,68,,,,,no_family | no_related_styles | no_transition_styles,4.0455
chicha,238,latin_tropical,,0.45,fallback,fallback_confidence | low_primary_weight,4.0433
scandipop,236,pop,,0.45,fallback,fallback_confidence | low_primary_weight,4.0371
rage,235,hip_hop,,0.45,fallback,fallback_confidence | low_primary_weight,4.034
best,67,,,,,no_family | no_related_styles | no_transition_styles,4.0315
birmingham,67,,,,,no_family | no_related_styles | no_transition_styles,4.0315
dancefloor dnb,67,,,,,no_family | no_related_styles | no_transition_styles,4.0315
dutch indie,67,,,,,no_family | no_related_styles | no_transition_styles,4.0315
hyphy,67,,,,,no_family | no_related_styles | no_transition_styles,4.0315
mexican indie,67,,,,,no_family | no_related_styles | no_transition_styles,4.0315
mexico,67,,,,,no_family | no_related_styles | no_transition_styles,4.0315
rhythmic,67,,,,,no_family | no_related_styles | no_transition_styles,4.0315
italian singer-songwriter,102,country_folk,,0.45,fallback,fallback_confidence | low_primary_weight | no_transition_styles,4.0257
hello project,66,,,,,no_family | no_related_styles | no_transition_styles,4.0174
irish,66,,,,,no_family | no_related_styles | no_transition_styles,4.0174
latin indie,66,,,,,no_family | no_related_styles | no_transition_styles,4.0174
organist,66,,,,,no_family | no_related_styles | no_transition_styles,4.0174
tryt,66,,,,,no_family | no_related_styles | no_transition_styles,4.0174
classical period,101,classical,,0.45,fallback,fallback_confidence | low_primary_weight | no_transition_styles,4.0172
latin dance,65,,,,,no_family | no_related_styles | no_transition_styles,4.003
texas,65,,,,,no_family | no_related_styles | no_transition_styles,4.003
british soul,99,rnb_soul,,0.45,fallback,fallback_confidence | low_primary_weight | no_transition_styles,4.0
pagode novo,99,brazilian,,0.45,fallback,fallback_confidence | low_primary_weight | no_transition_styles,4.0
pop reggaeton,223,caribbean,latin_urban | pop,0.45,fallback,fallback_confidence | low_primary_weight,3.9954
afrogospel,98,gospel_spiritual,,0.45,fallback,fallback_confidence | low_primary_weight | no_transition_styles,3.9913
shaabi,98,middle_eastern,,0.45,fallback,fallback_confidence | low_primary_weight | no_transition_styles,3.9913
afrikaans,64,,,,,no_family | no_related_styles | no_transition_styles,3.9884
australie,64,,,,,no_family | no_related_styles | no_transition_styles,3.9884
batak,64,,,,,no_family | no_related_styles | no_transition_styles,3.9884
darkwave,64,,,,,no_family | no_related_styles | no_transition_styles,3.9884
edit,64,,,,,no_family | no_related_styles | no_transition_styles,3.9884
funk de bh,64,,,,,no_family | no_related_styles | no_transition_styles,3.9884
girlpower,64,,,,,no_family | no_related_styles | no_transition_styles,3.9884
on writing,64,,,,,no_family | no_related_styles | no_transition_styles,3.9884
tekk,64,,,,,no_family | no_related_styles | no_transition_styles,3.9884
uk contemporary r & b,64,,,,,no_family | no_related_styles | no_transition_styles,3.9884
melodic metalcore,97,metal,,0.45,fallback,fallback_confidence | low_primary_weight | no_transition_styles,3.9825
britney spears,63,,,,,no_family | no_related_styles | no_transition_styles,3.9736
edge of glory,63,,,,,no_family | no_related_styles | no_transition_styles,3.9736
gata rahe mera dil,63,,,,,no_family | no_related_styles | no_transition_styles,3.9736
neue deutsche welle,63,,,,,no_family | no_related_styles | no_transition_styles,3.9736
saxx dreams,63,,,,,no_family | no_related_styles | no_transition_styles,3.9736
scandinavian r & b,63,,,,,no_family | no_related_styles | no_transition_styles,3.9736
the fame,63,,,,,no_family | no_related_styles | no_transition_styles,3.9736
vocaloid,63,,,,,no_family | no_related_styles | no_transition_styles,3.9736
nu-metal,96,metal,,0.45,fallback,fallback_confidence | low_primary_weight | no_transition_styles,3.9735
trap tuga,216,hip_hop,,0.45,fallback,fallback_confidence | low_primary_weight,3.972
dark ambient,95,electronic,,0.45,fallback,fallback_confidence | low_primary_weight | no_transition_styles,3.9645
bubblegum dance,62,,,,,no_family | no_related_styles | no_transition_styles,3.9585
dansband,62,,,,,no_family | no_related_styles | no_transition_styles,3.9585
nashville sound,62,,,,,no_family | no_related_styles | no_transition_styles,3.9585
punta,62,,,,,no_family | no_related_styles | no_transition_styles,3.9585
k-ballad,212,pop,,0.45,fallback,fallback_confidence | low_primary_weight,3.9582
rap latina,209,hip_hop,,0.45,fallback,fallback_confidence | low_primary_weight,3.9478
big beat,61,,,,,no_family | no_related_styles | no_transition_styles,3.9433
chill,61,,,,,no_family | no_related_styles | no_transition_styles,3.9433
girl crush,61,,,,,no_family | no_related_styles | no_transition_styles,3.9433
hello project groups,61,,,,,no_family | no_related_styles | no_transition_styles,3.9433
hello project kids,61,,,,,no_family | no_related_styles | no_transition_styles,3.9433
nigo,61,,,,,no_family | no_related_styles | no_transition_styles,3.9433
r & b brasileiro,61,,,,,no_family | no_related_styles | no_transition_styles,3.9433
cubaton,60,,,,,no_family | no_related_styles | no_transition_styles,3.9277
fado,60,,,,,no_family | no_related_styles | no_transition_styles,3.9277
indie dance,60,,,,,no_family | no_related_styles | no_transition_styles,3.9277
j-acoustic,60,,,,,no_family | no_related_styles | no_transition_styles,3.9277
old school thrash,60,,,,,no_family | no_related_styles | no_transition_styles,3.9277
rumba,60,,,,,no_family | no_related_styles | no_transition_styles,3.9277
shocking,60,,,,,no_family | no_related_styles | no_transition_styles,3.9277
electrocumbia,203,electronic,latin_tropical,0.45,fallback,fallback_confidence | low_primary_weight,3.9264
hardcore,90,metal,,0.45,fallback,fallback_confidence | low_primary_weight | no_transition_styles,3.9181
british-american,59,,,,,no_family | no_related_styles | no_transition_styles,3.9119
caesar,59,,,,,no_family | no_related_styles | no_transition_styles,3.9119
dance music,59,,,,,no_family | no_related_styles | no_transition_styles,3.9119
daniel,59,,,,,no_family | no_related_styles | no_transition_styles,3.9119
death by diabetes,59,,,,,no_family | no_related_styles | no_transition_styles,3.9119
fleetwood mac,59,,,,,no_family | no_related_styles | no_transition_styles,3.9119
liquid funk,59,,,,,no_family | no_related_styles | no_transition_styles,3.9119
party,59,,,,,no_family | no_related_styles | no_transition_styles,3.9119
puerto rico,59,,,,,no_family | no_related_styles | no_transition_styles,3.9119
toronto,59,,,,,no_family | no_related_styles | no_transition_styles,3.9119
warp,59,,,,,no_family | no_related_styles | no_transition_styles,3.9119
reggae en espanol,198,caribbean,,0.45,fallback,fallback_confidence | low_primary_weight,3.9081
icelandic singer-songwriter,88,country_folk,,0.45,fallback,fallback_confidence | low_primary_weight | no_transition_styles,3.8988
belgian indie,58,,,,,no_family | no_related_styles | no_transition_styles,3.8959
indie quebecois,58,,,,,no_family | no_related_styles | no_transition_styles,3.8959
new york,58,,,,,no_family | no_related_styles | no_transition_styles,3.8959
highlife,194,african,,0.45,fallback,fallback_confidence | low_primary_weight,3.8931
post-britpop,194,pop,rock,0.45,fallback,fallback_confidence | low_primary_weight,3.8931
classic country,87,country_folk,,0.45,fallback,fallback_confidence | low_primary_weight | no_transition_styles,3.889
swedish singer-songwriter,87,country_folk,,0.45,fallback,fallback_confidence | low_primary_weight | no_transition_styles,3.889
absolute,57,,,,,no_family | no_related_styles | no_transition_styles,3.8795
deathcore,57,,,,,no_family | no_related_styles | no_transition_styles,3.8795
doo-wop,57,,,,,no_family | no_related_styles | no_transition_styles,3.8795
doujin circle,57,,,,,no_family | no_related_styles | no_transition_styles,3.8795
italian alternative,57,,,,,no_family | no_related_styles | no_transition_styles,3.8795
pop venezolano,190,pop,,0.45,fallback,fallback_confidence | low_primary_weight,3.8778
bubblegum,56,,,,,no_family | no_related_styles | no_transition_styles,3.8629
alternative electronic,84,electronic,,0.45,fallback,fallback_confidence | low_primary_weight | no_transition_styles,3.8588
shoegaze,183,rock,,0.45,fallback,fallback_confidence | low_primary_weight,3.8502
tamil indie,83,world_asian,,0.45,fallback,fallback_confidence | low_primary_weight | no_transition_styles,3.8486
argentine indie,55,,,,,no_family | no_related_styles | no_transition_styles,3.846
domino,55,,,,,no_family | no_related_styles | no_transition_styles,3.846
gamer,55,,,,,no_family | no_related_styles | no_transition_styles,3.846
levenslied,55,,,,,no_family | no_related_styles | no_transition_styles,3.846
sheffield,55,,,,,no_family | no_related_styles | no_transition_styles,3.846
folktronica,82,country_folk,,0.45,fallback,fallback_confidence | low_primary_weight | no_transition_styles,3.8382
icelandic electronic,82,electronic,,0.45,fallback,fallback_confidence | low_primary_weight | no_transition_styles,3.8382
134a,54,,,,,no_family | no_related_styles | no_transition_styles,3.8288
alternative hip-hop,54,,,,,no_family | no_related_styles | no_transition_styles,3.8288
bach,54,,,,,no_family | no_related_styles | no_transition_styles,3.8288
bertalan hock,54,,,,,no_family | no_related_styles | no_transition_styles,3.8288
cantata 147,54,,,,,no_family | no_related_styles | no_transition_styles,3.8288
euro-disco,54,,,,,no_family | no_related_styles | no_transition_styles,3.8288
free improvisation,54,,,,,no_family | no_related_styles | no_transition_styles,3.8288
gothenburg indie,54,,,,,no_family | no_related_styles | no_transition_styles,3.8288
gramophone selection,54,,,,,no_family | no_related_styles | no_transition_styles,3.8288
helmut walcha,54,,,,,no_family | no_related_styles | no_transition_styles,3.8288
italian composer,54,,,,,no_family | no_related_styles | no_transition_styles,3.8288
lgbtqi,54,,,,,no_family | no_related_styles | no_transition_styles,3.8288
maluku,54,,,,,no_family | no_related_styles | no_transition_styles,3.8288
mathauspassion,54,,,,,no_family | no_related_styles | no_transition_styles,3.8288
melbourne bounce international,54,,,,,no_family | no_related_styles | no_transition_styles,3.8288
motet,54,,,,,no_family | no_related_styles | no_transition_styles,3.8288
six,54,,,,,no_family | no_related_styles | no_transition_styles,3.8288
turkish alternative,54,,,,,no_family | no_related_styles | no_transition_styles,3.8288
vaporwave,54,,,,,no_family | no_related_styles | no_transition_styles,3.8288
vox,54,,,,,no_family | no_related_styles | no_transition_styles,3.8288
wagner,54,,,,,no_family | no_related_styles | no_transition_styles,3.8288
post-metal,81,metal,,0.45,fallback,fallback_confidence | low_primary_weight | no_transition_styles,3.8276
hip hop soul,176,hip_hop,rnb_soul,0.45,fallback,fallback_confidence | low_primary_weight,3.8216
trap chileno,174,hip_hop,,0.45,fallback,fallback_confidence | low_primary_weight,3.8132
a,53,,,,,no_family | no_related_styles | no_transition_styles,3.8113
afrofuturismo brasileiro,53,,,,,no_family | no_related_styles | no_transition_styles,3.8113
anthemic,53,,,,,no_family | no_related_styles | no_transition_styles,3.8113
global warming meltdown,53,,,,,no_family | no_related_styles | no_transition_styles,3.8113
look again,53,,,,,no_family | no_related_styles | no_transition_styles,3.8113
maltido,53,,,,,no_family | no_related_styles | no_transition_styles,3.8113
pitbull,53,,,,,no_family | no_related_styles | no_transition_styles,3.8113
secret,53,,,,,no_family | no_related_styles | no_transition_styles,3.8113
tell me,53,,,,,no_family | no_related_styles | no_transition_styles,3.8113
trova,53,,,,,no_family | no_related_styles | no_transition_styles,3.8113
deutschrap,173,hip_hop,,0.45,fallback,fallback_confidence | low_primary_weight,3.8089
retro soul,79,rnb_soul,,0.45,fallback,fallback_confidence | low_primary_weight | no_transition_styles,3.8062
swedish electropop,172,electronic,pop,0.45,fallback,fallback_confidence | low_primary_weight,3.8047
drill espanol,171,hip_hop,,0.45,fallback,fallback_confidence | low_primary_weight,3.8004
indie poptimism,171,pop,,0.45,fallback,fallback_confidence | low_primary_weight,3.8004
belgian dance,52,,,,,no_family | no_related_styles | no_transition_styles,3.7934
death by airplane,52,,,,,no_family | no_related_styles | no_transition_styles,3.7934
fail,52,,,,,no_family | no_related_styles | no_transition_styles,3.7934
gg,52,,,,,no_family | no_related_styles | no_transition_styles,3.7934
melancholia,52,,,,,no_family | no_related_styles | no_transition_styles,3.7934
millennial,52,,,,,no_family | no_related_styles | no_transition_styles,3.7934
musique regionale mexicaine,52,,,,,no_family | no_related_styles | no_transition_styles,3.7934
north african,52,,,,,no_family | no_related_styles | no_transition_styles,3.7934
algerian,51,,,,,no_family | no_related_styles | no_transition_styles,3.7752
dark,51,,,,,no_family | no_related_styles | no_transition_styles,3.7752
fergie,51,,,,,no_family | no_related_styles | no_transition_styles,3.7752
finnish,51,,,,,no_family | no_related_styles | no_transition_styles,3.7752
francais,51,,,,,no_family | no_related_styles | no_transition_styles,3.7752
heavy,51,,,,,no_family | no_related_styles | no_transition_styles,3.7752
kavkaz,51,,,,,no_family | no_related_styles | no_transition_styles,3.7752
kevin haden,51,,,,,no_family | no_related_styles | no_transition_styles,3.7752
sound recording executives and producers,51,,,,,no_family | no_related_styles | no_transition_styles,3.7752
sweden,51,,,,,no_family | no_related_styles | no_transition_styles,3.7752
turkce slow sarkilar,51,,,,,no_family | no_related_styles | no_transition_styles,3.7752
uplifting,51,,,,,no_family | no_related_styles | no_transition_styles,3.7752
will i am,51,,,,,no_family | no_related_styles | no_transition_styles,3.7752
同人,51,,,,,no_family | no_related_styles | no_transition_styles,3.7752
同人サークル,51,,,,,no_family | no_related_styles | no_transition_styles,3.7752
azontobeats,163,african,,0.45,fallback,fallback_confidence | low_primary_weight,3.7652
awesome,50,,,,,no_family | no_related_styles | no_transition_styles,3.7567
falcom,50,,,,,no_family | no_related_styles | no_transition_styles,3.7567
funk bh,50,,,,,no_family | no_related_styles | no_transition_styles,3.7567
grindcore,50,,,,,no_family | no_related_styles | no_transition_styles,3.7567
medieval,50,,,,,no_family | no_related_styles | no_transition_styles,3.7567
traditional country,74,country_folk,,0.45,fallback,fallback_confidence | low_primary_weight | no_transition_styles,3.7501
uk grime,157,hip_hop,,0.45,fallback,fallback_confidence | low_primary_weight,3.7377
american composer,49,,,,,no_family | no_related_styles | no_transition_styles,3.7377
dvd,49,,,,,no_family | no_related_styles | no_transition_styles,3.7377
maloya,49,,,,,no_family | no_related_styles | no_transition_styles,3.7377
neue deutsche harte,49,,,,,no_family | no_related_styles | no_transition_styles,3.7377
rave,49,,,,,no_family | no_related_styles | no_transition_styles,3.7377
sillyname,49,,,,,no_family | no_related_styles | no_transition_styles,3.7377
ska argentino,49,,,,,no_family | no_related_styles | no_transition_styles,3.7377
zhenskiy rep,49,,,,,no_family | no_related_styles | no_transition_styles,3.7377
campirano-banda,72,regional_mexican,,0.45,fallback,fallback_confidence | low_primary_weight | no_transition_styles,3.7266
norteno-banda,72,regional_mexican,,0.45,fallback,fallback_confidence | low_primary_weight | no_transition_styles,3.7266
old school rap francais,154,hip_hop,,0.45,fallback,fallback_confidence | low_primary_weight,3.7236
pop flamenco,153,pop,,0.45,fallback,fallback_confidence | low_primary_weight,3.7188
algerian chaabi,48,,,,,no_family | no_related_styles | no_transition_styles,3.7184
automod ng,48,,,,,no_family | no_related_styles | no_transition_styles,3.7184
awe︎some,48,,,,,no_family | no_related_styles | no_transition_styles,3.7184
dangerous,48,,,,,no_family | no_related_styles | no_transition_styles,3.7184
field recording,48,,,,,no_family | no_related_styles | no_transition_styles,3.7184
francophone,48,,,,,no_family | no_related_styles | no_transition_styles,3.7184
korean ost,48,,,,,no_family | no_related_styles | no_transition_styles,3.7184
miley-cyrus,48,,,,,no_family | no_related_styles | no_transition_styles,3.7184
senegalese-american,48,,,,,no_family | no_related_styles | no_transition_styles,3.7184
torch song,48,,,,,no_family | no_related_styles | no_transition_styles,3.7184
uk bass,48,,,,,no_family | no_related_styles | no_transition_styles,3.7184
uk r & b,48,,,,,no_family | no_related_styles | no_transition_styles,3.7184
vinyl,48,,,,,no_family | no_related_styles | no_transition_styles,3.7184
israeli singer-songwriter,71,country_folk,,0.45,fallback,fallback_confidence | low_primary_weight | no_transition_styles,3.7147
singaporean singer-songwriter,71,country_folk,,0.45,fallback,fallback_confidence | low_primary_weight | no_transition_styles,3.7147
guitarists,47,,,,,no_family | no_related_styles | no_transition_styles,3.6987
homophobe,47,,,,,no_family | no_related_styles | no_transition_styles,3.6987
horspiel,47,,,,,no_family | no_related_styles | no_transition_styles,3.6987
lick,47,,,,,no_family | no_related_styles | no_transition_styles,3.6987
multi-instrumentalist,47,,,,,no_family | no_related_styles | no_transition_styles,3.6987
musician,47,,,,,no_family | no_related_styles | no_transition_styles,3.6987
new french touch,47,,,,,no_family | no_related_styles | no_transition_styles,3.6987
nordnorsk musikk,47,,,,,no_family | no_related_styles | no_transition_styles,3.6987
parang,47,,,,,no_family | no_related_styles | no_transition_styles,3.6987
remixes,47,,,,,no_family | no_related_styles | no_transition_styles,3.6987
tiesto traffic,47,,,,,no_family | no_related_styles | no_transition_styles,3.6987
twerk,47,,,,,no_family | no_related_styles | no_transition_styles,3.6987
worldbeat,47,,,,,no_family | no_related_styles | no_transition_styles,3.6987
folk-rock,148,country_folk,rock,0.45,fallback,fallback_confidence | low_primary_weight,3.6944
g-house,148,house,,0.45,fallback,fallback_confidence | low_primary_weight,3.6944
mambo chileno,148,latin_tropical,latin_urban,0.45,fallback,fallback_confidence | low_primary_weight,3.6944
russian grime,148,hip_hop,,0.45,fallback,fallback_confidence | low_primary_weight,3.6944
turbo-folk,69,country_folk,,0.45,fallback,fallback_confidence | low_primary_weight | no_transition_styles,3.6902
singaporean mandopop,146,pop,world_asian,0.45,fallback,fallback_confidence | low_primary_weight,3.6844
beatlesque,46,,,,,no_family | no_related_styles | no_transition_styles,3.6786
chill r & b,46,,,,,no_family | no_related_styles | no_transition_styles,3.6786
kermis,46,,,,,no_family | no_related_styles | no_transition_styles,3.6786
long title,46,,,,,no_family | no_related_styles | no_transition_styles,3.6786
minimalism,46,,,,,no_family | no_related_styles | no_transition_styles,3.6786
polish indie,46,,,,,no_family | no_related_styles | no_transition_styles,3.6786
russian rave,46,,,,,no_family | no_related_styles | no_transition_styles,3.6786
classical crossover,68,classical,,0.45,fallback,fallback_confidence | low_primary_weight | no_transition_styles,3.6777
danish electronic,68,electronic,,0.45,fallback,fallback_confidence | low_primary_weight | no_transition_styles,3.6777
russian electronic,68,electronic,,0.45,fallback,fallback_confidence | low_primary_weight | no_transition_styles,3.6777
dream-pop,142,pop,,0.45,fallback,fallback_confidence | low_primary_weight,3.6641
modern,45,,,,,no_family | no_related_styles | no_transition_styles,3.6581
reparto,45,,,,,no_family | no_related_styles | no_transition_styles,3.6581
surf,45,,,,,no_family | no_related_styles | no_transition_styles,3.6581
symphonies,45,,,,,no_family | no_related_styles | no_transition_styles,3.6581
trap antillais,140,hip_hop,,0.45,fallback,fallback_confidence | low_primary_weight,3.6537
gen z singer-songwriter,65,country_folk,,0.45,fallback,fallback_confidence | low_primary_weight | no_transition_styles,3.6391
pop edm,137,electronic,pop,0.45,fallback,fallback_confidence | low_primary_weight,3.6378
2 pac,44,,,,,no_family | no_related_styles | no_transition_styles,3.6371
above the rim,44,,,,,no_family | no_related_styles | no_transition_styles,3.6371
also fail,44,,,,,no_family | no_related_styles | no_transition_styles,3.6371
california gurls,44,,,,,no_family | no_related_styles | no_transition_styles,3.6371
camp,44,,,,,no_family | no_related_styles | no_transition_styles,3.6371
canadian indie,44,,,,,no_family | no_related_styles | no_transition_styles,3.6371
chesty,44,,,,,no_family | no_related_styles | no_transition_styles,3.6371
cute,44,,,,,no_family | no_related_styles | no_transition_styles,3.6371
eastcoast killa,44,,,,,no_family | no_related_styles | no_transition_styles,3.6371
failfail,44,,,,,no_family | no_related_styles | no_transition_styles,3.6371
french singer,44,,,,,no_family | no_related_styles | no_transition_styles,3.6371
gaaaaaayyyyyyyyy,44,,,,,no_family | no_related_styles | no_transition_styles,3.6371
gaymeme,44,,,,,no_family | no_related_styles | no_transition_styles,3.6371
hipdut,44,,,,,no_family | no_related_styles | no_transition_styles,3.6371
im gay if i am shut up,44,,,,,no_family | no_related_styles | no_transition_styles,3.6371
im gay if i am⸲ shut up,44,,,,,no_family | no_related_styles | no_transition_styles,3.6371
international,44,,,,,no_family | no_related_styles | no_transition_styles,3.6371
japanese r & b,44,,,,,no_family | no_related_styles | no_transition_styles,3.6371
katy perry,44,,,,,no_family | no_related_styles | no_transition_styles,3.6371
katy perry is gay,44,,,,,no_family | no_related_styles | no_transition_styles,3.6371
katy pery is dumb,44,,,,,no_family | no_related_styles | no_transition_styles,3.6371
lame lame lame lame,44,,,,,no_family | no_related_styles | no_transition_styles,3.6371
london,44,,,,,no_family | no_related_styles | no_transition_styles,3.6371
manchester,44,,,,,no_family | no_related_styles | no_transition_styles,3.6371
megafail,44,,,,,no_family | no_related_styles | no_transition_styles,3.6371
megalmaestupiddumb,44,,,,,no_family | no_related_styles | no_transition_styles,3.6371
nope still fail,44,,,,,no_family | no_related_styles | no_transition_styles,3.6371
srsly whats wrong with beign gay,44,,,,,no_family | no_related_styles | no_transition_styles,3.6371
still fail,44,,,,,no_family | no_related_styles | no_transition_styles,3.6371
total fail,44,,,,,no_family | no_related_styles | no_transition_styles,3.6371
touhou,44,,,,,no_family | no_related_styles | no_transition_styles,3.6371
uncool,44,,,,,no_family | no_related_styles | no_transition_styles,3.6371
unil the end of time,44,,,,,no_family | no_related_styles | no_transition_styles,3.6371
ur so faaaail,44,,,,,no_family | no_related_styles | no_transition_styles,3.6371
ur so fail,44,,,,,no_family | no_related_styles | no_transition_styles,3.6371
ur so lame,44,,,,,no_family | no_related_styles | no_transition_styles,3.6371
‟ur so fail”,44,,,,,no_family | no_related_styles | no_transition_styles,3.6371
東方project,44,,,,,no_family | no_related_styles | no_transition_styles,3.6371
drill italiana,136,hip_hop,,0.45,fallback,fallback_confidence | low_primary_weight,3.6324
acting,43,,,,,no_family | no_related_styles | no_transition_styles,3.6156
bases de freestyle,43,,,,,no_family | no_related_styles | no_transition_styles,3.6156
funk viral,43,,,,,no_family | no_related_styles | no_transition_styles,3.6156
italia,43,,,,,no_family | no_related_styles | no_transition_styles,3.6156
javanese dangdut,43,,,,,no_family | no_related_styles | no_transition_styles,3.6156
latvian,43,,,,,no_family | no_related_styles | no_transition_styles,3.6156
lilith,43,,,,,no_family | no_related_styles | no_transition_styles,3.6156
ominous,43,,,,,no_family | no_related_styles | no_transition_styles,3.6156
pakistani,43,,,,,no_family | no_related_styles | no_transition_styles,3.6156
pakistani indie,43,,,,,no_family | no_related_styles | no_transition_styles,3.6156
pixel,43,,,,,no_family | no_related_styles | no_transition_styles,3.6156
playful,43,,,,,no_family | no_related_styles | no_transition_styles,3.6156
proto-prog,43,,,,,no_family | no_related_styles | no_transition_styles,3.6156
rock roll,132,rock,,0.45,fallback,fallback_confidence | low_primary_weight,3.6105
trap maroc,132,hip_hop,,0.45,fallback,fallback_confidence | low_primary_weight,3.6105
pop-metal,131,metal,pop,0.45,fallback,fallback_confidence | low_primary_weight,3.605
reggae fusion,130,caribbean,,0.45,fallback,fallback_confidence | low_primary_weight,3.5994
black sabbath,42,,,,,no_family | no_related_styles | no_transition_styles,3.5936
bombastic,42,,,,,no_family | no_related_styles | no_transition_styles,3.5936
deboxe,42,,,,,no_family | no_related_styles | no_transition_styles,3.5936
french composer,42,,,,,no_family | no_related_styles | no_transition_styles,3.5936
funk 150 bpm,42,,,,,no_family | no_related_styles | no_transition_styles,3.5936
glorious,42,,,,,no_family | no_related_styles | no_transition_styles,3.5936
indie r & b,42,,,,,no_family | no_related_styles | no_transition_styles,3.5936
kind of magic,42,,,,,no_family | no_related_styles | no_transition_styles,3.5936
langham 1 studio bbc,42,,,,,no_family | no_related_styles | no_transition_styles,3.5936
medley,42,,,,,no_family | no_related_styles | no_transition_styles,3.5936
muziek voor kinderen,42,,,,,no_family | no_related_styles | no_transition_styles,3.5936
orchestra,42,,,,,no_family | no_related_styles | no_transition_styles,3.5936
platinum,42,,,,,no_family | no_related_styles | no_transition_styles,3.5936
queen,42,,,,,no_family | no_related_styles | no_transition_styles,3.5936
queen family,42,,,,,no_family | no_related_styles | no_transition_styles,3.5936
reunion,42,,,,,no_family | no_related_styles | no_transition_styles,3.5936
rx27,42,,,,,no_family | no_related_styles | no_transition_styles,3.5936
satire,42,,,,,no_family | no_related_styles | no_transition_styles,3.5936
singing,42,,,,,no_family | no_related_styles | no_transition_styles,3.5936
thai indie,42,,,,,no_family | no_related_styles | no_transition_styles,3.5936
untied kingdom,42,,,,,no_family | no_related_styles | no_transition_styles,3.5936
post-emo,128,rock,,0.45,fallback,fallback_confidence | low_primary_weight,3.588
pop. alternative,127,pop,,0.45,fallback,fallback_confidence | low_primary_weight,3.5823
canada,41,,,,,no_family | no_related_styles | no_transition_styles,3.5711
chrismas,41,,,,,no_family | no_related_styles | no_transition_styles,3.5711
cologne indie,41,,,,,no_family | no_related_styles | no_transition_styles,3.5711
death by pneumonia,41,,,,,no_family | no_related_styles | no_transition_styles,3.5711
duets,41,,,,,no_family | no_related_styles | no_transition_styles,3.5711
fabloo,41,,,,,no_family | no_related_styles | no_transition_styles,3.5711
garland,41,,,,,no_family | no_related_styles | no_transition_styles,3.5711
gorillaz,41,,,,,no_family | no_related_styles | no_transition_styles,3.5711
mezzo-soprano,41,,,,,no_family | no_related_styles | no_transition_styles,3.5711
motion picture producers and directors,41,,,,,no_family | no_related_styles | no_transition_styles,3.5711
motion pictures--production and direction,41,,,,,no_family | no_related_styles | no_transition_styles,3.5711
my way,41,,,,,no_family | no_related_styles | no_transition_styles,3.5711
nasheed,41,,,,,no_family | no_related_styles | no_transition_styles,3.5711
sgija,41,,,,,no_family | no_related_styles | no_transition_styles,3.5711
trinidadian,41,,,,,no_family | no_related_styles | no_transition_styles,3.5711
virtual band,41,,,,,no_family | no_related_styles | no_transition_styles,3.5711
acoustic country,60,country_folk,,0.45,fallback,fallback_confidence | low_primary_weight | no_transition_styles,3.5707
lithuanian electronic,60,electronic,,0.45,fallback,fallback_confidence | low_primary_weight | no_transition_styles,3.5707
pop virale italiano,123,pop,,0.45,fallback,fallback_confidence | low_primary_weight,3.5588
reggae-pop,123,caribbean,pop,0.45,fallback,fallback_confidence | low_primary_weight,3.5588
classic oklahoma country,59,country_folk,,0.45,fallback,fallback_confidence | low_primary_weight | no_transition_styles,3.5563
gospel r & b,59,gospel_spiritual,,0.45,fallback,fallback_confidence | low_primary_weight | no_transition_styles,3.5563
philly soul,59,rnb_soul,,0.45,fallback,fallback_confidence | low_primary_weight | no_transition_styles,3.5563
swedish soul,59,rnb_soul,,0.45,fallback,fallback_confidence | low_primary_weight | no_transition_styles,3.5563
batidao romantico,40,,,,,no_family | no_related_styles | no_transition_styles,3.5481
caribbean queen,40,,,,,no_family | no_related_styles | no_transition_styles,3.5481
carnaval,40,,,,,no_family | no_related_styles | no_transition_styles,3.5481
chamber music,40,,,,,no_family | no_related_styles | no_transition_styles,3.5481
crooner,40,,,,,no_family | no_related_styles | no_transition_styles,3.5481
death by liver cancer,40,,,,,no_family | no_related_styles | no_transition_styles,3.5481
essentials,40,,,,,no_family | no_related_styles | no_transition_styles,3.5481
flop,40,,,,,no_family | no_related_styles | no_transition_styles,3.5481
matthew edward hall,40,,,,,no_family | no_related_styles | no_transition_styles,3.5481
mick jagger,40,,,,,no_family | no_related_styles | no_transition_styles,3.5481
r & b argentino,40,,,,,no_family | no_related_styles | no_transition_styles,3.5481
scumbag,40,,,,,no_family | no_related_styles | no_transition_styles,3.5481
some girls,40,,,,,no_family | no_related_styles | no_transition_styles,3.5481
spanish composer,40,,,,,no_family | no_related_styles | no_transition_styles,3.5481
the-rolling-stones,40,,,,,no_family | no_related_styles | no_transition_styles,3.5481
vivo en el 6,40,,,,,no_family | no_related_styles | no_transition_styles,3.5481
pop lgbtq+ brasileira,120,pop,,0.45,fallback,fallback_confidence | low_primary_weight,3.5407
rap algerien,119,hip_hop,,0.45,fallback,fallback_confidence | low_primary_weight,3.5346
chinese singer-songwriter,57,country_folk,,0.45,fallback,fallback_confidence | low_primary_weight | no_transition_styles,3.5269
progressive folk,57,country_folk,,0.45,fallback,fallback_confidence | low_primary_weight | no_transition_styles,3.5269
psychedelic soul,57,rnb_soul,,0.45,fallback,fallback_confidence | low_primary_weight | no_transition_styles,3.5269
argentina,39,,,,,no_family | no_related_styles | no_transition_styles,3.5245
argentinian,39,,,,,no_family | no_related_styles | no_transition_styles,3.5245
art song,39,,,,,no_family | no_related_styles | no_transition_styles,3.5245
australian talent show,39,,,,,no_family | no_related_styles | no_transition_styles,3.5245
death by stroke,39,,,,,no_family | no_related_styles | no_transition_styles,3.5245
gaita zuliana,39,,,,,no_family | no_related_styles | no_transition_styles,3.5245
italy,39,,,,,no_family | no_related_styles | no_transition_styles,3.5245
j-pixie,39,,,,,no_family | no_related_styles | no_transition_styles,3.5245
red dirt,39,,,,,no_family | no_related_styles | no_transition_styles,3.5245
religious,39,,,,,no_family | no_related_styles | no_transition_styles,3.5245
folk brasileiro,56,country_folk,,0.45,fallback,fallback_confidence | low_primary_weight | no_transition_styles,3.5117
norwegian singer-songwriter,56,country_folk,,0.45,fallback,fallback_confidence | low_primary_weight | no_transition_styles,3.5117
classic j-pop,114,pop,world_asian,0.45,fallback,fallback_confidence | low_primary_weight,3.5032
post-punk revival,114,rock,,0.45,fallback,fallback_confidence | low_primary_weight,3.5032
+australia (sydney,38,,,,,no_family | no_related_styles | no_transition_styles,3.5003
add release,38,,,,,no_family | no_related_styles | no_transition_styles,3.5003
african,38,,,,,no_family | no_related_styles | no_transition_styles,3.5003
arrangers,38,,,,,no_family | no_related_styles | no_transition_styles,3.5003
capa,38,,,,,no_family | no_related_styles | no_transition_styles,3.5003
cueca chilena,38,,,,,no_family | no_related_styles | no_transition_styles,3.5003
death by lung cancer,38,,,,,no_family | no_related_styles | no_transition_styles,3.5003
jose jose,38,,,,,no_family | no_related_styles | no_transition_styles,3.5003
lithuanian alternative,38,,,,,no_family | no_related_styles | no_transition_styles,3.5003
lithuanian r & b,38,,,,,no_family | no_related_styles | no_transition_styles,3.5003
nigeria,38,,,,,no_family | no_related_styles | no_transition_styles,3.5003
not happy,38,,,,,no_family | no_related_styles | no_transition_styles,3.5003
not party,38,,,,,no_family | no_related_styles | no_transition_styles,3.5003
partyschlager,38,,,,,no_family | no_related_styles | no_transition_styles,3.5003
puerto rican,38,,,,,no_family | no_related_styles | no_transition_styles,3.5003
relaxed,38,,,,,no_family | no_related_styles | no_transition_styles,3.5003
soy asy,38,,,,,no_family | no_related_styles | no_transition_styles,3.5003
spain,38,,,,,no_family | no_related_styles | no_transition_styles,3.5003
virtuoso,38,,,,,no_family | no_related_styles | no_transition_styles,3.5003
volts,38,,,,,no_family | no_related_styles | no_transition_styles,3.5003
hungarian edm,55,electronic,,0.45,fallback,fallback_confidence | low_primary_weight | no_transition_styles,3.4964
northern soul,55,rnb_soul,,0.45,fallback,fallback_confidence | low_primary_weight | no_transition_styles,3.4964
trap dominicano,112,hip_hop,,0.45,fallback,fallback_confidence | low_primary_weight,3.4902
pop-punk,111,pop,rock,0.45,fallback,fallback_confidence | low_primary_weight,3.4837
bach double violin concerto,54,classical,,0.45,fallback,fallback_confidence | low_primary_weight | no_transition_styles,3.4807
german singer-songwriter,54,country_folk,,0.45,fallback,fallback_confidence | low_primary_weight | no_transition_styles,3.4807
lithuanian edm,54,electronic,,0.45,fallback,fallback_confidence | low_primary_weight | no_transition_styles,3.4807
arrangeur,37,,,,,no_family | no_related_styles | no_transition_styles,3.4755
bergamo indie,37,,,,,no_family | no_related_styles | no_transition_styles,3.4755
birdsong,37,,,,,no_family | no_related_styles | no_transition_styles,3.4755
death by heart failure,37,,,,,no_family | no_related_styles | no_transition_styles,3.4755
ethereal wave,37,,,,,no_family | no_related_styles | no_transition_styles,3.4755
hymns,37,,,,,no_family | no_related_styles | no_transition_styles,3.4755
mc,37,,,,,no_family | no_related_styles | no_transition_styles,3.4755
music for people who dislike music,37,,,,,no_family | no_related_styles | no_transition_styles,3.4755
poetry,37,,,,,no_family | no_related_styles | no_transition_styles,3.4755
urbano,37,,,,,no_family | no_related_styles | no_transition_styles,3.4755
christian r & b,53,gospel_spiritual,,0.45,fallback,fallback_confidence | low_primary_weight | no_transition_styles,3.4648
austropop,108,pop,,0.45,fallback,fallback_confidence | low_primary_weight,3.4636
j-rap,108,hip_hop,,0.45,fallback,fallback_confidence | low_primary_weight,3.4636
malaysian mandopop,108,pop,world_asian,0.45,fallback,fallback_confidence | low_primary_weight,3.4636
rapcore,107,hip_hop,,0.45,fallback,fallback_confidence | low_primary_weight,3.4568
rock uruguayo,107,rock,,0.45,fallback,fallback_confidence | low_primary_weight,3.4568
argentine telepop,106,pop,,0.45,fallback,fallback_confidence | low_primary_weight,3.45
alien lives matter,36,,,,,no_family | no_related_styles | no_transition_styles,3.45
avant-prog,36,,,,,no_family | no_related_styles | no_transition_styles,3.45
bb12b20e,36,,,,,no_family | no_related_styles | no_transition_styles,3.45
davido,36,,,,,no_family | no_related_styles | no_transition_styles,3.45
davido adeleke,36,,,,,no_family | no_related_styles | no_transition_styles,3.45
gobe,36,,,,,no_family | no_related_styles | no_transition_styles,3.45
happy,36,,,,,no_family | no_related_styles | no_transition_styles,3.45
italian tenor,36,,,,,no_family | no_related_styles | no_transition_styles,3.45
j-r & b,36,,,,,no_family | no_related_styles | no_transition_styles,3.45
k-indie,36,,,,,no_family | no_related_styles | no_transition_styles,3.45
kurt cobain,36,,,,,no_family | no_related_styles | no_transition_styles,3.45
legendary,36,,,,,no_family | no_related_styles | no_transition_styles,3.45
miami bass,36,,,,,no_family | no_related_styles | no_transition_styles,3.45
modern bhajan,36,,,,,no_family | no_related_styles | no_transition_styles,3.45
nigeria music,36,,,,,no_family | no_related_styles | no_transition_styles,3.45
nirvana,36,,,,,no_family | no_related_styles | no_transition_styles,3.45
northwest,36,,,,,no_family | no_related_styles | no_transition_styles,3.45
oratorio,36,,,,,no_family | no_related_styles | no_transition_styles,3.45
skelewu,36,,,,,no_family | no_related_styles | no_transition_styles,3.45
sunnlensk tonlist,36,,,,,no_family | no_related_styles | no_transition_styles,3.45
tenor,36,,,,,no_family | no_related_styles | no_transition_styles,3.45
wizkid,36,,,,,no_family | no_related_styles | no_transition_styles,3.45
y2k,36,,,,,no_family | no_related_styles | no_transition_styles,3.45
alternative hardcore,52,metal,,0.45,fallback,fallback_confidence | low_primary_weight | no_transition_styles,3.4486
classical piano,52,classical,,0.45,fallback,fallback_confidence | low_primary_weight | no_transition_styles,3.4486
drift phonk,105,hip_hop,,0.45,fallback,fallback_confidence | low_primary_weight,3.443
neo-synthpop,104,pop,,0.45,fallback,fallback_confidence | low_primary_weight,3.436
melodic hardcore,51,metal,,0.45,fallback,fallback_confidence | low_primary_weight | no_transition_styles,3.432
memphis soul,51,rnb_soul,,0.45,fallback,fallback_confidence | low_primary_weight | no_transition_styles,3.432
+usa (california:los angeles,35,,,,,no_family | no_related_styles | no_transition_styles,3.4239
angry,35,,,,,no_family | no_related_styles | no_transition_styles,3.4239
b7005bb9-fcd9-4d06-8c39-c5ef11275ef1,35,,,,,no_family | no_related_styles | no_transition_styles,3.4239
bob-marley,35,,,,,no_family | no_related_styles | no_transition_styles,3.4239
cast recordings,35,,,,,no_family | no_related_styles | no_transition_styles,3.4239
czech,35,,,,,no_family | no_related_styles | no_transition_styles,3.4239
death by pulmonary embolism,35,,,,,no_family | no_related_styles | no_transition_styles,3.4239
funk das antigas,35,,,,,no_family | no_related_styles | no_transition_styles,3.4239
knebworth,35,,,,,no_family | no_related_styles | no_transition_styles,3.4239
latvian indie,35,,,,,no_family | no_related_styles | no_transition_styles,3.4239
n2,35,,,,,no_family | no_related_styles | no_transition_styles,3.4239
nerdcore,35,,,,,no_family | no_related_styles | no_transition_styles,3.4239
patience,35,,,,,no_family | no_related_styles | no_transition_styles,3.4239
the wailers,35,,,,,no_family | no_related_styles | no_transition_styles,3.4239
today,35,,,,,no_family | no_related_styles | no_transition_styles,3.4239
torch songs,35,,,,,no_family | no_related_styles | no_transition_styles,3.4239
vocal surf,35,,,,,no_family | no_related_styles | no_transition_styles,3.4239
gruperas inmortales,50,regional_mexican,,0.45,fallback,fallback_confidence | low_primary_weight | no_transition_styles,3.4151
indonesian folk,50,country_folk,,0.45,fallback,fallback_confidence | low_primary_weight | no_transition_styles,3.4151
arab alternative,49,middle_eastern,,0.45,fallback,fallback_confidence | low_primary_weight | no_transition_styles,3.3979
folklore argentino,49,country_folk,,0.45,fallback,fallback_confidence | low_primary_weight | no_transition_styles,3.3979
praise & worship,49,gospel_spiritual,middle_eastern,0.45,fallback,fallback_confidence | low_primary_weight | no_transition_styles,3.3979
cha cha cha,34,,,,,no_family | no_related_styles | no_transition_styles,3.3969
contemporary,34,,,,,no_family | no_related_styles | no_transition_styles,3.3969
elton-john,34,,,,,no_family | no_related_styles | no_transition_styles,3.3969
french touch,34,,,,,no_family | no_related_styles | no_transition_styles,3.3969
funk mandelao,34,,,,,no_family | no_related_styles | no_transition_styles,3.3969
hands up,34,,,,,no_family | no_related_styles | no_transition_styles,3.3969
hungarian indie,34,,,,,no_family | no_related_styles | no_transition_styles,3.3969
karadeniz turkuleri,34,,,,,no_family | no_related_styles | no_transition_styles,3.3969
keyboardist,34,,,,,no_family | no_related_styles | no_transition_styles,3.3969
not relaxed,34,,,,,no_family | no_related_styles | no_transition_styles,3.3969
split me up,34,,,,,no_family | no_related_styles | no_transition_styles,3.3969
the beatles,34,,,,,no_family | no_related_styles | no_transition_styles,3.3969
warm,34,,,,,no_family | no_related_styles | no_transition_styles,3.3969
alternative folk,48,country_folk,,0.45,fallback,fallback_confidence | low_primary_weight | no_transition_styles,3.3804
country dawn,48,country_folk,,0.45,fallback,fallback_confidence | low_primary_weight | no_transition_styles,3.3804
happy hardcore,48,metal,,0.45,fallback,fallback_confidence | low_primary_weight | no_transition_styles,3.3804
irish singer-songwriter,48,country_folk,,0.45,fallback,fallback_confidence | low_primary_weight | no_transition_styles,3.3804
karadeniz folk,48,country_folk,,0.45,fallback,fallback_confidence | low_primary_weight | no_transition_styles,3.3804
norwegian country,48,country_folk,,0.45,fallback,fallback_confidence | low_primary_weight | no_transition_styles,3.3804
acoustic porridge,33,,,,,no_family | no_related_styles | no_transition_styles,3.3693
balada romantica,33,,,,,no_family | no_related_styles | no_transition_styles,3.3693
canzone dautore,33,,,,,no_family | no_related_styles | no_transition_styles,3.3693
charva,33,,,,,no_family | no_related_styles | no_transition_styles,3.3693
chiptune,33,,,,,no_family | no_related_styles | no_transition_styles,3.3693
consistency,33,,,,,no_family | no_related_styles | no_transition_styles,3.3693
eddie rubin,33,,,,,no_family | no_related_styles | no_transition_styles,3.3693
exotica,33,,,,,no_family | no_related_styles | no_transition_styles,3.3693
koplo,33,,,,,no_family | no_related_styles | no_transition_styles,3.3693
laulaja-lauluntekija,33,,,,,no_family | no_related_styles | no_transition_styles,3.3693
nouvelle chanson francaise,33,,,,,no_family | no_related_styles | no_transition_styles,3.3693
rio,33,,,,,no_family | no_related_styles | no_transition_styles,3.3693
suecia,33,,,,,no_family | no_related_styles | no_transition_styles,3.3693
alt-pop,92,pop,world_asian,0.45,fallback,fallback_confidence | low_primary_weight,3.3464
vallenato moderno,92,latin_tropical,,0.45,fallback,fallback_confidence | low_primary_weight,3.3464
djent,46,metal,,0.45,fallback,fallback_confidence | low_primary_weight | no_transition_styles,3.3442
japanese soul,46,rnb_soul,,0.45,fallback,fallback_confidence | low_primary_weight | no_transition_styles,3.3442
ukrainian indie,46,middle_eastern,,0.45,fallback,fallback_confidence | low_primary_weight | no_transition_styles,3.3442
believe in nothing,32,,,,,no_family | no_related_styles | no_transition_styles,3.3407
espana,32,,,,,no_family | no_related_styles | no_transition_styles,3.3407
host,32,,,,,no_family | no_related_styles | no_transition_styles,3.3407
italiano,32,,,,,no_family | no_related_styles | no_transition_styles,3.3407
jellyroll,32,,,,,no_family | no_related_styles | no_transition_styles,3.3407
kwaito,32,,,,,no_family | no_related_styles | no_transition_styles,3.3407
lyricists,32,,,,,no_family | no_related_styles | no_transition_styles,3.3407
murga,32,,,,,no_family | no_related_styles | no_transition_styles,3.3407
partynextdoor,32,,,,,no_family | no_related_styles | no_transition_styles,3.3407
rpi,32,,,,,no_family | no_related_styles | no_transition_styles,3.3407
turntablism,32,,,,,no_family | no_related_styles | no_transition_styles,3.3407
5th gen k-pop,90,pop,world_asian,0.45,fallback,fallback_confidence | low_primary_weight,3.3304
icelandic folk,45,country_folk,,0.45,fallback,fallback_confidence | low_primary_weight | no_transition_styles,3.3255
traditional folk,45,country_folk,,0.45,fallback,fallback_confidence | low_primary_weight | no_transition_styles,3.3255
a bit overrated,31,,,,,no_family | no_related_styles | no_transition_styles,3.3113
amerikansk,31,,,,,no_family | no_related_styles | no_transition_styles,3.3113
booka-shade,31,,,,,no_family | no_related_styles | no_transition_styles,3.3113
destroyer,31,,,,,no_family | no_related_styles | no_transition_styles,3.3113
duetos,31,,,,,no_family | no_related_styles | no_transition_styles,3.3113
ethnic,31,,,,,no_family | no_related_styles | no_transition_styles,3.3113
funk bruxaria,31,,,,,no_family | no_related_styles | no_transition_styles,3.3113
hardnheavy,31,,,,,no_family | no_related_styles | no_transition_styles,3.3113
jdanton2,31,,,,,no_family | no_related_styles | no_transition_styles,3.3113
ma baker,31,,,,,no_family | no_related_styles | no_transition_styles,3.3113
madonna,31,,,,,no_family | no_related_styles | no_transition_styles,3.3113
melodic bass,31,,,,,no_family | no_related_styles | no_transition_styles,3.3113
musica angolana,31,,,,,no_family | no_related_styles | no_transition_styles,3.3113
pessimistic,31,,,,,no_family | no_related_styles | no_transition_styles,3.3113
pompous asses,31,,,,,no_family | no_related_styles | no_transition_styles,3.3113
sabrinafan,31,,,,,no_family | no_related_styles | no_transition_styles,3.3113
sandalwood,31,,,,,no_family | no_related_styles | no_transition_styles,3.3113
star wars,31,,,,,no_family | no_related_styles | no_transition_styles,3.3113
stopped being good after 88,31,,,,,no_family | no_related_styles | no_transition_styles,3.3113
stopped being good after 97,31,,,,,no_family | no_related_styles | no_transition_styles,3.3113
the unforgiving,31,,,,,no_family | no_related_styles | no_transition_styles,3.3113
thrash,31,,,,,no_family | no_related_styles | no_transition_styles,3.3113
trash,31,,,,,no_family | no_related_styles | no_transition_styles,3.3113
jazz-funk,44,jazz_blues,,0.45,fallback,fallback_confidence | low_primary_weight | no_transition_styles,3.3064
future garage,87,bass_music,hip_hop,0.45,fallback,fallback_confidence | low_primary_weight,3.3056
pop worship,87,gospel_spiritual,pop,0.45,fallback,fallback_confidence | low_primary_weight,3.3056
viral afropop,87,african,pop,0.45,fallback,fallback_confidence | low_primary_weight,3.3056
emo-pop,86,pop,rock,0.45,fallback,fallback_confidence | low_primary_weight,3.2972
rock viet,85,rock,,0.45,fallback,fallback_confidence | low_primary_weight,3.2886
texas country,43,country_folk,,0.45,fallback,fallback_confidence | low_primary_weight | no_transition_styles,3.2869
turkish folk,43,country_folk,,0.45,fallback,fallback_confidence | low_primary_weight | no_transition_styles,3.2869
arrolladora,30,,,,,no_family | no_related_styles | no_transition_styles,3.281
arrolladora limon,30,,,,,no_family | no_related_styles | no_transition_styles,3.281
atmospheric,30,,,,,no_family | no_related_styles | no_transition_styles,3.281
breakcore,30,,,,,no_family | no_related_styles | no_transition_styles,3.281
danish,30,,,,,no_family | no_related_styles | no_transition_styles,3.281
dark wave,30,,,,,no_family | no_related_styles | no_transition_styles,3.281
finnish melodeath,30,,,,,no_family | no_related_styles | no_transition_styles,3.281
if you seek amy,30,,,,,no_family | no_related_styles | no_transition_styles,3.281
la arrolladora,30,,,,,no_family | no_related_styles | no_transition_styles,3.281
la indie,30,,,,,no_family | no_related_styles | no_transition_styles,3.281
limon,30,,,,,no_family | no_related_styles | no_transition_styles,3.281
love,30,,,,,no_family | no_related_styles | no_transition_styles,3.281
musica madeirense,30,,,,,no_family | no_related_styles | no_transition_styles,3.281
prog related,30,,,,,no_family | no_related_styles | no_transition_styles,3.281
rave funk,30,,,,,no_family | no_related_styles | no_transition_styles,3.281
southern gothic,30,,,,,no_family | no_related_styles | no_transition_styles,3.281
talentkonkurrence,30,,,,,no_family | no_related_styles | no_transition_styles,3.281
the sims,30,,,,,no_family | no_related_styles | no_transition_styles,3.281
trot,30,,,,,no_family | no_related_styles | no_transition_styles,3.281
euro-pop,84,pop,,0.45,fallback,fallback_confidence | low_primary_weight,3.28
british singer-songwriter,42,country_folk,,0.45,fallback,fallback_confidence | low_primary_weight | no_transition_styles,3.2669
canadian singer-songwriter,42,country_folk,,0.45,fallback,fallback_confidence | low_primary_weight | no_transition_styles,3.2669
latin folk,42,country_folk,,0.45,fallback,fallback_confidence | low_primary_weight | no_transition_styles,3.2669
proto doom,42,metal,,0.45,fallback,fallback_confidence | low_primary_weight | no_transition_styles,3.2669
proto-doom,42,metal,,0.45,fallback,fallback_confidence | low_primary_weight | no_transition_styles,3.2669
australian electropop,81,electronic,pop,0.45,fallback,fallback_confidence | low_primary_weight,3.2535
euro-rock,81,rock,,0.45,fallback,fallback_confidence | low_primary_weight,3.2535
rap canario,81,hip_hop,,0.45,fallback,fallback_confidence | low_primary_weight,3.2535
rap sardegna,81,hip_hop,,0.45,fallback,fallback_confidence | low_primary_weight,3.2535
afro-fusion,29,,,,,no_family | no_related_styles | no_transition_styles,3.2497
chanson quebecoise,29,,,,,no_family | no_related_styles | no_transition_styles,3.2497
comedy,29,,,,,no_family | no_related_styles | no_transition_styles,3.2497
ddr,29,,,,,no_family | no_related_styles | no_transition_styles,3.2497
death by drowning,29,,,,,no_family | no_related_styles | no_transition_styles,3.2497
detective,29,,,,,no_family | no_related_styles | no_transition_styles,3.2497
early r & b,29,,,,,no_family | no_related_styles | no_transition_styles,3.2497
engel,29,,,,,no_family | no_related_styles | no_transition_styles,3.2497
engineer,29,,,,,no_family | no_related_styles | no_transition_styles,3.2497
german industrial,29,,,,,no_family | no_related_styles | no_transition_styles,3.2497
high german,29,,,,,no_family | no_related_styles | no_transition_styles,3.2497
icelandic,29,,,,,no_family | no_related_styles | no_transition_styles,3.2497
international fusion,29,,,,,no_family | no_related_styles | no_transition_styles,3.2497
lithuanian dance,29,,,,,no_family | no_related_styles | no_transition_styles,3.2497
missing allmusic links,29,,,,,no_family | no_related_styles | no_transition_styles,3.2497
norske viser,29,,,,,no_family | no_related_styles | no_transition_styles,3.2497
payner,29,,,,,no_family | no_related_styles | no_transition_styles,3.2497
ritmo kombina,29,,,,,no_family | no_related_styles | no_transition_styles,3.2497
third stream,29,,,,,no_family | no_related_styles | no_transition_styles,3.2497
tunisia,29,,,,,no_family | no_related_styles | no_transition_styles,3.2497
neoclassical,41,classical,,0.45,fallback,fallback_confidence | low_primary_weight | no_transition_styles,3.2465
orchestral soundtrack,41,classical,soundtrack_stage,0.45,fallback,fallback_confidence | low_primary_weight | no_transition_styles,3.2465
k-rock,80,rock,,0.45,fallback,fallback_confidence | low_primary_weight,3.2444
emo-trap,78,hip_hop,rock,0.45,fallback,fallback_confidence | low_primary_weight,3.226
nu emo,78,rock,,0.45,fallback,fallback_confidence | low_primary_weight,3.226
pop r & b,78,pop,,0.45,fallback,fallback_confidence | low_primary_weight,3.226
rock opera,78,classical,rock,0.45,fallback,fallback_confidence | low_primary_weight,3.226
experimental electronic,40,electronic,,0.45,fallback,fallback_confidence | low_primary_weight | no_transition_styles,3.2256
jazz funk,40,jazz_blues,,0.45,fallback,fallback_confidence | low_primary_weight | no_transition_styles,3.2256
neo-singer-songwriter,40,country_folk,,0.45,fallback,fallback_confidence | low_primary_weight | no_transition_styles,3.2256
anthology,28,,,,,no_family | no_related_styles | no_transition_styles,3.2173
broken transmission,28,,,,,no_family | no_related_styles | no_transition_styles,3.2173
chamame,28,,,,,no_family | no_related_styles | no_transition_styles,3.2173
cowboy,28,,,,,no_family | no_related_styles | no_transition_styles,3.2173
dangdut koplo,28,,,,,no_family | no_related_styles | no_transition_styles,3.2173
dusseldorf,28,,,,,no_family | no_related_styles | no_transition_styles,3.2173
girl,28,,,,,no_family | no_related_styles | no_transition_styles,3.2173
gothic,28,,,,,no_family | no_related_styles | no_transition_styles,3.2173
hamaki,28,,,,,no_family | no_related_styles | no_transition_styles,3.2173
jerry lee lewis,28,,,,,no_family | no_related_styles | no_transition_styles,3.2173
kazakh indie,28,,,,,no_family | no_related_styles | no_transition_styles,3.2173
malaysian indie,28,,,,,no_family | no_related_styles | no_transition_styles,3.2173
mathcore,28,,,,,no_family | no_related_styles | no_transition_styles,3.2173
meek mill,28,,,,,no_family | no_related_styles | no_transition_styles,3.2173
mohamed hamaki,28,,,,,no_family | no_related_styles | no_transition_styles,3.2173
sentimental,28,,,,,no_family | no_related_styles | no_transition_styles,3.2173
sun box,28,,,,,no_family | no_related_styles | no_transition_styles,3.2173
the best of jerry lee lewis,28,,,,,no_family | no_related_styles | no_transition_styles,3.2173
thomas bangalter,28,,,,,no_family | no_related_styles | no_transition_styles,3.2173
tunisian,28,,,,,no_family | no_related_styles | no_transition_styles,3.2173
ukg revival,28,,,,,no_family | no_related_styles | no_transition_styles,3.2173
vocoder,28,,,,,no_family | no_related_styles | no_transition_styles,3.2173
whistle register,28,,,,,no_family | no_related_styles | no_transition_styles,3.2173
wp musicians,28,,,,,no_family | no_related_styles | no_transition_styles,3.2173
pop rap brasileiro,77,hip_hop,pop,0.45,fallback,fallback_confidence | low_primary_weight,3.2166
latin folklore,39,country_folk,,0.45,fallback,fallback_confidence | low_primary_weight | no_transition_styles,3.2041
jazz-rock,75,jazz_blues,rock,0.45,fallback,fallback_confidence | low_primary_weight,3.1974
baltic post-punk,74,rock,,0.45,fallback,fallback_confidence | low_primary_weight,3.1876
hip hop quebecois,74,hip_hop,,0.45,fallback,fallback_confidence | low_primary_weight,3.1876
q-pop,74,pop,,0.45,fallback,fallback_confidence | low_primary_weight,3.1876
ascetic,27,,,,,no_family | no_related_styles | no_transition_styles,3.1837
beat poetry,27,,,,,no_family | no_related_styles | no_transition_styles,3.1837
bedroom r & b,27,,,,,no_family | no_related_styles | no_transition_styles,3.1837
deep purple family,27,,,,,no_family | no_related_styles | no_transition_styles,3.1837
duranguense,27,,,,,no_family | no_related_styles | no_transition_styles,3.1837
g funk,27,,,,,no_family | no_related_styles | no_transition_styles,3.1837
german-lyrics,27,,,,,no_family | no_related_styles | no_transition_styles,3.1837
kayokyoku,27,,,,,no_family | no_related_styles | no_transition_styles,3.1837
nueva trova,27,,,,,no_family | no_related_styles | no_transition_styles,3.1837
polish hip-hop,27,,,,,no_family | no_related_styles | no_transition_styles,3.1837
producer tag-pharrell,27,,,,,no_family | no_related_styles | no_transition_styles,3.1837
roblox,27,,,,,no_family | no_related_styles | no_transition_styles,3.1837
rough trade,27,,,,,no_family | no_related_styles | no_transition_styles,3.1837
saga,27,,,,,no_family | no_related_styles | no_transition_styles,3.1837
sky room,27,,,,,no_family | no_related_styles | no_transition_styles,3.1837
spike,27,,,,,no_family | no_related_styles | no_transition_styles,3.1837
suboptimal credits,27,,,,,no_family | no_related_styles | no_transition_styles,3.1837
thai ost,27,,,,,no_family | no_related_styles | no_transition_styles,3.1837
welsh,27,,,,,no_family | no_related_styles | no_transition_styles,3.1837
forro de favela,38,brazilian,,0.45,fallback,fallback_confidence | low_primary_weight | no_transition_styles,3.1821
garage rock revival,73,bass_music,hip_hop | rock,0.45,fallback,fallback_confidence | low_primary_weight,3.1777
rap siciliano,73,hip_hop,,0.45,fallback,fallback_confidence | low_primary_weight,3.1777
trap colombiano,73,hip_hop,,0.45,fallback,fallback_confidence | low_primary_weight,3.1777
trap queen,72,hip_hop,,0.45,fallback,fallback_confidence | low_primary_weight,3.1676
dance-punk,71,rock,,0.45,fallback,fallback_confidence | low_primary_weight,3.1575
cantonese,26,,,,,no_family | no_related_styles | no_transition_styles,3.149
dabke,26,,,,,no_family | no_related_styles | no_transition_styles,3.149
drumstep,26,,,,,no_family | no_related_styles | no_transition_styles,3.149
epitaph,26,,,,,no_family | no_related_styles | no_transition_styles,3.149
group,26,,,,,no_family | no_related_styles | no_transition_styles,3.149
moombahcore,26,,,,,no_family | no_related_styles | no_transition_styles,3.149
o happy day,26,,,,,no_family | no_related_styles | no_transition_styles,3.149
otacore,26,,,,,no_family | no_related_styles | no_transition_styles,3.149
playback singer,26,,,,,no_family | no_related_styles | no_transition_styles,3.149
signalwave,26,,,,,no_family | no_related_styles | no_transition_styles,3.149
this is the time,26,,,,,no_family | no_related_styles | no_transition_styles,3.149
reggae uruguayo,70,caribbean,,0.45,fallback,fallback_confidence | low_primary_weight,3.1471
melodipop,69,pop,,0.45,fallback,fallback_confidence | low_primary_weight,3.1367
french electro,36,electronic,,0.45,fallback,fallback_confidence | low_primary_weight | no_transition_styles,3.1364
progressive electronic,36,electronic,,0.45,fallback,fallback_confidence | low_primary_weight | no_transition_styles,3.1364
britrock,68,rock,,0.45,fallback,fallback_confidence | low_primary_weight,3.126
musica tropical,68,latin_tropical,,0.45,fallback,fallback_confidence | low_primary_weight,3.126
emo rap italiano,67,hip_hop,rock,0.45,fallback,fallback_confidence | low_primary_weight,3.1153
rock-and-roll,67,rock,,0.45,fallback,fallback_confidence | low_primary_weight,3.1153
antideutsche,25,,,,,no_family | no_related_styles | no_transition_styles,3.1129
comic,25,,,,,no_family | no_related_styles | no_transition_styles,3.1129
crime,25,,,,,no_family | no_related_styles | no_transition_styles,3.1129
dutch cabaret,25,,,,,no_family | no_related_styles | no_transition_styles,3.1129
ebm,25,,,,,no_family | no_related_styles | no_transition_styles,3.1129
el principe,25,,,,,no_family | no_related_styles | no_transition_styles,3.1129
iceland,25,,,,,no_family | no_related_styles | no_transition_styles,3.1129
minneapolis sound,25,,,,,no_family | no_related_styles | no_transition_styles,3.1129
musica adventista,25,,,,,no_family | no_related_styles | no_transition_styles,3.1129
new orleans bounce,25,,,,,no_family | no_related_styles | no_transition_styles,3.1129
nightcore,25,,,,,no_family | no_related_styles | no_transition_styles,3.1129
nueva cancion,25,,,,,no_family | no_related_styles | no_transition_styles,3.1129
oldies,25,,,,,no_family | no_related_styles | no_transition_styles,3.1129
progressive thrash,25,,,,,no_family | no_related_styles | no_transition_styles,3.1129
riot grrrl,25,,,,,no_family | no_related_styles | no_transition_styles,3.1129
rumba flamenca,25,,,,,no_family | no_related_styles | no_transition_styles,3.1129
sheffield indie,25,,,,,no_family | no_related_styles | no_transition_styles,3.1129
ye ye,25,,,,,no_family | no_related_styles | no_transition_styles,3.1129
ambient folk,35,country_folk,electronic,0.45,fallback,fallback_confidence | low_primary_weight | no_transition_styles,3.1126
norteno sax,35,regional_mexican,,0.45,fallback,fallback_confidence | low_primary_weight | no_transition_styles,3.1126
gym phonk,66,hip_hop,,0.45,fallback,fallback_confidence | low_primary_weight,3.1043
rap boricua,66,hip_hop,,0.45,fallback,fallback_confidence | low_primary_weight,3.1043
chamber folk,34,country_folk,,0.45,fallback,fallback_confidence | low_primary_weight | no_transition_styles,3.0881
swedish synthpop,64,pop,,0.45,fallback,fallback_confidence | low_primary_weight,3.082
2000er,24,,,,,no_family | no_related_styles | no_transition_styles,3.0755
32 sonatas,24,,,,,no_family | no_related_styles | no_transition_styles,3.0755
added for google code-in 2017,24,,,,,no_family | no_related_styles | no_transition_styles,3.0755
am,24,,,,,no_family | no_related_styles | no_transition_styles,3.0755
beethoven gardiner,24,,,,,no_family | no_related_styles | no_transition_styles,3.0755
cantautora mexicana,24,,,,,no_family | no_related_styles | no_transition_styles,3.0755
electra,24,,,,,no_family | no_related_styles | no_transition_styles,3.0755
flaming,24,,,,,no_family | no_related_styles | no_transition_styles,3.0755
frenchcore,24,,,,,no_family | no_related_styles | no_transition_styles,3.0755
grand tour,24,,,,,no_family | no_related_styles | no_transition_styles,3.0755
hamburg,24,,,,,no_family | no_related_styles | no_transition_styles,3.0755
if you talk in your sleep,24,,,,,no_family | no_related_styles | no_transition_styles,3.0755
impressionism,24,,,,,no_family | no_related_styles | no_transition_styles,3.0755
in the studio,24,,,,,no_family | no_related_styles | no_transition_styles,3.0755
interview,24,,,,,no_family | no_related_styles | no_transition_styles,3.0755
klavierwerke,24,,,,,no_family | no_related_styles | no_transition_styles,3.0755
live in concert,24,,,,,no_family | no_related_styles | no_transition_styles,3.0755
lo spirito,24,,,,,no_family | no_related_styles | no_transition_styles,3.0755
masterworks,24,,,,,no_family | no_related_styles | no_transition_styles,3.0755
minimal,24,,,,,no_family | no_related_styles | no_transition_styles,3.0755
netherlands,24,,,,,no_family | no_related_styles | no_transition_styles,3.0755
opus 57,24,,,,,no_family | no_related_styles | no_transition_styles,3.0755
organ,24,,,,,no_family | no_related_styles | no_transition_styles,3.0755
private tag 1,24,,,,,no_family | no_related_styles | no_transition_styles,3.0755
reader s,24,,,,,no_family | no_related_styles | no_transition_styles,3.0755
sertaneja,24,,,,,no_family | no_related_styles | no_transition_styles,3.0755
the way i feel,24,,,,,no_family | no_related_styles | no_transition_styles,3.0755
transgender,24,,,,,no_family | no_related_styles | no_transition_styles,3.0755
vlaamse kinderliedje,24,,,,,no_family | no_related_styles | no_transition_styles,3.0755
voice actor,24,,,,,no_family | no_related_styles | no_transition_styles,3.0755
death doom,33,metal,,0.45,fallback,fallback_confidence | low_primary_weight | no_transition_styles,3.063
swedish country,33,country_folk,,0.45,fallback,fallback_confidence | low_primary_weight | no_transition_styles,3.063
uk americana,33,country_folk,,0.45,fallback,fallback_confidence | low_primary_weight | no_transition_styles,3.063
classic mandopop,62,pop,world_asian,0.45,fallback,fallback_confidence | low_primary_weight,3.0589
rap criolo,61,hip_hop,,0.45,fallback,fallback_confidence | low_primary_weight,3.0471
estonian electronic,32,electronic,,0.45,fallback,fallback_confidence | low_primary_weight | no_transition_styles,3.037
prog folk,32,country_folk,,0.45,fallback,fallback_confidence | low_primary_weight | no_transition_styles,3.037
barnmusik,23,,,,,no_family | no_related_styles | no_transition_styles,3.0365
brighton indie,23,,,,,no_family | no_related_styles | no_transition_styles,3.0365
cdo indie,23,,,,,no_family | no_related_styles | no_transition_styles,3.0365
chanson a texte,23,,,,,no_family | no_related_styles | no_transition_styles,3.0365
covers,23,,,,,no_family | no_related_styles | no_transition_styles,3.0365
deep purple,23,,,,,no_family | no_related_styles | no_transition_styles,3.0365
farther,23,,,,,no_family | no_related_styles | no_transition_styles,3.0365
female fronted,23,,,,,no_family | no_related_styles | no_transition_styles,3.0365
freestyle,23,,,,,no_family | no_related_styles | no_transition_styles,3.0365
funk melody,23,,,,,no_family | no_related_styles | no_transition_styles,3.0365
girlsband,23,,,,,no_family | no_related_styles | no_transition_styles,3.0365
hammond,23,,,,,no_family | no_related_styles | no_transition_styles,3.0365
hammond organ,23,,,,,no_family | no_related_styles | no_transition_styles,3.0365
in jail,23,,,,,no_family | no_related_styles | no_transition_styles,3.0365
kindermusik,23,,,,,no_family | no_related_styles | no_transition_styles,3.0365
liedermacher,23,,,,,no_family | no_related_styles | no_transition_styles,3.0365
rumba catalana,23,,,,,no_family | no_related_styles | no_transition_styles,3.0365
russian indie,23,,,,,no_family | no_related_styles | no_transition_styles,3.0365
russian plugg,23,,,,,no_family | no_related_styles | no_transition_styles,3.0365
slovak,23,,,,,no_family | no_related_styles | no_transition_styles,3.0365
top 100,23,,,,,no_family | no_related_styles | no_transition_styles,3.0365
birmingham grime,59,hip_hop,,0.45,fallback,fallback_confidence | low_primary_weight,3.0229
japanese electropop,59,electronic,pop,0.45,fallback,fallback_confidence | low_primary_weight,3.0229
etherpop,58,pop,,0.45,fallback,fallback_confidence | low_primary_weight,3.0104
rap fr,58,hip_hop,,0.45,fallback,fallback_confidence | low_primary_weight,3.0104
indian singer-songwriter,31,country_folk,,0.45,fallback,fallback_confidence | low_primary_weight | no_transition_styles,3.0103
metallica,31,metal,,0.45,fallback,fallback_confidence | low_primary_weight | no_transition_styles,3.0103
post-dubstep,31,bass_music,,0.45,fallback,fallback_confidence | low_primary_weight | no_transition_styles,3.0103
instrumental grime,57,hip_hop,,0.45,fallback,fallback_confidence | low_primary_weight,2.9978
pop chileno,57,pop,,0.45,fallback,fallback_confidence | low_primary_weight,2.9978
suomirap,57,hip_hop,,0.45,fallback,fallback_confidence | low_primary_weight,2.9978
alternative rnb,22,,,,,no_family | no_related_styles | no_transition_styles,2.9958
awesomename,22,,,,,no_family | no_related_styles | no_transition_styles,2.9958
bon jovi,22,,,,,no_family | no_related_styles | no_transition_styles,2.9958
britain,22,,,,,no_family | no_related_styles | no_transition_styles,2.9958
bulgarian r & b,22,,,,,no_family | no_related_styles | no_transition_styles,2.9958
cabo verde,22,,,,,no_family | no_related_styles | no_transition_styles,2.9958
carnaval cadiz,22,,,,,no_family | no_related_styles | no_transition_styles,2.9958
chanson virale,22,,,,,no_family | no_related_styles | no_transition_styles,2.9958
complete violin wind,22,,,,,no_family | no_related_styles | no_transition_styles,2.9958
death by cirrhosis,22,,,,,no_family | no_related_styles | no_transition_styles,2.9958
dissolved,22,,,,,no_family | no_related_styles | no_transition_styles,2.9958
funana,22,,,,,no_family | no_related_styles | no_transition_styles,2.9958
gb,22,,,,,no_family | no_related_styles | no_transition_styles,2.9958
graz indie,22,,,,,no_family | no_related_styles | no_transition_styles,2.9958
great britain,22,,,,,no_family | no_related_styles | no_transition_styles,2.9958
hard fm,22,,,,,no_family | no_related_styles | no_transition_styles,2.9958
hare krishna,22,,,,,no_family | no_related_styles | no_transition_styles,2.9958
iraqi music,22,,,,,no_family | no_related_styles | no_transition_styles,2.9958
ireland,22,,,,,no_family | no_related_styles | no_transition_styles,2.9958
krushfunk,22,,,,,no_family | no_related_styles | no_transition_styles,2.9958
nl,22,,,,,no_family | no_related_styles | no_transition_styles,2.9958
oye com va,22,,,,,no_family | no_related_styles | no_transition_styles,2.9958
pedophile,22,,,,,no_family | no_related_styles | no_transition_styles,2.9958
poggers,22,,,,,no_family | no_related_styles | no_transition_styles,2.9958
classic cantopop,56,pop,world_asian,0.45,fallback,fallback_confidence | low_primary_weight,2.985
avant-folk,30,country_folk,,0.45,fallback,fallback_confidence | low_primary_weight | no_transition_styles,2.9827
brazilian,30,brazilian,,0.45,fallback,fallback_confidence | low_primary_weight | no_transition_styles,2.9827
gratuitous heavy metal umlaut,30,metal,,0.45,fallback,fallback_confidence | low_primary_weight | no_transition_styles,2.9827
new mpb,30,brazilian,,0.45,fallback,fallback_confidence | low_primary_weight | no_transition_styles,2.9827
drill chileno,55,hip_hop,,0.45,fallback,fallback_confidence | low_primary_weight,2.9719
rap conciencia,54,hip_hop,,0.45,fallback,fallback_confidence | low_primary_weight,2.9586
electronic dance,29,electronic,,0.45,fallback,fallback_confidence | low_primary_weight | no_transition_styles,2.9542
electronica argentina,29,electronic,,0.45,fallback,fallback_confidence | low_primary_weight | no_transition_styles,2.9542
tanzmetall,29,metal,,0.45,fallback,fallback_confidence | low_primary_weight | no_transition_styles,2.9542
ukrainian,29,middle_eastern,,0.45,fallback,fallback_confidence | low_primary_weight | no_transition_styles,2.9542
vapor soul,29,rnb_soul,,0.45,fallback,fallback_confidence | low_primary_weight | no_transition_styles,2.9542
afrofuturism,21,,,,,no_family | no_related_styles | no_transition_styles,2.9533
cold wave,21,,,,,no_family | no_related_styles | no_transition_styles,2.9533
eire,21,,,,,no_family | no_related_styles | no_transition_styles,2.9533
eyes on me,21,,,,,no_family | no_related_styles | no_transition_styles,2.9533
french language,21,,,,,no_family | no_related_styles | no_transition_styles,2.9533
fuji,21,,,,,no_family | no_related_styles | no_transition_styles,2.9533
glitch hop,21,,,,,no_family | no_related_styles | no_transition_styles,2.9533
great voice,21,,,,,no_family | no_related_styles | no_transition_styles,2.9533
jive,21,,,,,no_family | no_related_styles | no_transition_styles,2.9533
lol,21,,,,,no_family | no_related_styles | no_transition_styles,2.9533
noisecore,21,,,,,no_family | no_related_styles | no_transition_styles,2.9533
north east england indie,21,,,,,no_family | no_related_styles | no_transition_styles,2.9533
novelty,21,,,,,no_family | no_related_styles | no_transition_styles,2.9533
ocean,21,,,,,no_family | no_related_styles | no_transition_styles,2.9533
orange county,21,,,,,no_family | no_related_styles | no_transition_styles,2.9533
ozymandias,21,,,,,no_family | no_related_styles | no_transition_styles,2.9533
relative-cousin,21,,,,,no_family | no_related_styles | no_transition_styles,2.9533
russian composer,21,,,,,no_family | no_related_styles | no_transition_styles,2.9533
skansk musik,21,,,,,no_family | no_related_styles | no_transition_styles,2.9533
skilled vocals,21,,,,,no_family | no_related_styles | no_transition_styles,2.9533
skrillex,21,,,,,no_family | no_related_styles | no_transition_styles,2.9533
switzerland,21,,,,,no_family | no_related_styles | no_transition_styles,2.9533
thai,21,,,,,no_family | no_related_styles | no_transition_styles,2.9533
top 10,21,,,,,no_family | no_related_styles | no_transition_styles,2.9533
urban music,21,,,,,no_family | no_related_styles | no_transition_styles,2.9533
viet lo-fi,21,,,,,no_family | no_related_styles | no_transition_styles,2.9533
nederreggae,52,caribbean,,0.45,fallback,fallback_confidence | low_primary_weight,2.9313
proto-punk,52,rock,,0.45,fallback,fallback_confidence | low_primary_weight,2.9313
rap montrealais,52,hip_hop,,0.45,fallback,fallback_confidence | low_primary_weight,2.9313
rap uruguayo,52,hip_hop,,0.45,fallback,fallback_confidence | low_primary_weight,2.9313
canadian electronic,28,electronic,,0.45,fallback,fallback_confidence | low_primary_weight | no_transition_styles,2.9248
electro swing,28,electronic,jazz_blues,0.45,fallback,fallback_confidence | low_primary_weight | no_transition_styles,2.9248
jazz poetry,28,jazz_blues,,0.45,fallback,fallback_confidence | low_primary_weight | no_transition_styles,2.9248
jungle terror,28,bass_music,,0.45,fallback,fallback_confidence | low_primary_weight | no_transition_styles,2.9248
punjabi,28,world_asian,,0.45,fallback,fallback_confidence | low_primary_weight | no_transition_styles,2.9248
danspunk,51,rock,,0.45,fallback,fallback_confidence | low_primary_weight,2.9172
rock kapak,51,rock,,0.45,fallback,fallback_confidence | low_primary_weight,2.9172
vietnamese bolero,51,latin_tropical,,0.45,fallback,fallback_confidence | low_primary_weight,2.9172
avante garde,20,,,,,no_family | no_related_styles | no_transition_styles,2.9089
barnemusikk,20,,,,,no_family | no_related_styles | no_transition_styles,2.9089
boston,20,,,,,no_family | no_related_styles | no_transition_styles,2.9089
cuba,20,,,,,no_family | no_related_styles | no_transition_styles,2.9089
enfp,20,,,,,no_family | no_related_styles | no_transition_styles,2.9089
epic music,20,,,,,no_family | no_related_styles | no_transition_styles,2.9089
favorite,20,,,,,no_family | no_related_styles | no_transition_styles,2.9089
female vocal dance,20,,,,,no_family | no_related_styles | no_transition_styles,2.9089
harmonica players,20,,,,,no_family | no_related_styles | no_transition_styles,2.9089
hip-hip,20,,,,,no_family | no_related_styles | no_transition_styles,2.9089
hokkaido indie,20,,,,,no_family | no_related_styles | no_transition_styles,2.9089
kolsche karneval,20,,,,,no_family | no_related_styles | no_transition_styles,2.9089
little,20,,,,,no_family | no_related_styles | no_transition_styles,2.9089
massachusetts,20,,,,,no_family | no_related_styles | no_transition_styles,2.9089
musica chihuahuense,20,,,,,no_family | no_related_styles | no_transition_styles,2.9089
osteraker,20,,,,,no_family | no_related_styles | no_transition_styles,2.9089
ostschlager,20,,,,,no_family | no_related_styles | no_transition_styles,2.9089
pentecostal,20,,,,,no_family | no_related_styles | no_transition_styles,2.9089
pinoy alternative,20,,,,,no_family | no_related_styles | no_transition_styles,2.9089
portuguese indie,20,,,,,no_family | no_related_styles | no_transition_styles,2.9089
scandinavian,20,,,,,no_family | no_related_styles | no_transition_styles,2.9089
solo wave,20,,,,,no_family | no_related_styles | no_transition_styles,2.9089
utaite,20,,,,,no_family | no_related_styles | no_transition_styles,2.9089
vocal dance,20,,,,,no_family | no_related_styles | no_transition_styles,2.9089
pop quebecois,50,pop,,0.45,fallback,fallback_confidence | low_primary_weight,2.9029
south african pop dance,50,pop,,0.45,fallback,fallback_confidence | low_primary_weight,2.9029
volkspop,50,pop,,0.45,fallback,fallback_confidence | low_primary_weight,2.9029
arab,27,middle_eastern,,0.45,fallback,fallback_confidence | low_primary_weight | no_transition_styles,2.8943
jazz beats,27,jazz_blues,,0.45,fallback,fallback_confidence | low_primary_weight | no_transition_styles,2.8943
pakistani qawwali,27,middle_eastern,,0.45,fallback,fallback_confidence | low_primary_weight | no_transition_styles,2.8943
rai algerien,27,middle_eastern,,0.45,fallback,fallback_confidence | low_primary_weight | no_transition_styles,2.8943
swedish americana,27,country_folk,,0.45,fallback,fallback_confidence | low_primary_weight | no_transition_styles,2.8943
trancecore,27,trance,,0.45,fallback,fallback_confidence | low_primary_weight | no_transition_styles,2.8943
funk rock tributo,49,rock,,0.45,fallback,fallback_confidence | low_primary_weight,2.8882
krautrock,49,rock,,0.45,fallback,fallback_confidence | low_primary_weight,2.8882
rap underground espanol,49,hip_hop,,0.45,fallback,fallback_confidence | low_primary_weight,2.8882
rapist,49,hip_hop,,0.45,fallback,fallback_confidence | low_primary_weight,2.8882
deutschrock,48,rock,,0.45,fallback,fallback_confidence | low_primary_weight,2.8733
dnace-pop,48,pop,,0.45,fallback,fallback_confidence | low_primary_weight,2.8733
country soul,26,country_folk,rnb_soul,0.45,fallback,fallback_confidence | low_primary_weight | no_transition_styles,2.8627
techno remix,26,techno,,0.45,fallback,fallback_confidence | low_primary_weight | no_transition_styles,2.8627
ukraine,26,middle_eastern,,0.45,fallback,fallback_confidence | low_primary_weight | no_transition_styles,2.8627
abstract,19,,,,,no_family | no_related_styles | no_transition_styles,2.8623
add named after,19,,,,,no_family | no_related_styles | no_transition_styles,2.8623
ballet,19,,,,,no_family | no_related_styles | no_transition_styles,2.8623
batida,19,,,,,no_family | no_related_styles | no_transition_styles,2.8623
chamber orchestra,19,,,,,no_family | no_related_styles | no_transition_styles,2.8623
childrens choir,19,,,,,no_family | no_related_styles | no_transition_styles,2.8623
death,19,,,,,no_family | no_related_styles | no_transition_styles,2.8623
gregorian chant,19,,,,,no_family | no_related_styles | no_transition_styles,2.8623
israeli indie,19,,,,,no_family | no_related_styles | no_transition_styles,2.8623
italo-disco,19,,,,,no_family | no_related_styles | no_transition_styles,2.8623
japanese band,19,,,,,no_family | no_related_styles | no_transition_styles,2.8623
keyboard,19,,,,,no_family | no_related_styles | no_transition_styles,2.8623
l2b,19,,,,,no_family | no_related_styles | no_transition_styles,2.8623
neomelodici,19,,,,,no_family | no_related_styles | no_transition_styles,2.8623
new haven,19,,,,,no_family | no_related_styles | no_transition_styles,2.8623
poetics,19,,,,,no_family | no_related_styles | no_transition_styles,2.8623
sami,19,,,,,no_family | no_related_styles | no_transition_styles,2.8623
sort me out,19,,,,,no_family | no_related_styles | no_transition_styles,2.8623
travis barker,19,,,,,no_family | no_related_styles | no_transition_styles,2.8623
urban,19,,,,,no_family | no_related_styles | no_transition_styles,2.8623
vapor twitch,19,,,,,no_family | no_related_styles | no_transition_styles,2.8623
vilnius,19,,,,,no_family | no_related_styles | no_transition_styles,2.8623
world music,19,,,,,no_family | no_related_styles | no_transition_styles,2.8623
x,19,,,,,no_family | no_related_styles | no_transition_styles,2.8623
乐队组合,19,,,,,no_family | no_related_styles | no_transition_styles,2.8623
j-poprock,47,pop,rock | world_asian,0.45,fallback,fallback_confidence | low_primary_weight,2.8581
rocksteady,47,rock,,0.45,fallback,fallback_confidence | low_primary_weight,2.8581
trap metal italiana,47,hip_hop,metal,0.45,fallback,fallback_confidence | low_primary_weight,2.8581
rap motywacja,46,hip_hop,,0.45,fallback,fallback_confidence | low_primary_weight,2.8426
arkansas country,25,country_folk,,0.45,fallback,fallback_confidence | low_primary_weight | no_transition_styles,2.8299
black-metal,25,metal,,0.45,fallback,fallback_confidence | low_primary_weight | no_transition_styles,2.8299
christian country,25,country_folk,gospel_spiritual,0.45,fallback,fallback_confidence | low_primary_weight | no_transition_styles,2.8299
deep rai,25,middle_eastern,,0.45,fallback,fallback_confidence | low_primary_weight | no_transition_styles,2.8299
gaming edm,25,electronic,,0.45,fallback,fallback_confidence | low_primary_weight | no_transition_styles,2.8299
latin christian,25,gospel_spiritual,,0.45,fallback,fallback_confidence | low_primary_weight | no_transition_styles,2.8299
1970s hong kong debut,18,,,,,no_family | no_related_styles | no_transition_styles,2.8133
accordion,18,,,,,no_family | no_related_styles | no_transition_styles,2.8133
afro-beat,18,,,,,no_family | no_related_styles | no_transition_styles,2.8133
austrian actor,18,,,,,no_family | no_related_styles | no_transition_styles,2.8133
brisbane indie,18,,,,,no_family | no_related_styles | no_transition_styles,2.8133
brooklyn indie,18,,,,,no_family | no_related_styles | no_transition_styles,2.8133
celtic new age,18,,,,,no_family | no_related_styles | no_transition_styles,2.8133
chillstep,18,,,,,no_family | no_related_styles | no_transition_styles,2.8133
city,18,,,,,no_family | no_related_styles | no_transition_styles,2.8133
drumless,18,,,,,no_family | no_related_styles | no_transition_styles,2.8133
enya,18,,,,,no_family | no_related_styles | no_transition_styles,2.8133
fantezi,18,,,,,no_family | no_related_styles | no_transition_styles,2.8133
heavy psych,18,,,,,no_family | no_related_styles | no_transition_styles,2.8133
hustle,18,,,,,no_family | no_related_styles | no_transition_styles,2.8133
indie surf,18,,,,,no_family | no_related_styles | no_transition_styles,2.8133
juju,18,,,,,no_family | no_related_styles | no_transition_styles,2.8133
las vegas,18,,,,,no_family | no_related_styles | no_transition_styles,2.8133
mande,18,,,,,no_family | no_related_styles | no_transition_styles,2.8133
morelos indie,18,,,,,no_family | no_related_styles | no_transition_styles,2.8133
northern irish,18,,,,,no_family | no_related_styles | no_transition_styles,2.8133
sad lo-fi,18,,,,,no_family | no_related_styles | no_transition_styles,2.8133
seoul,18,,,,,no_family | no_related_styles | no_transition_styles,2.8133
speedrun,18,,,,,no_family | no_related_styles | no_transition_styles,2.8133
urbano ecuatoriano,18,,,,,no_family | no_related_styles | no_transition_styles,2.8133
cowpunk,44,rock,,0.45,fallback,fallback_confidence | low_primary_weight,2.8105
pop paraguayo,44,pop,,0.45,fallback,fallback_confidence | low_primary_weight,2.8105
temor a la muerte,44,rock,,0.45,fallback,fallback_confidence | low_primary_weight,2.8105
alicia de larrocha,24,brazilian,,0.45,fallback,fallback_confidence | low_primary_weight | no_transition_styles,2.7959
compositional ambient,24,electronic,,0.45,fallback,fallback_confidence | low_primary_weight | no_transition_styles,2.7959
naija worship,24,gospel_spiritual,,0.45,fallback,fallback_confidence | low_primary_weight | no_transition_styles,2.7959
piano concerto no. 5,24,classical,,0.45,fallback,fallback_confidence | low_primary_weight | no_transition_styles,2.7959
deep pop edm,43,electronic,pop,0.45,fallback,fallback_confidence | low_primary_weight,2.7939
phonk brasileiro,43,hip_hop,,0.45,fallback,fallback_confidence | low_primary_weight,2.7939
russian hyperpop,43,pop,,0.45,fallback,fallback_confidence | low_primary_weight,2.7939
lithuanian electropop,42,electronic,pop,0.45,fallback,fallback_confidence | low_primary_weight,2.7769
anniversary,17,,,,,no_family | no_related_styles | no_transition_styles,2.7616
blackgaze,17,,,,,no_family | no_related_styles | no_transition_styles,2.7616
darksynth,17,,,,,no_family | no_related_styles | no_transition_styles,2.7616
death by cardiac arrest,17,,,,,no_family | no_related_styles | no_transition_styles,2.7616
death by covid-19,17,,,,,no_family | no_related_styles | no_transition_styles,2.7616
discogs,17,,,,,no_family | no_related_styles | no_transition_styles,2.7616
drake,17,,,,,no_family | no_related_styles | no_transition_styles,2.7616
duo,17,,,,,no_family | no_related_styles | no_transition_styles,2.7616
estonian indie,17,,,,,no_family | no_related_styles | no_transition_styles,2.7616
hong kong cultural icon,17,,,,,no_family | no_related_styles | no_transition_styles,2.7616
huzunlu sarkilar,17,,,,,no_family | no_related_styles | no_transition_styles,2.7616
inna,17,,,,,no_family | no_related_styles | no_transition_styles,2.7616
iswcs pending,17,,,,,no_family | no_related_styles | no_transition_styles,2.7616
jam,17,,,,,no_family | no_related_styles | no_transition_styles,2.7616
james scutt,17,,,,,no_family | no_related_styles | no_transition_styles,2.7616
karneval,17,,,,,no_family | no_related_styles | no_transition_styles,2.7616
kingston on indie,17,,,,,no_family | no_related_styles | no_transition_styles,2.7616
many names,17,,,,,no_family | no_related_styles | no_transition_styles,2.7616
many singles,17,,,,,no_family | no_related_styles | no_transition_styles,2.7616
oyun havası,17,,,,,no_family | no_related_styles | no_transition_styles,2.7616
portugal,17,,,,,no_family | no_related_styles | no_transition_styles,2.7616
pretzelbodylogic,17,,,,,no_family | no_related_styles | no_transition_styles,2.7616
prince revolution,17,,,,,no_family | no_related_styles | no_transition_styles,2.7616
quebec indie,17,,,,,no_family | no_related_styles | no_transition_styles,2.7616
robin,17,,,,,no_family | no_related_styles | no_transition_styles,2.7616
royalty free,17,,,,,no_family | no_related_styles | no_transition_styles,2.7616
russia,17,,,,,no_family | no_related_styles | no_transition_styles,2.7616
script-deva,17,,,,,no_family | no_related_styles | no_transition_styles,2.7616
sea shanties,17,,,,,no_family | no_related_styles | no_transition_styles,2.7616
soprano,17,,,,,no_family | no_related_styles | no_transition_styles,2.7616
speedcore,17,,,,,no_family | no_related_styles | no_transition_styles,2.7616
the police,17,,,,,no_family | no_related_styles | no_transition_styles,2.7616
trondersk musikk,17,,,,,no_family | no_related_styles | no_transition_styles,2.7616
wonky,17,,,,,no_family | no_related_styles | no_transition_styles,2.7616
canadian folk,23,country_folk,,0.45,fallback,fallback_confidence | low_primary_weight | no_transition_styles,2.7604
christian music,23,gospel_spiritual,,0.45,fallback,fallback_confidence | low_primary_weight | no_transition_styles,2.7604
new americana,23,country_folk,,0.45,fallback,fallback_confidence | low_primary_weight | no_transition_styles,2.7604
pinoy singer-songwriter,23,country_folk,,0.45,fallback,fallback_confidence | low_primary_weight | no_transition_styles,2.7604
swinger-songwriter,23,jazz_blues,,0.45,fallback,fallback_confidence | low_primary_weight | no_transition_styles,2.7604
blues-rock,40,jazz_blues,rock,0.45,fallback,fallback_confidence | low_primary_weight,2.7417
folk rock italiano,40,country_folk,rock,0.45,fallback,fallback_confidence | low_primary_weight,2.7417
j-idol,40,pop,,0.45,fallback,fallback_confidence | low_primary_weight,2.7417
latin afrobeat,40,african,,0.45,fallback,fallback_confidence | low_primary_weight,2.7417
chinese electropop,39,electronic,pop,0.45,fallback,fallback_confidence | low_primary_weight,2.7235
pop electronico,39,electronic,pop,0.45,fallback,fallback_confidence | low_primary_weight,2.7235
rap tunisien,39,hip_hop,,0.45,fallback,fallback_confidence | low_primary_weight,2.7235
alt country,22,country_folk,,0.45,fallback,fallback_confidence | low_primary_weight | no_transition_styles,2.7235
lithuanian soul,22,rnb_soul,,0.45,fallback,fallback_confidence | low_primary_weight | no_transition_styles,2.7235
melodic dubstep,22,bass_music,,0.45,fallback,fallback_confidence | low_primary_weight | no_transition_styles,2.7235
added for google code-in 2016,16,,,,,no_family | no_related_styles | no_transition_styles,2.707
aria,16,,,,,no_family | no_related_styles | no_transition_styles,2.707
atif,16,,,,,no_family | no_related_styles | no_transition_styles,2.707
atif aslam,16,,,,,no_family | no_related_styles | no_transition_styles,2.707
best of,16,,,,,no_family | no_related_styles | no_transition_styles,2.707
broadway,16,,,,,no_family | no_related_styles | no_transition_styles,2.707
cabaret,16,,,,,no_family | no_related_styles | no_transition_styles,2.707
chanson quebecois,16,,,,,no_family | no_related_styles | no_transition_styles,2.707
chilean indie,16,,,,,no_family | no_related_styles | no_transition_styles,2.707
classic schlager,16,,,,,no_family | no_related_styles | no_transition_styles,2.707
cruise,16,,,,,no_family | no_related_styles | no_transition_styles,2.707
deejay,16,,,,,no_family | no_related_styles | no_transition_styles,2.707
doorie,16,,,,,no_family | no_related_styles | no_transition_styles,2.707
eau claire indie,16,,,,,no_family | no_related_styles | no_transition_styles,2.707
el paso indie,16,,,,,no_family | no_related_styles | no_transition_styles,2.707
epa dunk,16,,,,,no_family | no_related_styles | no_transition_styles,2.707
ethereal,16,,,,,no_family | no_related_styles | no_transition_styles,2.707
indie triste,16,,,,,no_family | no_related_styles | no_transition_styles,2.707
jal pari,16,,,,,no_family | no_related_styles | no_transition_styles,2.707
kings college,16,,,,,no_family | no_related_styles | no_transition_styles,2.707
malaysia,16,,,,,no_family | no_related_styles | no_transition_styles,2.707
menuhin,16,,,,,no_family | no_related_styles | no_transition_styles,2.707
mexican ska,16,,,,,no_family | no_related_styles | no_transition_styles,2.707
motorik,16,,,,,no_family | no_related_styles | no_transition_styles,2.707
musica santomense,16,,,,,no_family | no_related_styles | no_transition_styles,2.707
oxford indie,16,,,,,no_family | no_related_styles | no_transition_styles,2.707
raspe,16,,,,,no_family | no_related_styles | no_transition_styles,2.707
serenity,16,,,,,no_family | no_related_styles | no_transition_styles,2.707
son jarocho,16,,,,,no_family | no_related_styles | no_transition_styles,2.707
the lost prophecy,16,,,,,no_family | no_related_styles | no_transition_styles,2.707
utrecht,16,,,,,no_family | no_related_styles | no_transition_styles,2.707
variete,16,,,,,no_family | no_related_styles | no_transition_styles,2.707
vocals,16,,,,,no_family | no_related_styles | no_transition_styles,2.707
wir sind helden,16,,,,,no_family | no_related_styles | no_transition_styles,2.707
ye-ye,16,,,,,no_family | no_related_styles | no_transition_styles,2.707
yg,16,,,,,no_family | no_related_styles | no_transition_styles,2.707
zouglou,16,,,,,no_family | no_related_styles | no_transition_styles,2.707
pop costarricense,38,pop,,0.45,fallback,fallback_confidence | low_primary_weight,2.7048
pop-soul,38,pop,rnb_soul,0.45,fallback,fallback_confidence | low_primary_weight,2.7048
t-pop girl group,38,pop,world_asian,0.45,fallback,fallback_confidence | low_primary_weight,2.7048
pop folk,37,country_folk,pop,0.45,fallback,fallback_confidence | low_primary_weight,2.6856
post-punk argentina,37,rock,,0.45,fallback,fallback_confidence | low_primary_weight,2.6856
rock quebecois,37,rock,,0.45,fallback,fallback_confidence | low_primary_weight,2.6856
chaotic hardcore,21,metal,,0.45,fallback,fallback_confidence | low_primary_weight | no_transition_styles,2.6848
classic texas country,21,country_folk,,0.45,fallback,fallback_confidence | low_primary_weight | no_transition_styles,2.6848
electro bailando,21,electronic,,0.45,fallback,fallback_confidence | low_primary_weight | no_transition_styles,2.6848
folklore paraguayo,21,country_folk,,0.45,fallback,fallback_confidence | low_primary_weight | no_transition_styles,2.6848
indie rock italiano,36,rock,,0.45,fallback,fallback_confidence | low_primary_weight,2.6659
pop-folk,36,country_folk,pop,0.45,fallback,fallback_confidence | low_primary_weight,2.6659
rap mineiro,36,hip_hop,,0.45,fallback,fallback_confidence | low_primary_weight,2.6659
algeria,15,,,,,no_family | no_related_styles | no_transition_styles,2.6491
auckland indie,15,,,,,no_family | no_related_styles | no_transition_styles,2.6491
bass music,15,,,,,no_family | no_related_styles | no_transition_styles,2.6491
bbb,15,,,,,no_family | no_related_styles | no_transition_styles,2.6491
british orchestra,15,,,,,no_family | no_related_styles | no_transition_styles,2.6491
caribbean,15,,,,,no_family | no_related_styles | no_transition_styles,2.6491
chicago bop,15,,,,,no_family | no_related_styles | no_transition_styles,2.6491
death by plane crash,15,,,,,no_family | no_related_styles | no_transition_styles,2.6491
domestic abuser,15,,,,,no_family | no_related_styles | no_transition_styles,2.6491
early music,15,,,,,no_family | no_related_styles | no_transition_styles,2.6491
eclectic prog,15,,,,,no_family | no_related_styles | no_transition_styles,2.6491
finland,15,,,,,no_family | no_related_styles | no_transition_styles,2.6491
german voice actor,15,,,,,no_family | no_related_styles | no_transition_styles,2.6491
hard bass,15,,,,,no_family | no_related_styles | no_transition_styles,2.6491
indie extremena,15,,,,,no_family | no_related_styles | no_transition_styles,2.6491
minimal wave,15,,,,,no_family | no_related_styles | no_transition_styles,2.6491
ontario indie,15,,,,,no_family | no_related_styles | no_transition_styles,2.6491
pixie,15,,,,,no_family | no_related_styles | no_transition_styles,2.6491
post-minimalism,15,,,,,no_family | no_related_styles | no_transition_styles,2.6491
romanian band,15,,,,,no_family | no_related_styles | no_transition_styles,2.6491
russian ska,15,,,,,no_family | no_related_styles | no_transition_styles,2.6491
sigilkore,15,,,,,no_family | no_related_styles | no_transition_styles,2.6491
symphony orchestra,15,,,,,no_family | no_related_styles | no_transition_styles,2.6491
technical,15,,,,,no_family | no_related_styles | no_transition_styles,2.6491
todo-works,15,,,,,no_family | no_related_styles | no_transition_styles,2.6491
trumpet,15,,,,,no_family | no_related_styles | no_transition_styles,2.6491
turkish psych,15,,,,,no_family | no_related_styles | no_transition_styles,2.6491
australian reggae fusion,35,caribbean,,0.45,fallback,fallback_confidence | low_primary_weight,2.6457
colombian reggaeton,35,caribbean,latin_urban,0.45,fallback,fallback_confidence | low_primary_weight,2.6457
rock urbano,35,rock,,0.45,fallback,fallback_confidence | low_primary_weight,2.6457
arab hip-hop,20,middle_eastern,,0.45,fallback,fallback_confidence | low_primary_weight | no_transition_styles,2.6444
canadian country,20,country_folk,,0.45,fallback,fallback_confidence | low_primary_weight | no_transition_styles,2.6444
german indie folk,20,country_folk,,0.45,fallback,fallback_confidence | low_primary_weight | no_transition_styles,2.6444
indian edm,20,electronic,,0.45,fallback,fallback_confidence | low_primary_weight | no_transition_styles,2.6444
irish folk,20,country_folk,,0.45,fallback,fallback_confidence | low_primary_weight | no_transition_styles,2.6444
progressive doom,20,metal,,0.45,fallback,fallback_confidence | low_primary_weight | no_transition_styles,2.6444
roots,20,country_folk,,0.45,fallback,fallback_confidence | low_primary_weight | no_transition_styles,2.6444
latin,5482,latin_tropical,latin_urban,0.66,manual,low_primary_weight,2.6173
rap cearense,33,hip_hop,,0.45,fallback,fallback_confidence | low_primary_weight,2.6035
rap uliczny,33,hip_hop,,0.45,fallback,fallback_confidence | low_primary_weight,2.6035
rock in opposition,33,rock,,0.45,fallback,fallback_confidence | low_primary_weight,2.6035
ambient dub,19,electronic,,0.45,fallback,fallback_confidence | low_primary_weight | no_transition_styles,2.6021
anti-folk,19,country_folk,,0.45,fallback,fallback_confidence | low_primary_weight | no_transition_styles,2.6021
hindi,19,world_asian,,0.45,fallback,fallback_confidence | low_primary_weight | no_transition_styles,2.6021
norteno-sax,19,regional_mexican,,0.45,fallback,fallback_confidence | low_primary_weight | no_transition_styles,2.6021
riddim dubstep,19,bass_music,,0.45,fallback,fallback_confidence | low_primary_weight | no_transition_styles,2.6021
tecnobrega,19,brazilian,,0.45,fallback,fallback_confidence | low_primary_weight | no_transition_styles,2.6021
thai folk,19,country_folk,,0.45,fallback,fallback_confidence | low_primary_weight | no_transition_styles,2.6021
#kingkiba,14,,,,,no_family | no_related_styles | no_transition_styles,2.5874
2 tone,14,,,,,no_family | no_related_styles | no_transition_styles,2.5874
aygun kazimova,14,,,,,no_family | no_related_styles | no_transition_styles,2.5874
aygun kazımova,14,,,,,no_family | no_related_styles | no_transition_styles,2.5874
azeri singer,14,,,,,no_family | no_related_styles | no_transition_styles,2.5874
bandung indie,14,,,,,no_family | no_related_styles | no_transition_styles,2.5874
crank wave,14,,,,,no_family | no_related_styles | no_transition_styles,2.5874
dainuojamoji poezija,14,,,,,no_family | no_related_styles | no_transition_styles,2.5874
death by bleeding ulcer,14,,,,,no_family | no_related_styles | no_transition_styles,2.5874
deep talent show,14,,,,,no_family | no_related_styles | no_transition_styles,2.5874
diva,14,,,,,no_family | no_related_styles | no_transition_styles,2.5874
egyptian,14,,,,,no_family | no_related_styles | no_transition_styles,2.5874
folclor andino,14,,,,,no_family | no_related_styles | no_transition_styles,2.5874
george gershwin,14,,,,,no_family | no_related_styles | no_transition_styles,2.5874
had feet,14,,,,,no_family | no_related_styles | no_transition_styles,2.5874
kreisais krasts,14,,,,,no_family | no_related_styles | no_transition_styles,2.5874
laid back,14,,,,,no_family | no_related_styles | no_transition_styles,2.5874
lies,14,,,,,no_family | no_related_styles | no_transition_styles,2.5874
lithuanian contemporary r & b,14,,,,,no_family | no_related_styles | no_transition_styles,2.5874
major,14,,,,,no_family | no_related_styles | no_transition_styles,2.5874
midnight,14,,,,,no_family | no_related_styles | no_transition_styles,2.5874
miles davis,14,,,,,no_family | no_related_styles | no_transition_styles,2.5874
musica tradicional cubana,14,,,,,no_family | no_related_styles | no_transition_styles,2.5874
native american music,14,,,,,no_family | no_related_styles | no_transition_styles,2.5874
new orleans r & b,14,,,,,no_family | no_related_styles | no_transition_styles,2.5874
philippines,14,,,,,no_family | no_related_styles | no_transition_styles,2.5874
poets,14,,,,,no_family | no_related_styles | no_transition_styles,2.5874
portuguese,14,,,,,no_family | no_related_styles | no_transition_styles,2.5874
quantum sound,14,,,,,no_family | no_related_styles | no_transition_styles,2.5874
renaissance,14,,,,,no_family | no_related_styles | no_transition_styles,2.5874
rogaland musikk,14,,,,,no_family | no_related_styles | no_transition_styles,2.5874
ska chileno,14,,,,,no_family | no_related_styles | no_transition_styles,2.5874
sony music,14,,,,,no_family | no_related_styles | no_transition_styles,2.5874
sony music africa,14,,,,,no_family | no_related_styles | no_transition_styles,2.5874
stay awake,14,,,,,no_family | no_related_styles | no_transition_styles,2.5874
strange,14,,,,,no_family | no_related_styles | no_transition_styles,2.5874
the netherlands,14,,,,,no_family | no_related_styles | no_transition_styles,2.5874
trumpeter,14,,,,,no_family | no_related_styles | no_transition_styles,2.5874
violinist,14,,,,,no_family | no_related_styles | no_transition_styles,2.5874
zxc,14,,,,,no_family | no_related_styles | no_transition_styles,2.5874
rap politico,32,hip_hop,,0.45,fallback,fallback_confidence | low_primary_weight,2.5815
reggae tuga,32,caribbean,,0.45,fallback,fallback_confidence | low_primary_weight,2.5815
rock progresivo italiano,32,rock,,0.45,fallback,fallback_confidence | low_primary_weight,2.5815
crap,31,hip_hop,,0.45,fallback,fallback_confidence | low_primary_weight,2.5588
rap baiano,31,hip_hop,,0.45,fallback,fallback_confidence | low_primary_weight,2.5588
trap baiano,31,hip_hop,,0.45,fallback,fallback_confidence | low_primary_weight,2.5588
uk post-punk,31,rock,,0.45,fallback,fallback_confidence | low_primary_weight,2.5588
underground amapiano,31,african,house,0.45,fallback,fallback_confidence | low_primary_weight,2.5588
bro-country,18,country_folk,,0.45,fallback,fallback_confidence | low_primary_weight | no_transition_styles,2.5575
indie electronic,18,electronic,,0.45,fallback,fallback_confidence | low_primary_weight | no_transition_styles,2.5575
ostmetal,18,metal,,0.45,fallback,fallback_confidence | low_primary_weight | no_transition_styles,2.5575
afro-pop,30,pop,,0.45,fallback,fallback_confidence | low_primary_weight,2.5353
indorock,30,rock,,0.45,fallback,fallback_confidence | low_primary_weight,2.5353
rap angolano,30,hip_hop,,0.45,fallback,fallback_confidence | low_primary_weight,2.5353
rap calme,30,hip_hop,,0.45,fallback,fallback_confidence | low_primary_weight,2.5353
rap chretien,30,hip_hop,,0.45,fallback,fallback_confidence | low_primary_weight,2.5353
trap catala,30,hip_hop,,0.45,fallback,fallback_confidence | low_primary_weight,2.5353
2020s hong kong debut,13,,,,,no_family | no_related_styles | no_transition_styles,2.5215
acoustic cover,13,,,,,no_family | no_related_styles | no_transition_styles,2.5215
adele,13,,,,,no_family | no_related_styles | no_transition_styles,2.5215
afrorave,13,,,,,no_family | no_related_styles | no_transition_styles,2.5215
aternative dance,13,,,,,no_family | no_related_styles | no_transition_styles,2.5215
barnsagor,13,,,,,no_family | no_related_styles | no_transition_styles,2.5215
brasil,13,,,,,no_family | no_related_styles | no_transition_styles,2.5215
bristol,13,,,,,no_family | no_related_styles | no_transition_styles,2.5215
defacing,13,,,,,no_family | no_related_styles | no_transition_styles,2.5215
festigal,13,,,,,no_family | no_related_styles | no_transition_styles,2.5215
footwork,13,,,,,no_family | no_related_styles | no_transition_styles,2.5215
former musician,13,,,,,no_family | no_related_styles | no_transition_styles,2.5215
get dumb,13,,,,,no_family | no_related_styles | no_transition_styles,2.5215
gold,13,,,,,no_family | no_related_styles | no_transition_styles,2.5215
hardwave,13,,,,,no_family | no_related_styles | no_transition_styles,2.5215
irlandais,13,,,,,no_family | no_related_styles | no_transition_styles,2.5215
irlande,13,,,,,no_family | no_related_styles | no_transition_styles,2.5215
kizzy,13,,,,,no_family | no_related_styles | no_transition_styles,2.5215
kizzy mchugh,13,,,,,no_family | no_related_styles | no_transition_styles,2.5215
krushclub,13,,,,,no_family | no_related_styles | no_transition_styles,2.5215
lgbtqia+,13,,,,,no_family | no_related_styles | no_transition_styles,2.5215
musica nicaraguense,13,,,,,no_family | no_related_styles | no_transition_styles,2.5215
musica tlaxcalteca,13,,,,,no_family | no_related_styles | no_transition_styles,2.5215
ndw,13,,,,,no_family | no_related_styles | no_transition_styles,2.5215
neue neue deutsche welle,13,,,,,no_family | no_related_styles | no_transition_styles,2.5215
perth indie,13,,,,,no_family | no_related_styles | no_transition_styles,2.5215
politician,13,,,,,no_family | no_related_styles | no_transition_styles,2.5215
quebec,13,,,,,no_family | no_related_styles | no_transition_styles,2.5215
roger waters,13,,,,,no_family | no_related_styles | no_transition_styles,2.5215
rolling stones,13,,,,,no_family | no_related_styles | no_transition_styles,2.5215
seconds,13,,,,,no_family | no_related_styles | no_transition_styles,2.5215
senegalese,13,,,,,no_family | no_related_styles | no_transition_styles,2.5215
south american,13,,,,,no_family | no_related_styles | no_transition_styles,2.5215
space,13,,,,,no_family | no_related_styles | no_transition_styles,2.5215
surreal,13,,,,,no_family | no_related_styles | no_transition_styles,2.5215
sxsw,13,,,,,no_family | no_related_styles | no_transition_styles,2.5215
texan,13,,,,,no_family | no_related_styles | no_transition_styles,2.5215
tiktok,13,,,,,no_family | no_related_styles | no_transition_styles,2.5215
top 5,13,,,,,no_family | no_related_styles | no_transition_styles,2.5215
twelve-tone,13,,,,,no_family | no_related_styles | no_transition_styles,2.5215
zolo,13,,,,,no_family | no_related_styles | no_transition_styles,2.5215
dancehall queen,29,caribbean,,0.45,fallback,fallback_confidence | low_primary_weight,2.5111
rap catala,29,hip_hop,,0.45,fallback,fallback_confidence | low_primary_weight,2.5111
trap venezolano,29,hip_hop,,0.45,fallback,fallback_confidence | low_primary_weight,2.5111
cedm,17,electronic,,0.45,fallback,fallback_confidence | low_primary_weight | no_transition_styles,2.5105
country christian,17,country_folk,gospel_spiritual,0.45,fallback,fallback_confidence | low_primary_weight | no_transition_styles,2.5105
deep soul,17,rnb_soul,,0.45,fallback,fallback_confidence | low_primary_weight | no_transition_styles,2.5105
eurotrance,17,trance,,0.45,fallback,fallback_confidence | low_primary_weight | no_transition_styles,2.5105
finnish electro,17,electronic,,0.45,fallback,fallback_confidence | low_primary_weight | no_transition_styles,2.5105
latin worship,17,gospel_spiritual,,0.45,fallback,fallback_confidence | low_primary_weight | no_transition_styles,2.5105
american idol,28,pop,,0.45,fallback,fallback_confidence | low_primary_weight,2.4861
acoustic opm,16,world_asian,,0.45,fallback,fallback_confidence | low_primary_weight | no_transition_styles,2.4609
baroque music,16,classical,,0.45,fallback,fallback_confidence | low_primary_weight | no_transition_styles,2.4609
black americana,16,country_folk,,0.45,fallback,fallback_confidence | low_primary_weight | no_transition_styles,2.4609
christian bluegrass,16,country_folk,gospel_spiritual,0.45,fallback,fallback_confidence | low_primary_weight | no_transition_styles,2.4609
christian edm,16,electronic,gospel_spiritual,0.45,fallback,fallback_confidence | low_primary_weight | no_transition_styles,2.4609
ectofolk,16,country_folk,,0.45,fallback,fallback_confidence | low_primary_weight | no_transition_styles,2.4609
electro-industrial,16,electronic,,0.45,fallback,fallback_confidence | low_primary_weight | no_transition_styles,2.4609
forro tradicional,16,brazilian,,0.45,fallback,fallback_confidence | low_primary_weight | no_transition_styles,2.4609
greek swing,16,jazz_blues,,0.45,fallback,fallback_confidence | low_primary_weight | no_transition_styles,2.4609
opera seria,16,classical,,0.45,fallback,fallback_confidence | low_primary_weight | no_transition_styles,2.4609
stoner doom,16,metal,,0.45,fallback,fallback_confidence | low_primary_weight | no_transition_styles,2.4609
cabo zouk kizomba,27,caribbean,,0.45,fallback,fallback_confidence | low_primary_weight,2.4602
pop peruano,27,pop,,0.45,fallback,fallback_confidence | low_primary_weight,2.4602
rap espanol,27,hip_hop,,0.45,fallback,fallback_confidence | low_primary_weight,2.4602
tontipop,27,pop,,0.45,fallback,fallback_confidence | low_primary_weight,2.4602
16-bit,12,,,,,no_family | no_related_styles | no_transition_styles,2.4507
activists,12,,,,,no_family | no_related_styles | no_transition_styles,2.4507
ai,12,,,,,no_family | no_related_styles | no_transition_styles,2.4507
alternative singer,12,,,,,no_family | no_related_styles | no_transition_styles,2.4507
androgynous vocals,12,,,,,no_family | no_related_styles | no_transition_styles,2.4507
austrian indie,12,,,,,no_family | no_related_styles | no_transition_styles,2.4507
balkan beats,12,,,,,no_family | no_related_styles | no_transition_styles,2.4507
beautiful,12,,,,,no_family | no_related_styles | no_transition_styles,2.4507
belgian,12,,,,,no_family | no_related_styles | no_transition_styles,2.4507
biggest,12,,,,,no_family | no_related_styles | no_transition_styles,2.4507
bounce,12,,,,,no_family | no_related_styles | no_transition_styles,2.4507
breaks,12,,,,,no_family | no_related_styles | no_transition_styles,2.4507
c81,12,,,,,no_family | no_related_styles | no_transition_styles,2.4507
checkme recordings,12,,,,,no_family | no_related_styles | no_transition_styles,2.4507
confetti,12,,,,,no_family | no_related_styles | no_transition_styles,2.4507
contemporary african,12,,,,,no_family | no_related_styles | no_transition_styles,2.4507
cuban,12,,,,,no_family | no_related_styles | no_transition_styles,2.4507
death by automobile,12,,,,,no_family | no_related_styles | no_transition_styles,2.4507
deep german indie,12,,,,,no_family | no_related_styles | no_transition_styles,2.4507
digital fusion,12,,,,,no_family | no_related_styles | no_transition_styles,2.4507
discofox,12,,,,,no_family | no_related_styles | no_transition_styles,2.4507
dna,12,,,,,no_family | no_related_styles | no_transition_styles,2.4507
dunedin sound,12,,,,,no_family | no_related_styles | no_transition_styles,2.4507
electonic,12,,,,,no_family | no_related_styles | no_transition_styles,2.4507
feminists,12,,,,,no_family | no_related_styles | no_transition_styles,2.4507
fiction,12,,,,,no_family | no_related_styles | no_transition_styles,2.4507
funky,12,,,,,no_family | no_related_styles | no_transition_styles,2.4507
gary moore,12,,,,,no_family | no_related_styles | no_transition_styles,2.4507
get weird,12,,,,,no_family | no_related_styles | no_transition_styles,2.4507
girl band,12,,,,,no_family | no_related_styles | no_transition_styles,2.4507
girl-group,12,,,,,no_family | no_related_styles | no_transition_styles,2.4507
glory days,12,,,,,no_family | no_related_styles | no_transition_styles,2.4507
god,12,,,,,no_family | no_related_styles | no_transition_styles,2.4507
hopebeat,12,,,,,no_family | no_related_styles | no_transition_styles,2.4507
in the mood,12,,,,,no_family | no_related_styles | no_transition_styles,2.4507
jade thirlwall,12,,,,,no_family | no_related_styles | no_transition_styles,2.4507
jahseh onfroy,12,,,,,no_family | no_related_styles | no_transition_styles,2.4507
jamaica,12,,,,,no_family | no_related_styles | no_transition_styles,2.4507
jesy nelson,12,,,,,no_family | no_related_styles | no_transition_styles,2.4507
kind,12,,,,,no_family | no_related_styles | no_transition_styles,2.4507
kindest,12,,,,,no_family | no_related_styles | no_transition_styles,2.4507
kweens,12,,,,,no_family | no_related_styles | no_transition_styles,2.4507
latmiya,12,,,,,no_family | no_related_styles | no_transition_styles,2.4507
leigh-anne pinnock,12,,,,,no_family | no_related_styles | no_transition_styles,2.4507
lm5,12,,,,,no_family | no_related_styles | no_transition_styles,2.4507
love u sonu,12,,,,,no_family | no_related_styles | no_transition_styles,2.4507
musica andina,12,,,,,no_family | no_related_styles | no_transition_styles,2.4507
my blue heaven,12,,,,,no_family | no_related_styles | no_transition_styles,2.4507
new beat,12,,,,,no_family | no_related_styles | no_transition_styles,2.4507
new york shit,12,,,,,no_family | no_related_styles | no_transition_styles,2.4507
no beat,12,,,,,no_family | no_related_styles | no_transition_styles,2.4507
novelists,12,,,,,no_family | no_related_styles | no_transition_styles,2.4507
palindrome,12,,,,,no_family | no_related_styles | no_transition_styles,2.4507
perreo,12,,,,,no_family | no_related_styles | no_transition_styles,2.4507
perrie edwards,12,,,,,no_family | no_related_styles | no_transition_styles,2.4507
poete,12,,,,,no_family | no_related_styles | no_transition_styles,2.4507
puro corazon,12,,,,,no_family | no_related_styles | no_transition_styles,2.4507
queens,12,,,,,no_family | no_related_styles | no_transition_styles,2.4507
rca,12,,,,,no_family | no_related_styles | no_transition_styles,2.4507
richest,12,,,,,no_family | no_related_styles | no_transition_styles,2.4507
salute,12,,,,,no_family | no_related_styles | no_transition_styles,2.4507
science fiction,12,,,,,no_family | no_related_styles | no_transition_styles,2.4507
semba,12,,,,,no_family | no_related_styles | no_transition_styles,2.4507
sequencer & tracker,12,,,,,no_family | no_related_styles | no_transition_styles,2.4507
snoop dogg,12,,,,,no_family | no_related_styles | no_transition_styles,2.4507
sonu nigam,12,,,,,no_family | no_related_styles | no_transition_styles,2.4507
standard group,12,,,,,no_family | no_related_styles | no_transition_styles,2.4507
supporter,12,,,,,no_family | no_related_styles | no_transition_styles,2.4507
sweet bands,12,,,,,no_family | no_related_styles | no_transition_styles,2.4507
tallava,12,,,,,no_family | no_related_styles | no_transition_styles,2.4507
tipico,12,,,,,no_family | no_related_styles | no_transition_styles,2.4507
triphop,12,,,,,no_family | no_related_styles | no_transition_styles,2.4507
video game developer,12,,,,,no_family | no_related_styles | no_transition_styles,2.4507
wu-tang,12,,,,,no_family | no_related_styles | no_transition_styles,2.4507
xxxtentacion,12,,,,,no_family | no_related_styles | no_transition_styles,2.4507
zydeco,12,,,,,no_family | no_related_styles | no_transition_styles,2.4507
canadian electropop,26,electronic,pop,0.45,fallback,fallback_confidence | low_primary_weight,2.4333
deutschpunk,26,rock,,0.45,fallback,fallback_confidence | low_primary_weight,2.4333
nu-cumbia,26,latin_tropical,,0.45,fallback,fallback_confidence | low_primary_weight,2.4333
pop boliviano,26,pop,,0.45,fallback,fallback_confidence | low_primary_weight,2.4333
bedroom soul,15,rnb_soul,,0.45,fallback,fallback_confidence | low_primary_weight | no_transition_styles,2.4082
chilean hardcore,15,metal,,0.45,fallback,fallback_confidence | low_primary_weight | no_transition_styles,2.4082
classical folk,15,classical,country_folk,0.45,fallback,fallback_confidence | low_primary_weight | no_transition_styles,2.4082
french indietronica,15,electronic,,0.45,fallback,fallback_confidence | low_primary_weight | no_transition_styles,2.4082
hamburg electronic,15,electronic,,0.45,fallback,fallback_confidence | low_primary_weight | no_transition_styles,2.4082
neo-classical,15,classical,,0.45,fallback,fallback_confidence | low_primary_weight | no_transition_styles,2.4082
progressive soul,15,rnb_soul,,0.45,fallback,fallback_confidence | low_primary_weight | no_transition_styles,2.4082
ukrainian edm,15,electronic,middle_eastern,0.45,fallback,fallback_confidence | low_primary_weight | no_transition_styles,2.4082
rap chileno,25,hip_hop,,0.45,fallback,fallback_confidence | low_primary_weight,2.4055
t-pop boy group,25,pop,world_asian,0.45,fallback,fallback_confidence | low_primary_weight,2.4055
danish post-punk,24,rock,,0.45,fallback,fallback_confidence | low_primary_weight,2.3765
pop country,24,country_folk,pop,0.45,fallback,fallback_confidence | low_primary_weight,2.3765
protopunk,24,rock,,0.45,fallback,fallback_confidence | low_primary_weight,2.3765
rap antillais,24,hip_hop,,0.45,fallback,fallback_confidence | low_primary_weight,2.3765
27 club,11,,,,,no_family | no_related_styles | no_transition_styles,2.3742
8-bit,11,,,,,no_family | no_related_styles | no_transition_styles,2.3742
adoracao,11,,,,,no_family | no_related_styles | no_transition_styles,2.3742
australian indigenous music,11,,,,,no_family | no_related_styles | no_transition_styles,2.3742
canadian indigenous music,11,,,,,no_family | no_related_styles | no_transition_styles,2.3742
cha-cha-cha,11,,,,,no_family | no_related_styles | no_transition_styles,2.3742
chinese minyao,11,,,,,no_family | no_related_styles | no_transition_styles,2.3742
coldwave,11,,,,,no_family | no_related_styles | no_transition_styles,2.3742
comedy music,11,,,,,no_family | no_related_styles | no_transition_styles,2.3742
concepcion indie,11,,,,,no_family | no_related_styles | no_transition_styles,2.3742
crossover thrash,11,,,,,no_family | no_related_styles | no_transition_styles,2.3742
cuban rumba,11,,,,,no_family | no_related_styles | no_transition_styles,2.3742
death by breast cancer,11,,,,,no_family | no_related_styles | no_transition_styles,2.3742
disc jockeys,11,,,,,no_family | no_related_styles | no_transition_styles,2.3742
elektronische musik,11,,,,,no_family | no_related_styles | no_transition_styles,2.3742
elephant 6,11,,,,,no_family | no_related_styles | no_transition_styles,2.3742
exprimental,11,,,,,no_family | no_related_styles | no_transition_styles,2.3742
factory records,11,,,,,no_family | no_related_styles | no_transition_styles,2.3742
flute sonata,11,,,,,no_family | no_related_styles | no_transition_styles,2.3742
furry,11,,,,,no_family | no_related_styles | no_transition_styles,2.3742
ghanaian alternative,11,,,,,no_family | no_related_styles | no_transition_styles,2.3742
ghent indie,11,,,,,no_family | no_related_styles | no_transition_styles,2.3742
glasgow indie,11,,,,,no_family | no_related_styles | no_transition_styles,2.3742
grave wave,11,,,,,no_family | no_related_styles | no_transition_styles,2.3742
great songs,11,,,,,no_family | no_related_styles | no_transition_styles,2.3742
i grandi concerti,11,,,,,no_family | no_related_styles | no_transition_styles,2.3742
l olimpiade,11,,,,,no_family | no_related_styles | no_transition_styles,2.3742
manguebeat,11,,,,,no_family | no_related_styles | no_transition_styles,2.3742
minimalist,11,,,,,no_family | no_related_styles | no_transition_styles,2.3742
morna,11,,,,,no_family | no_related_styles | no_transition_styles,2.3742
naxos piano trios,11,,,,,no_family | no_related_styles | no_transition_styles,2.3742
nepalese,11,,,,,no_family | no_related_styles | no_transition_styles,2.3742
norway,11,,,,,no_family | no_related_styles | no_transition_styles,2.3742
orlado furioso,11,,,,,no_family | no_related_styles | no_transition_styles,2.3742
orlando furioso spinosi,11,,,,,no_family | no_related_styles | no_transition_styles,2.3742
poet,11,,,,,no_family | no_related_styles | no_transition_styles,2.3742
rabindra sangeet,11,,,,,no_family | no_related_styles | no_transition_styles,2.3742
space music,11,,,,,no_family | no_related_styles | no_transition_styles,2.3742
string quartet,11,,,,,no_family | no_related_styles | no_transition_styles,2.3742
tanbi kei,11,,,,,no_family | no_related_styles | no_transition_styles,2.3742
two-tone,11,,,,,no_family | no_related_styles | no_transition_styles,2.3742
vancouver indie,11,,,,,no_family | no_related_styles | no_transition_styles,2.3742
weirdcore,11,,,,,no_family | no_related_styles | no_transition_styles,2.3742
wiener akademie,11,,,,,no_family | no_related_styles | no_transition_styles,2.3742
ambient americana,14,country_folk,electronic,0.45,fallback,fallback_confidence | low_primary_weight | no_transition_styles,2.3522
blue eyed soul,14,rnb_soul,,0.45,fallback,fallback_confidence | low_primary_weight | no_transition_styles,2.3522
dutch americana,14,country_folk,,0.45,fallback,fallback_confidence | low_primary_weight | no_transition_styles,2.3522
psy-trance,14,trance,,0.45,fallback,fallback_confidence | low_primary_weight | no_transition_styles,2.3522
space ambient,14,electronic,,0.45,fallback,fallback_confidence | low_primary_weight | no_transition_styles,2.3522
techno kayo,14,techno,,0.45,fallback,fallback_confidence | low_primary_weight | no_transition_styles,2.3522
cyberpunk,23,rock,,0.45,fallback,fallback_confidence | low_primary_weight,2.3464
rap quebecois,23,hip_hop,,0.45,fallback,fallback_confidence | low_primary_weight,2.3464
trap mexicano,23,hip_hop,,0.45,fallback,fallback_confidence | low_primary_weight,2.3464
baltic folk,13,country_folk,,0.45,fallback,fallback_confidence | low_primary_weight | no_transition_styles,2.2923
contemporary worship,13,gospel_spiritual,,0.45,fallback,fallback_confidence | low_primary_weight | no_transition_styles,2.2923
euro-trance,13,trance,,0.45,fallback,fallback_confidence | low_primary_weight | no_transition_styles,2.2923
folklore chileno,13,country_folk,,0.45,fallback,fallback_confidence | low_primary_weight | no_transition_styles,2.2923
indian folk,13,country_folk,,0.45,fallback,fallback_confidence | low_primary_weight | no_transition_styles,2.2923
indie game soundtrack,13,soundtrack_stage,,0.45,fallback,fallback_confidence | low_primary_weight | no_transition_styles,2.2923
japanese vgm,13,soundtrack_stage,,0.45,fallback,fallback_confidence | low_primary_weight | no_transition_styles,2.2923
latvian folk,13,country_folk,,0.45,fallback,fallback_confidence | low_primary_weight | no_transition_styles,2.2923
musical comedy,13,soundtrack_stage,,0.45,fallback,fallback_confidence | low_primary_weight | no_transition_styles,2.2923
nz christian,13,gospel_spiritual,,0.45,fallback,fallback_confidence | low_primary_weight | no_transition_styles,2.2923
scottish singer-songwriter,13,country_folk,,0.45,fallback,fallback_confidence | low_primary_weight | no_transition_styles,2.2923
uk metalcore,13,metal,,0.45,fallback,fallback_confidence | low_primary_weight | no_transition_styles,2.2923
4ad,10,,,,,no_family | no_related_styles | no_transition_styles,2.2911
american string quartet,10,,,,,no_family | no_related_styles | no_transition_styles,2.2911
australian r & b,10,,,,,no_family | no_related_styles | no_transition_styles,2.2911
baggy,10,,,,,no_family | no_related_styles | no_transition_styles,2.2911
bhojiwood,10,,,,,no_family | no_related_styles | no_transition_styles,2.2911
brony,10,,,,,no_family | no_related_styles | no_transition_styles,2.2911
canadian celtic,10,,,,,no_family | no_related_styles | no_transition_styles,2.2911
celtic fusion,10,,,,,no_family | no_related_styles | no_transition_styles,2.2911
cologne,10,,,,,no_family | no_related_styles | no_transition_styles,2.2911
congolese rumba,10,,,,,no_family | no_related_styles | no_transition_styles,2.2911
crunk & b,10,,,,,no_family | no_related_styles | no_transition_styles,2.2911
crunkcore,10,,,,,no_family | no_related_styles | no_transition_styles,2.2911
dallas,10,,,,,no_family | no_related_styles | no_transition_styles,2.2911
death by overdose,10,,,,,no_family | no_related_styles | no_transition_styles,2.2911
dixieland,10,,,,,no_family | no_related_styles | no_transition_styles,2.2911
folclor colombiano,10,,,,,no_family | no_related_styles | no_transition_styles,2.2911
folclore,10,,,,,no_family | no_related_styles | no_transition_styles,2.2911
greek hip-hop,10,,,,,no_family | no_related_styles | no_transition_styles,2.2911
hong kong actor,10,,,,,no_family | no_related_styles | no_transition_styles,2.2911
incomplete remix,10,,,,,no_family | no_related_styles | no_transition_styles,2.2911
instrumentalists,10,,,,,no_family | no_related_styles | no_transition_styles,2.2911
introspective,10,,,,,no_family | no_related_styles | no_transition_styles,2.2911
jamaican ska,10,,,,,no_family | no_related_styles | no_transition_styles,2.2911
jawaiian,10,,,,,no_family | no_related_styles | no_transition_styles,2.2911
john mayer,10,,,,,no_family | no_related_styles | no_transition_styles,2.2911
lagu sabahan,10,,,,,no_family | no_related_styles | no_transition_styles,2.2911
mali,10,,,,,no_family | no_related_styles | no_transition_styles,2.2911
middle east,10,,,,,no_family | no_related_styles | no_transition_styles,2.2911
monterrey indie,10,,,,,no_family | no_related_styles | no_transition_styles,2.2911
musica canaria,10,,,,,no_family | no_related_styles | no_transition_styles,2.2911
naat,10,,,,,no_family | no_related_styles | no_transition_styles,2.2911
newgrass,10,,,,,no_family | no_related_styles | no_transition_styles,2.2911
night and day,10,,,,,no_family | no_related_styles | no_transition_styles,2.2911
paul barnes,10,,,,,no_family | no_related_styles | no_transition_styles,2.2911
plugg francais,10,,,,,no_family | no_related_styles | no_transition_styles,2.2911
scandinave,10,,,,,no_family | no_related_styles | no_transition_styles,2.2911
scandinavia,10,,,,,no_family | no_related_styles | no_transition_styles,2.2911
scandinavie,10,,,,,no_family | no_related_styles | no_transition_styles,2.2911
sentimento,10,,,,,no_family | no_related_styles | no_transition_styles,2.2911
shibuya-kei,10,,,,,no_family | no_related_styles | no_transition_styles,2.2911
south african r & b,10,,,,,no_family | no_related_styles | no_transition_styles,2.2911
speed up brasileiro,10,,,,,no_family | no_related_styles | no_transition_styles,2.2911
uppsala indie,10,,,,,no_family | no_related_styles | no_transition_styles,2.2911
wafuu kei,10,,,,,no_family | no_related_styles | no_transition_styles,2.2911
yo no me doy por vencido,10,,,,,no_family | no_related_styles | no_transition_styles,2.2911
boom bap espanol,21,hip_hop,,0.45,fallback,fallback_confidence | low_primary_weight,2.2821
britpop revival,20,pop,rock,0.45,fallback,fallback_confidence | low_primary_weight,2.2478
electro-pop francais,20,electronic,pop,0.45,fallback,fallback_confidence | low_primary_weight,2.2478
johnny cash rock island,20,rock,,0.45,fallback,fallback_confidence | low_primary_weight,2.2478
oriental ballad,20,pop,,0.45,fallback,fallback_confidence | low_primary_weight,2.2478
parocktikum,20,rock,,0.45,fallback,fallback_confidence | low_primary_weight,2.2478
trap carioca,20,hip_hop,,0.45,fallback,fallback_confidence | low_primary_weight,2.2478
traphall,20,hip_hop,,0.45,fallback,fallback_confidence | low_primary_weight,2.2478
country folk,12,country_folk,,0.45,fallback,fallback_confidence | low_primary_weight | no_transition_styles,2.2279
dancefloor drum and bass,12,bass_music,,0.45,fallback,fallback_confidence | low_primary_weight | no_transition_styles,2.2279
danish singer-songwriter,12,country_folk,,0.45,fallback,fallback_confidence | low_primary_weight | no_transition_styles,2.2279
dark folk,12,country_folk,,0.45,fallback,fallback_confidence | low_primary_weight | no_transition_styles,2.2279
electric folk,12,country_folk,,0.45,fallback,fallback_confidence | low_primary_weight | no_transition_styles,2.2279
estonian folk,12,country_folk,,0.45,fallback,fallback_confidence | low_primary_weight | no_transition_styles,2.2279
jazztronica,12,jazz_blues,,0.45,fallback,fallback_confidence | low_primary_weight | no_transition_styles,2.2279
russian edm,12,electronic,,0.45,fallback,fallback_confidence | low_primary_weight | no_transition_styles,2.2279
uk street soul,12,rnb_soul,,0.45,fallback,fallback_confidence | low_primary_weight | no_transition_styles,2.2279
ukrainian psychedelic,12,middle_eastern,,0.45,fallback,fallback_confidence | low_primary_weight | no_transition_styles,2.2279
funk,1517,rnb_soul,jazz_blues,0.95,manual,no_related_styles | no_transition_styles,2.2269
indie,1470,rock,pop,0.7,manual,no_related_styles | no_transition_styles,2.2173
bitpop,19,pop,,0.45,fallback,fallback_confidence | low_primary_weight,2.2118
fun-punk,19,rock,,0.45,fallback,fallback_confidence | low_primary_weight,2.2118
idol,19,pop,,0.45,fallback,fallback_confidence | low_primary_weight,2.2118
indie electropop,19,electronic,pop,0.45,fallback,fallback_confidence | low_primary_weight,2.2118
lithuanian synth-pop,19,pop,,0.45,fallback,fallback_confidence | low_primary_weight,2.2118
oldschool deutschrap,19,hip_hop,,0.45,fallback,fallback_confidence | low_primary_weight,2.2118
romanian dance-pop,19,pop,,0.45,fallback,fallback_confidence | low_primary_weight,2.2118
1980s hong kong debut,9,,,,,no_family | no_related_styles | no_transition_styles,2.2
aromani,9,,,,,no_family | no_related_styles | no_transition_styles,2.2
asimakmal,9,,,,,no_family | no_related_styles | no_transition_styles,2.2
auteur-compositeur-interprete quebecois,9,,,,,no_family | no_related_styles | no_transition_styles,2.2
bilder,9,,,,,no_family | no_related_styles | no_transition_styles,2.2
birmingham indie,9,,,,,no_family | no_related_styles | no_transition_styles,2.2
brasileiro,9,,,,,no_family | no_related_styles | no_transition_styles,2.2
cananda,9,,,,,no_family | no_related_styles | no_transition_styles,2.2
chutney,9,,,,,no_family | no_related_styles | no_transition_styles,2.2
classic disco polo,9,,,,,no_family | no_related_styles | no_transition_styles,2.2
death by kidney failure,9,,,,,no_family | no_related_styles | no_transition_styles,2.2
deutsch,9,,,,,no_family | no_related_styles | no_transition_styles,2.2
dominican indie,9,,,,,no_family | no_related_styles | no_transition_styles,2.2
early romantic era,9,,,,,no_family | no_related_styles | no_transition_styles,2.2
enka,9,,,,,no_family | no_related_styles | no_transition_styles,2.2
eurovision song contest,9,,,,,no_family | no_related_styles | no_transition_styles,2.2
filipino,9,,,,,no_family | no_related_styles | no_transition_styles,2.2
fremantle indie,9,,,,,no_family | no_related_styles | no_transition_styles,2.2
glitchcore,9,,,,,no_family | no_related_styles | no_transition_styles,2.2
guitariste,9,,,,,no_family | no_related_styles | no_transition_styles,2.2
heavy prog,9,,,,,no_family | no_related_styles | no_transition_styles,2.2
hit squad,9,,,,,no_family | no_related_styles | no_transition_styles,2.2
jojo,9,,,,,no_family | no_related_styles | no_transition_styles,2.2
klubowe,9,,,,,no_family | no_related_styles | no_transition_styles,2.2
mandarin,9,,,,,no_family | no_related_styles | no_transition_styles,2.2
mbalax,9,,,,,no_family | no_related_styles | no_transition_styles,2.2
mr. big,9,,,,,no_family | no_related_styles | no_transition_styles,2.2
musica costarricense,9,,,,,no_family | no_related_styles | no_transition_styles,2.2
nantes indie,9,,,,,no_family | no_related_styles | no_transition_styles,2.2
nintendocore,9,,,,,no_family | no_related_styles | no_transition_styles,2.2
nohay,9,,,,,no_family | no_related_styles | no_transition_styles,2.2
parody,9,,,,,no_family | no_related_styles | no_transition_styles,2.2
percussionist,9,,,,,no_family | no_related_styles | no_transition_styles,2.2
polish composer,9,,,,,no_family | no_related_styles | no_transition_styles,2.2
rebetiko,9,,,,,no_family | no_related_styles | no_transition_styles,2.2
scenecore,9,,,,,no_family | no_related_styles | no_transition_styles,2.2
seattle indie,9,,,,,no_family | no_related_styles | no_transition_styles,2.2
september,9,,,,,no_family | no_related_styles | no_transition_styles,2.2
shit,9,,,,,no_family | no_related_styles | no_transition_styles,2.2
sido,9,,,,,no_family | no_related_styles | no_transition_styles,2.2
sludge,9,,,,,no_family | no_related_styles | no_transition_styles,2.2
sri lankan,9,,,,,no_family | no_related_styles | no_transition_styles,2.2
suede,9,,,,,no_family | no_related_styles | no_transition_styles,2.2
suedois,9,,,,,no_family | no_related_styles | no_transition_styles,2.2
sweet,9,,,,,no_family | no_related_styles | no_transition_styles,2.2
today is your birthday,9,,,,,no_family | no_related_styles | no_transition_styles,2.2
turin indie,9,,,,,no_family | no_related_styles | no_transition_styles,2.2
turkish instrumental,9,,,,,no_family | no_related_styles | no_transition_styles,2.2
ultimate,9,,,,,no_family | no_related_styles | no_transition_styles,2.2
vegan,9,,,,,no_family | no_related_styles | no_transition_styles,2.2
womens music,9,,,,,no_family | no_related_styles | no_transition_styles,2.2
chill phonk,18,hip_hop,,0.45,fallback,fallback_confidence | low_primary_weight,2.1739
danish electropop,18,electronic,pop,0.45,fallback,fallback_confidence | low_primary_weight,2.1739
house music,18,house,,0.45,fallback,fallback_confidence | low_primary_weight,2.1739
rap df,18,hip_hop,,0.45,fallback,fallback_confidence | low_primary_weight,2.1739
russian post-punk,18,rock,,0.45,fallback,fallback_confidence | low_primary_weight,2.1739
tropicalia,18,latin_tropical,,0.45,fallback,fallback_confidence | low_primary_weight,2.1739
christian folk,11,country_folk,gospel_spiritual,0.45,fallback,fallback_confidence | low_primary_weight | no_transition_styles,2.1584
folk-fuzz,11,country_folk,,0.45,fallback,fallback_confidence | low_primary_weight | no_transition_styles,2.1584
korean singer-songwriter,11,country_folk,,0.45,fallback,fallback_confidence | low_primary_weight | no_transition_styles,2.1584
modern country,11,country_folk,,0.45,fallback,fallback_confidence | low_primary_weight | no_transition_styles,2.1584
2nd gen k-pop,17,pop,world_asian,0.45,fallback,fallback_confidence | low_primary_weight,2.134
avant-pop,17,pop,world_asian,0.45,fallback,fallback_confidence | low_primary_weight,2.134
rock nacional brasileiro,17,rock,,0.45,fallback,fallback_confidence | low_primary_weight,2.134
10 cd,8,,,,,no_family | no_related_styles | no_transition_styles,2.0993
42 dugg,8,,,,,no_family | no_related_styles | no_transition_styles,2.0993
aberdeen,8,,,,,no_family | no_related_styles | no_transition_styles,2.0993
aslı,8,,,,,no_family | no_related_styles | no_transition_styles,2.0993
baritone,8,,,,,no_family | no_related_styles | no_transition_styles,2.0993
beholder,8,,,,,no_family | no_related_styles | no_transition_styles,2.0993
black lantern music,8,,,,,no_family | no_related_styles | no_transition_styles,2.0993
border reiver,8,,,,,no_family | no_related_styles | no_transition_styles,2.0993
box set,8,,,,,no_family | no_related_styles | no_transition_styles,2.0993
burmese,8,,,,,no_family | no_related_styles | no_transition_styles,2.0993
cellist,8,,,,,no_family | no_related_styles | no_transition_styles,2.0993
children s,8,,,,,no_family | no_related_styles | no_transition_styles,2.0993
childrenofdos,8,,,,,no_family | no_related_styles | no_transition_styles,2.0993
chinese audiophile,8,,,,,no_family | no_related_styles | no_transition_styles,2.0993
church music,8,,,,,no_family | no_related_styles | no_transition_styles,2.0993
classic hardstyle,8,,,,,no_family | no_related_styles | no_transition_styles,2.0993
coladeira,8,,,,,no_family | no_related_styles | no_transition_styles,2.0993
complex,8,,,,,no_family | no_related_styles | no_transition_styles,2.0993
coupe-decale,8,,,,,no_family | no_related_styles | no_transition_styles,2.0993
da,8,,,,,no_family | no_related_styles | no_transition_styles,2.0993
dalarna indie,8,,,,,no_family | no_related_styles | no_transition_styles,2.0993
dangdut remix,8,,,,,no_family | no_related_styles | no_transition_styles,2.0993
dark disco,8,,,,,no_family | no_related_styles | no_transition_styles,2.0993
death by throat cancer,8,,,,,no_family | no_related_styles | no_transition_styles,2.0993
do not split,8,,,,,no_family | no_related_styles | no_transition_styles,2.0993
dutch r & b,8,,,,,no_family | no_related_styles | no_transition_styles,2.0993
estonian,8,,,,,no_family | no_related_styles | no_transition_styles,2.0993
euphoric hardstyle,8,,,,,no_family | no_related_styles | no_transition_styles,2.0993
eurobeat,8,,,,,no_family | no_related_styles | no_transition_styles,2.0993
fado de coimbra,8,,,,,no_family | no_related_styles | no_transition_styles,2.0993
file,8,,,,,no_family | no_related_styles | no_transition_styles,2.0993
fuck ali project,8,,,,,no_family | no_related_styles | no_transition_styles,2.0993
g)i-dle,8,,,,,no_family | no_related_styles | no_transition_styles,2.0993
gidle,8,,,,,no_family | no_related_styles | no_transition_styles,2.0993
gothic lolita,8,,,,,no_family | no_related_styles | no_transition_styles,2.0993
groovy,8,,,,,no_family | no_related_styles | no_transition_styles,2.0993
gym hardstyle,8,,,,,no_family | no_related_styles | no_transition_styles,2.0993
halftime,8,,,,,no_family | no_related_styles | no_transition_styles,2.0993
hard dance,8,,,,,no_family | no_related_styles | no_transition_styles,2.0993
i-dle,8,,,,,no_family | no_related_styles | no_transition_styles,2.0993
idle,8,,,,,no_family | no_related_styles | no_transition_styles,2.0993
jalsat,8,,,,,no_family | no_related_styles | no_transition_styles,2.0993
k,8,,,,,no_family | no_related_styles | no_transition_styles,2.0993
katmandu,8,,,,,no_family | no_related_styles | no_transition_styles,2.0993
kda,8,,,,,no_family | no_related_styles | no_transition_styles,2.0993
komponist,8,,,,,no_family | no_related_styles | no_transition_styles,2.0993
korean talent show,8,,,,,no_family | no_related_styles | no_transition_styles,2.0993
lil pump,8,,,,,no_family | no_related_styles | no_transition_styles,2.0993
limerick,8,,,,,no_family | no_related_styles | no_transition_styles,2.0993
midtempo bass,8,,,,,no_family | no_related_styles | no_transition_styles,2.0993
monumentally stupid band names,8,,,,,no_family | no_related_styles | no_transition_styles,2.0993
musica andina chilena,8,,,,,no_family | no_related_styles | no_transition_styles,2.0993
musica classica,8,,,,,no_family | no_related_styles | no_transition_styles,2.0993
musique concrete,8,,,,,no_family | no_related_styles | no_transition_styles,2.0993
no wave,8,,,,,no_family | no_related_styles | no_transition_styles,2.0993
not based,8,,,,,no_family | no_related_styles | no_transition_styles,2.0993
ozzy,8,,,,,no_family | no_related_styles | no_transition_styles,2.0993
ozzy osbourne,8,,,,,no_family | no_related_styles | no_transition_styles,2.0993
path,8,,,,,no_family | no_related_styles | no_transition_styles,2.0993
performance art,8,,,,,no_family | no_related_styles | no_transition_styles,2.0993
performance name,8,,,,,no_family | no_related_styles | no_transition_styles,2.0993
persian,8,,,,,no_family | no_related_styles | no_transition_styles,2.0993
plunderphonics,8,,,,,no_family | no_related_styles | no_transition_styles,2.0993
progressive r & b,8,,,,,no_family | no_related_styles | no_transition_styles,2.0993
session,8,,,,,no_family | no_related_styles | no_transition_styles,2.0993
sinfonia,8,,,,,no_family | no_related_styles | no_transition_styles,2.0993
south african alternative,8,,,,,no_family | no_related_styles | no_transition_styles,2.0993
stride,8,,,,,no_family | no_related_styles | no_transition_styles,2.0993
swedish melodeath,8,,,,,no_family | no_related_styles | no_transition_styles,2.0993
swiss,8,,,,,no_family | no_related_styles | no_transition_styles,2.0993
swiss indie,8,,,,,no_family | no_related_styles | no_transition_styles,2.0993
tabla,8,,,,,no_family | no_related_styles | no_transition_styles,2.0993
thai bl ost,8,,,,,no_family | no_related_styles | no_transition_styles,2.0993
tina-turner,8,,,,,no_family | no_related_styles | no_transition_styles,2.0993
trust,8,,,,,no_family | no_related_styles | no_transition_styles,2.0993
urban cowboy,8,,,,,no_family | no_related_styles | no_transition_styles,2.0993
uzbekistan,8,,,,,no_family | no_related_styles | no_transition_styles,2.0993
veracruz indie,8,,,,,no_family | no_related_styles | no_transition_styles,2.0993
vocal group,8,,,,,no_family | no_related_styles | no_transition_styles,2.0993
wave,8,,,,,no_family | no_related_styles | no_transition_styles,2.0993
미연,8,,,,,no_family | no_related_styles | no_transition_styles,2.0993
민니,8,,,,,no_family | no_related_styles | no_transition_styles,2.0993
소연,8,,,,,no_family | no_related_styles | no_transition_styles,2.0993
수진,8,,,,,no_family | no_related_styles | no_transition_styles,2.0993
슈화,8,,,,,no_family | no_related_styles | no_transition_styles,2.0993
여자)아이들,8,,,,,no_family | no_related_styles | no_transition_styles,2.0993
우기,8,,,,,no_family | no_related_styles | no_transition_styles,2.0993
전소연,8,,,,,no_family | no_related_styles | no_transition_styles,2.0993
큐브,8,,,,,no_family | no_related_styles | no_transition_styles,2.0993
큐브엔터테인먼트,8,,,,,no_family | no_related_styles | no_transition_styles,2.0993
idol solo,16,pop,,0.45,fallback,fallback_confidence | low_primary_weight,2.0918
j-punk,16,rock,,0.45,fallback,fallback_confidence | low_primary_weight,2.0918
lithuanian dance-pop,16,pop,,0.45,fallback,fallback_confidence | low_primary_weight,2.0918
lithuanian post-punk,16,rock,,0.45,fallback,fallback_confidence | low_primary_weight,2.0918
ukrainian post-punk,16,middle_eastern,rock,0.45,fallback,fallback_confidence | low_primary_weight,2.0918
australian country,10,country_folk,,0.45,fallback,fallback_confidence | low_primary_weight | no_transition_styles,2.0828
australian indie folk,10,country_folk,,0.45,fallback,fallback_confidence | low_primary_weight | no_transition_styles,2.0828
belgian singer-songwriter,10,country_folk,,0.45,fallback,fallback_confidence | low_primary_weight | no_transition_styles,2.0828
brega romantico,10,brazilian,,0.45,fallback,fallback_confidence | low_primary_weight | no_transition_styles,2.0828
canadian contemporary country,10,country_folk,,0.45,fallback,fallback_confidence | low_primary_weight | no_transition_styles,2.0828
deep neofolk,10,country_folk,,0.45,fallback,fallback_confidence | low_primary_weight | no_transition_styles,2.0828
latin american classical music,10,classical,,0.45,fallback,fallback_confidence | low_primary_weight | no_transition_styles,2.0828
serrieno-banda,10,regional_mexican,,0.45,fallback,fallback_confidence | low_primary_weight | no_transition_styles,2.0828
turkish edm,10,electronic,,0.45,fallback,fallback_confidence | low_primary_weight | no_transition_styles,2.0828
#trapstar,15,hip_hop,,0.45,fallback,fallback_confidence | low_primary_weight,2.047
pop catracho,15,pop,,0.45,fallback,fallback_confidence | low_primary_weight,2.047
chicago soul,9,rnb_soul,,0.45,fallback,fallback_confidence | low_primary_weight | no_transition_styles,2.0
classic bollywood,9,world_asian,,0.45,fallback,fallback_confidence | low_primary_weight | no_transition_styles,2.0
classic opm,9,world_asian,,0.45,fallback,fallback_confidence | low_primary_weight | no_transition_styles,2.0
classic soundtrack,9,soundtrack_stage,,0.45,fallback,fallback_confidence | low_primary_weight | no_transition_styles,2.0
dark electro,9,electronic,,0.45,fallback,fallback_confidence | low_primary_weight | no_transition_styles,2.0
game soundtrack,9,soundtrack_stage,,0.45,fallback,fallback_confidence | low_primary_weight | no_transition_styles,2.0
german soundtrack,9,soundtrack_stage,,0.45,fallback,fallback_confidence | low_primary_weight | no_transition_styles,2.0
italian soundtrack,9,soundtrack_stage,,0.45,fallback,fallback_confidence | low_primary_weight | no_transition_styles,2.0
neofolk,9,country_folk,,0.45,fallback,fallback_confidence | low_primary_weight | no_transition_styles,2.0
progressive metalcore,9,metal,,0.45,fallback,fallback_confidence | low_primary_weight | no_transition_styles,2.0
1st gen k-pop,14,pop,world_asian,0.45,fallback,fallback_confidence | low_primary_weight,1.9994
azerbaijani pop singer,14,pop,,0.45,fallback,fallback_confidence | low_primary_weight,1.9994
power soca,14,caribbean,,0.45,fallback,fallback_confidence | low_primary_weight,1.9994
rock alternativo espanol,14,rock,,0.45,fallback,fallback_confidence | low_primary_weight,1.9994
rock andaluz,14,rock,,0.45,fallback,fallback_confidence | low_primary_weight,1.9994
rockstar4000,14,rock,,0.45,fallback,fallback_confidence | low_primary_weight,1.9994
90s r & b,7,,,,,no_family | no_related_styles | no_transition_styles,1.9868
albanian,7,,,,,no_family | no_related_styles | no_transition_styles,1.9868
alemanha,7,,,,,no_family | no_related_styles | no_transition_styles,1.9868
appear on hong kong postage stamps,7,,,,,no_family | no_related_styles | no_transition_styles,1.9868
ballroom vogue,7,,,,,no_family | no_related_styles | no_transition_styles,1.9868
belarusian indie,7,,,,,no_family | no_related_styles | no_transition_styles,1.9868
belgium,7,,,,,no_family | no_related_styles | no_transition_styles,1.9868
bonn,7,,,,,no_family | no_related_styles | no_transition_styles,1.9868
brazil,7,,,,,no_family | no_related_styles | no_transition_styles,1.9868
brit funk,7,,,,,no_family | no_related_styles | no_transition_styles,1.9868
british asian,7,,,,,no_family | no_related_styles | no_transition_styles,1.9868
budots,7,,,,,no_family | no_related_styles | no_transition_styles,1.9868
canadian latin,7,,,,,no_family | no_related_styles | no_transition_styles,1.9868
canadien,7,,,,,no_family | no_related_styles | no_transition_styles,1.9868
candy,7,,,,,no_family | no_related_styles | no_transition_styles,1.9868
cello,7,,,,,no_family | no_related_styles | no_transition_styles,1.9868
channel islands indie,7,,,,,no_family | no_related_styles | no_transition_styles,1.9868
children,7,,,,,no_family | no_related_styles | no_transition_styles,1.9868
chinese drama ost,7,,,,,no_family | no_related_styles | no_transition_styles,1.9868
circuit,7,,,,,no_family | no_related_styles | no_transition_styles,1.9868
covertronica,7,,,,,no_family | no_related_styles | no_transition_styles,1.9868
death by fall,7,,,,,no_family | no_related_styles | no_transition_styles,1.9868
death by stomach cancer,7,,,,,no_family | no_related_styles | no_transition_styles,1.9868
disney,7,,,,,no_family | no_related_styles | no_transition_styles,1.9868
drama,7,,,,,no_family | no_related_styles | no_transition_styles,1.9868
drummer,7,,,,,no_family | no_related_styles | no_transition_styles,1.9868
experimental r & b,7,,,,,no_family | no_related_styles | no_transition_styles,1.9868
fake,7,,,,,no_family | no_related_styles | no_transition_styles,1.9868
foxtown,7,,,,,no_family | no_related_styles | no_transition_styles,1.9868
fresh,7,,,,,no_family | no_related_styles | no_transition_styles,1.9868
fvnky rimex,7,,,,,no_family | no_related_styles | no_transition_styles,1.9868
greek indie,7,,,,,no_family | no_related_styles | no_transition_styles,1.9868
guitar god,7,,,,,no_family | no_related_styles | no_transition_styles,1.9868
harsh noise,7,,,,,no_family | no_related_styles | no_transition_styles,1.9868
harsh noise wall,7,,,,,no_family | no_related_styles | no_transition_styles,1.9868
hawaiian,7,,,,,no_family | no_related_styles | no_transition_styles,1.9868
hebrew,7,,,,,no_family | no_related_styles | no_transition_styles,1.9868
herleo muntu,7,,,,,no_family | no_related_styles | no_transition_styles,1.9868
indian fusion,7,,,,,no_family | no_related_styles | no_transition_styles,1.9868
indie curitibano,7,,,,,no_family | no_related_styles | no_transition_styles,1.9868
j-indie,7,,,,,no_family | no_related_styles | no_transition_styles,1.9868
knack am,7,,,,,no_family | no_related_styles | no_transition_styles,1.9868
lithuanian contemporary,7,,,,,no_family | no_related_styles | no_transition_styles,1.9868
maher zain the n1 for us,7,,,,,no_family | no_related_styles | no_transition_styles,1.9868
marina the diamonds,7,,,,,no_family | no_related_styles | no_transition_styles,1.9868
marseille,7,,,,,no_family | no_related_styles | no_transition_styles,1.9868
maxproduction,7,,,,,no_family | no_related_styles | no_transition_styles,1.9868
minimal synth,7,,,,,no_family | no_related_styles | no_transition_styles,1.9868
music producer,7,,,,,no_family | no_related_styles | no_transition_styles,1.9868
musica costena,7,,,,,no_family | no_related_styles | no_transition_styles,1.9868
musica hondurena,7,,,,,no_family | no_related_styles | no_transition_styles,1.9868
musica sinaloense,7,,,,,no_family | no_related_styles | no_transition_styles,1.9868
musiikkia lapsille,7,,,,,no_family | no_related_styles | no_transition_styles,1.9868
nct,7,,,,,no_family | no_related_styles | no_transition_styles,1.9868
nottingham indie,7,,,,,no_family | no_related_styles | no_transition_styles,1.9868
novelist,7,,,,,no_family | no_related_styles | no_transition_styles,1.9868
nsfw cover art,7,,,,,no_family | no_related_styles | no_transition_styles,1.9868
one life,7,,,,,no_family | no_related_styles | no_transition_styles,1.9868
philosophical,7,,,,,no_family | no_related_styles | no_transition_styles,1.9868
pirkanmaa,7,,,,,no_family | no_related_styles | no_transition_styles,1.9868
playback,7,,,,,no_family | no_related_styles | no_transition_styles,1.9868
playwright,7,,,,,no_family | no_related_styles | no_transition_styles,1.9868
powerviolence,7,,,,,no_family | no_related_styles | no_transition_styles,1.9868
queercore,7,,,,,no_family | no_related_styles | no_transition_styles,1.9868
rautalanka,7,,,,,no_family | no_related_styles | no_transition_styles,1.9868
romancier,7,,,,,no_family | no_related_styles | no_transition_styles,1.9868
scorecore,7,,,,,no_family | no_related_styles | no_transition_styles,1.9868
shornbeats,7,,,,,no_family | no_related_styles | no_transition_styles,1.9868
songs,7,,,,,no_family | no_related_styles | no_transition_styles,1.9868
south carolina,7,,,,,no_family | no_related_styles | no_transition_styles,1.9868
sovietwave,7,,,,,no_family | no_related_styles | no_transition_styles,1.9868
stomp and flutter,7,,,,,no_family | no_related_styles | no_transition_styles,1.9868
strut,7,,,,,no_family | no_related_styles | no_transition_styles,1.9868
talentschau,7,,,,,no_family | no_related_styles | no_transition_styles,1.9868
the allman brothers band,7,,,,,no_family | no_related_styles | no_transition_styles,1.9868
ttrpg,7,,,,,no_family | no_related_styles | no_transition_styles,1.9868
tunisie,7,,,,,no_family | no_related_styles | no_transition_styles,1.9868
ufw,7,,,,,no_family | no_related_styles | no_transition_styles,1.9868
underground,7,,,,,no_family | no_related_styles | no_transition_styles,1.9868
viola da gamba,7,,,,,no_family | no_related_styles | no_transition_styles,1.9868
violin,7,,,,,no_family | no_related_styles | no_transition_styles,1.9868
virtual group,7,,,,,no_family | no_related_styles | no_transition_styles,1.9868
weird america,7,,,,,no_family | no_related_styles | no_transition_styles,1.9868
wrong,7,,,,,no_family | no_related_styles | no_transition_styles,1.9868
yg family,7,,,,,no_family | no_related_styles | no_transition_styles,1.9868
ylojarvi,7,,,,,no_family | no_related_styles | no_transition_styles,1.9868
zoomergaze,7,,,,,no_family | no_related_styles | no_transition_styles,1.9868
александр горячев,7,,,,,no_family | no_related_styles | no_transition_styles,1.9868
даваидаша,7,,,,,no_family | no_related_styles | no_transition_styles,1.9868
blues-pop,13,jazz_blues,pop,0.45,fallback,fallback_confidence | low_primary_weight,1.9484
french synthpop,13,pop,,0.45,fallback,fallback_confidence | low_primary_weight,1.9484
midwest emo,13,rock,,0.45,fallback,fallback_confidence | low_primary_weight,1.9484
pop rock brasileiro,13,pop,rock,0.45,fallback,fallback_confidence | low_primary_weight,1.9484
rap lyonnais,13,hip_hop,,0.45,fallback,fallback_confidence | low_primary_weight,1.9484
rock argentino,13,rock,,0.45,fallback,fallback_confidence | low_primary_weight,1.9484
arabesque,8,middle_eastern,,0.45,fallback,fallback_confidence | low_primary_weight | no_transition_styles,1.9085
country yodeling,8,country_folk,,0.45,fallback,fallback_confidence | low_primary_weight | no_transition_styles,1.9085
electro shaabi,8,electronic,middle_eastern,0.45,fallback,fallback_confidence | low_primary_weight | no_transition_styles,1.9085
filmi sangeet,8,world_asian,,0.45,fallback,fallback_confidence | low_primary_weight | no_transition_styles,1.9085
finnish soul,8,rnb_soul,,0.45,fallback,fallback_confidence | low_primary_weight | no_transition_styles,1.9085
flemish folk,8,country_folk,,0.45,fallback,fallback_confidence | low_primary_weight | no_transition_styles,1.9085
german metalcore,8,metal,,0.45,fallback,fallback_confidence | low_primary_weight | no_transition_styles,1.9085
greek folk,8,country_folk,,0.45,fallback,fallback_confidence | low_primary_weight | no_transition_styles,1.9085
jazz trio,8,jazz_blues,,0.45,fallback,fallback_confidence | low_primary_weight | no_transition_styles,1.9085
lithuanian electro,8,electronic,,0.45,fallback,fallback_confidence | low_primary_weight | no_transition_styles,1.9085
samba-cancao,8,brazilian,,0.45,fallback,fallback_confidence | low_primary_weight | no_transition_styles,1.9085
soul shakedown party (silk's downunder mix,8,rnb_soul,,0.45,fallback,fallback_confidence | low_primary_weight | no_transition_styles,1.9085
swedish indie folk,8,country_folk,,0.45,fallback,fallback_confidence | low_primary_weight | no_transition_styles,1.9085
the queen of soul,8,rnb_soul,,0.45,fallback,fallback_confidence | low_primary_weight | no_transition_styles,1.9085
turkish soundtrack,8,soundtrack_stage,,0.45,fallback,fallback_confidence | low_primary_weight | no_transition_styles,1.9085
vintage italian soundtrack,8,soundtrack_stage,,0.45,fallback,fallback_confidence | low_primary_weight | no_transition_styles,1.9085
world worship,8,gospel_spiritual,,0.45,fallback,fallback_confidence | low_primary_weight | no_transition_styles,1.9085
electropowerpop,12,electronic,pop,0.45,fallback,fallback_confidence | low_primary_weight,1.8937
pop quebecoise,12,pop,,0.45,fallback,fallback_confidence | low_primary_weight,1.8937
rock alternativo brasileiro,12,rock,,0.45,fallback,fallback_confidence | low_primary_weight,1.8937
spanish new wave,12,rock,,0.45,fallback,fallback_confidence | low_primary_weight,1.8937
+finland (helsinki,6,,,,,no_family | no_related_styles | no_transition_styles,1.8592
1990s hong kong debut,6,,,,,no_family | no_related_styles | no_transition_styles,1.8592
19th century,6,,,,,no_family | no_related_styles | no_transition_styles,1.8592
adult alternative,6,,,,,no_family | no_related_styles | no_transition_styles,1.8592
arcangel,6,,,,,no_family | no_related_styles | no_transition_styles,1.8592
balearic,6,,,,,no_family | no_related_styles | no_transition_styles,1.8592
baltimore club,6,,,,,no_family | no_related_styles | no_transition_styles,1.8592
belo horizonte indie,6,,,,,no_family | no_related_styles | no_transition_styles,1.8592
boogaloo,6,,,,,no_family | no_related_styles | no_transition_styles,1.8592
boogie-woogie,6,,,,,no_family | no_related_styles | no_transition_styles,1.8592
bop,6,,,,,no_family | no_related_styles | no_transition_styles,1.8592
broken,6,,,,,no_family | no_related_styles | no_transition_styles,1.8592
cape town indie,6,,,,,no_family | no_related_styles | no_transition_styles,1.8592
cartoon,6,,,,,no_family | no_related_styles | no_transition_styles,1.8592
castlevania,6,,,,,no_family | no_related_styles | no_transition_styles,1.8592
catholic music,6,,,,,no_family | no_related_styles | no_transition_styles,1.8592
club dance,6,,,,,no_family | no_related_styles | no_transition_styles,1.8592
cowboy western,6,,,,,no_family | no_related_styles | no_transition_styles,1.8592
creation records,6,,,,,no_family | no_related_styles | no_transition_styles,1.8592
czech composer,6,,,,,no_family | no_related_styles | no_transition_styles,1.8592
dan dan,6,,,,,no_family | no_related_styles | no_transition_styles,1.8592
dance music hall of fame,6,,,,,no_family | no_related_styles | no_transition_styles,1.8592
death by poison,6,,,,,no_family | no_related_styles | no_transition_styles,1.8592
deep tech,6,,,,,no_family | no_related_styles | no_transition_styles,1.8592
delete,6,,,,,no_family | no_related_styles | no_transition_styles,1.8592
deltarune,6,,,,,no_family | no_related_styles | no_transition_styles,1.8592
denmark,6,,,,,no_family | no_related_styles | no_transition_styles,1.8592
denpa,6,,,,,no_family | no_related_styles | no_transition_styles,1.8592
dmv,6,,,,,no_family | no_related_styles | no_transition_styles,1.8592
duran,6,,,,,no_family | no_related_styles | no_transition_styles,1.8592
early 20th century,6,,,,,no_family | no_related_styles | no_transition_styles,1.8592
east coast hip-hop,6,,,,,no_family | no_related_styles | no_transition_styles,1.8592
entekhno,6,,,,,no_family | no_related_styles | no_transition_styles,1.8592
eurovision song contest 1985,6,,,,,no_family | no_related_styles | no_transition_styles,1.8592
filthstep,6,,,,,no_family | no_related_styles | no_transition_styles,1.8592
fransk,6,,,,,no_family | no_related_styles | no_transition_styles,1.8592
gaelic,6,,,,,no_family | no_related_styles | no_transition_styles,1.8592
grupero romantico,6,,,,,no_family | no_related_styles | no_transition_styles,1.8592
hoerspiel,6,,,,,no_family | no_related_styles | no_transition_styles,1.8592
huapango,6,,,,,no_family | no_related_styles | no_transition_styles,1.8592
impressionist,6,,,,,no_family | no_related_styles | no_transition_styles,1.8592
impro for vomir,6,,,,,no_family | no_related_styles | no_transition_styles,1.8592
indiecoustica,6,,,,,no_family | no_related_styles | no_transition_styles,1.8592
indus,6,,,,,no_family | no_related_styles | no_transition_styles,1.8592
jakim,6,,,,,no_family | no_related_styles | no_transition_styles,1.8592
latin funk,6,,,,,no_family | no_related_styles | no_transition_styles,1.8592
limerick indie,6,,,,,no_family | no_related_styles | no_transition_styles,1.8592
lyrical genius,6,,,,,no_family | no_related_styles | no_transition_styles,1.8592
malang indie,6,,,,,no_family | no_related_styles | no_transition_styles,1.8592
mento,6,,,,,no_family | no_related_styles | no_transition_styles,1.8592
merge into anon or another [spa,6,,,,,no_family | no_related_styles | no_transition_styles,1.8592
mod,6,,,,,no_family | no_related_styles | no_transition_styles,1.8592
moe song,6,,,,,no_family | no_related_styles | no_transition_styles,1.8592
music critic,6,,,,,no_family | no_related_styles | no_transition_styles,1.8592
musica catalana,6,,,,,no_family | no_related_styles | no_transition_styles,1.8592
muzika yehudit mekorit,6,,,,,no_family | no_related_styles | no_transition_styles,1.8592
needs merging into [anonymous,6,,,,,no_family | no_related_styles | no_transition_styles,1.8592
needs merging into anon.,6,,,,,no_family | no_related_styles | no_transition_styles,1.8592
nengo flow,6,,,,,no_family | no_related_styles | no_transition_styles,1.8592
never use this,6,,,,,no_family | no_related_styles | no_transition_styles,1.8592
new age piano,6,,,,,no_family | no_related_styles | no_transition_styles,1.8592
new prog,6,,,,,no_family | no_related_styles | no_transition_styles,1.8592
new romantics,6,,,,,no_family | no_related_styles | no_transition_styles,1.8592
new weird america,6,,,,,no_family | no_related_styles | no_transition_styles,1.8592
norrbotten indie,6,,,,,no_family | no_related_styles | no_transition_styles,1.8592
nuevo cancionero,6,,,,,no_family | no_related_styles | no_transition_styles,1.8592
oriental,6,,,,,no_family | no_related_styles | no_transition_styles,1.8592
outsider,6,,,,,no_family | no_related_styles | no_transition_styles,1.8592
p funk,6,,,,,no_family | no_related_styles | no_transition_styles,1.8592
palm desert scene,6,,,,,no_family | no_related_styles | no_transition_styles,1.8592
philly indie,6,,,,,no_family | no_related_styles | no_transition_styles,1.8592
piratenmuziek,6,,,,,no_family | no_related_styles | no_transition_styles,1.8592
please dont use this,6,,,,,no_family | no_related_styles | no_transition_styles,1.8592
polca paraguaya,6,,,,,no_family | no_related_styles | no_transition_styles,1.8592
porro,6,,,,,no_family | no_related_styles | no_transition_styles,1.8592
probably needs merging,6,,,,,no_family | no_related_styles | no_transition_styles,1.8592
radioman,6,,,,,no_family | no_related_styles | no_transition_styles,1.8592
regional mexican,6,,,,,no_family | no_related_styles | no_transition_styles,1.8592
religious garbage,6,,,,,no_family | no_related_styles | no_transition_styles,1.8592
romanian musician,6,,,,,no_family | no_related_styles | no_transition_styles,1.8592
scientology,6,,,,,no_family | no_related_styles | no_transition_styles,1.8592
seriously,6,,,,,no_family | no_related_styles | no_transition_styles,1.8592
simon rattle,6,,,,,no_family | no_related_styles | no_transition_styles,1.8592
sleep,6,,,,,no_family | no_related_styles | no_transition_styles,1.8592
sm,6,,,,,no_family | no_related_styles | no_transition_styles,1.8592
spy,6,,,,,no_family | no_related_styles | no_transition_styles,1.8592
sri lanka,6,,,,,no_family | no_related_styles | no_transition_styles,1.8592
stephen kovacevich*-beethovestephen kovacevich plays beethoven,6,,,,,no_family | no_related_styles | no_transition_styles,1.8592
sung poetry,6,,,,,no_family | no_related_styles | no_transition_styles,1.8592
symbolist,6,,,,,no_family | no_related_styles | no_transition_styles,1.8592
synthesizer,6,,,,,no_family | no_related_styles | no_transition_styles,1.8592
tantrumjas,6,,,,,no_family | no_related_styles | no_transition_styles,1.8592
thailand,6,,,,,no_family | no_related_styles | no_transition_styles,1.8592
tilson,6,,,,,no_family | no_related_styles | no_transition_styles,1.8592
troll,6,,,,,no_family | no_related_styles | no_transition_styles,1.8592
undertale,6,,,,,no_family | no_related_styles | no_transition_styles,1.8592
vegas indie,6,,,,,no_family | no_related_styles | no_transition_styles,1.8592
viet remix,6,,,,,no_family | no_related_styles | no_transition_styles,1.8592
vietnamese,6,,,,,no_family | no_related_styles | no_transition_styles,1.8592
virtual youtuber,6,,,,,no_family | no_related_styles | no_transition_styles,1.8592
von weber,6,,,,,no_family | no_related_styles | no_transition_styles,1.8592
washington indie,6,,,,,no_family | no_related_styles | no_transition_styles,1.8592
worldwide,6,,,,,no_family | no_related_styles | no_transition_styles,1.8592
x factor,6,,,,,no_family | no_related_styles | no_transition_styles,1.8592
ابو اصيل,6,,,,,no_family | no_related_styles | no_transition_styles,1.8592
ابو بكر سالم,6,,,,,no_family | no_related_styles | no_transition_styles,1.8592
ابو بكر سالم بلفقيه,6,,,,,no_family | no_related_styles | no_transition_styles,1.8592
اغاني يمنية,6,,,,,no_family | no_related_styles | no_transition_styles,1.8592
محضاريات,6,,,,,no_family | no_related_styles | no_transition_styles,1.8592
alternative reggaeton,11,caribbean,latin_urban,0.45,fallback,fallback_confidence | low_primary_weight,1.8346
modern j-rock,11,rock,,0.45,fallback,fallback_confidence | low_primary_weight,1.8346
rap underground argentino,11,hip_hop,,0.45,fallback,fallback_confidence | low_primary_weight,1.8346
reggae catala,11,caribbean,,0.45,fallback,fallback_confidence | low_primary_weight,1.8346
spanish synthpop,11,pop,,0.45,fallback,fallback_confidence | low_primary_weight,1.8346
alberta country,7,country_folk,,0.45,fallback,fallback_confidence | low_primary_weight | no_transition_styles,1.8062
ambient noise wall,7,electronic,,0.45,fallback,fallback_confidence | low_primary_weight | no_transition_styles,1.8062
american folk revival,7,country_folk,,0.45,fallback,fallback_confidence | low_primary_weight | no_transition_styles,1.8062
christian indie,7,gospel_spiritual,,0.45,fallback,fallback_confidence | low_primary_weight | no_transition_styles,1.8062
czech folk,7,country_folk,,0.45,fallback,fallback_confidence | low_primary_weight | no_transition_styles,1.8062
folk quebecois,7,country_folk,,0.45,fallback,fallback_confidence | low_primary_weight | no_transition_styles,1.8062
hotpack riddim,7,bass_music,,0.45,fallback,fallback_confidence | low_primary_weight | no_transition_styles,1.8062
jazz venezolano,7,jazz_blues,,0.45,fallback,fallback_confidence | low_primary_weight | no_transition_styles,1.8062
musical advocacy,7,soundtrack_stage,,0.45,fallback,fallback_confidence | low_primary_weight | no_transition_styles,1.8062
persian electronic,7,electronic,,0.45,fallback,fallback_confidence | low_primary_weight | no_transition_styles,1.8062
polish electronica,7,electronic,,0.45,fallback,fallback_confidence | low_primary_weight | no_transition_styles,1.8062
soulful,7,rnb_soul,,0.45,fallback,fallback_confidence | low_primary_weight | no_transition_styles,1.8062
idol group,10,pop,,0.45,fallback,fallback_confidence | low_primary_weight,1.7704
idol kayo,10,pop,,0.45,fallback,fallback_confidence | low_primary_weight,1.7704
proto-hyperpop,10,pop,,0.45,fallback,fallback_confidence | low_primary_weight,1.7704
trap shaabi,10,hip_hop,middle_eastern,0.45,fallback,fallback_confidence | low_primary_weight,1.7704
tropical alternativo,10,latin_tropical,,0.45,fallback,fallback_confidence | low_primary_weight,1.7704
3a46633b-26ed-4418-a029-ab77de3ccfae,5,,,,,no_family | no_related_styles | no_transition_styles,1.7119
60th anniversary,5,,,,,no_family | no_related_styles | no_transition_styles,1.7119
abdu kiar,5,,,,,no_family | no_related_styles | no_transition_styles,1.7119
ace of base,5,,,,,no_family | no_related_styles | no_transition_styles,1.7119
addis ababa,5,,,,,no_family | no_related_styles | no_transition_styles,1.7119
al-qaysar,5,,,,,no_family | no_related_styles | no_transition_styles,1.7119
amharic music,5,,,,,no_family | no_related_styles | no_transition_styles,1.7119
anarchiste,5,,,,,no_family | no_related_styles | no_transition_styles,1.7119
andrews sisters,5,,,,,no_family | no_related_styles | no_transition_styles,1.7119
anthony newman,5,,,,,no_family | no_related_styles | no_transition_styles,1.7119
anxious,5,,,,,no_family | no_related_styles | no_transition_styles,1.7119
ara music,5,,,,,no_family | no_related_styles | no_transition_styles,1.7119
armenian,5,,,,,no_family | no_related_styles | no_transition_styles,1.7119
athens,5,,,,,no_family | no_related_styles | no_transition_styles,1.7119
atlantic,5,,,,,no_family | no_related_styles | no_transition_styles,1.7119
austin city limits,5,,,,,no_family | no_related_styles | no_transition_styles,1.7119
austindie,5,,,,,no_family | no_related_styles | no_transition_styles,1.7119
azeri traditional,5,,,,,no_family | no_related_styles | no_transition_styles,1.7119
bad music,5,,,,,no_family | no_related_styles | no_transition_styles,1.7119
bergen indie,5,,,,,no_family | no_related_styles | no_transition_styles,1.7119
bexleyheath,5,,,,,no_family | no_related_styles | no_transition_styles,1.7119
c86,5,,,,,no_family | no_related_styles | no_transition_styles,1.7119
cantautora argentina,5,,,,,no_family | no_related_styles | no_transition_styles,1.7119
changes,5,,,,,no_family | no_related_styles | no_transition_styles,1.7119
clean,5,,,,,no_family | no_related_styles | no_transition_styles,1.7119
collective pseudonym,5,,,,,no_family | no_related_styles | no_transition_styles,1.7119
crash,5,,,,,no_family | no_related_styles | no_transition_styles,1.7119
death by liver failure,5,,,,,no_family | no_related_styles | no_transition_styles,1.7119
dinamo,5,,,,,no_family | no_related_styles | no_transition_styles,1.7119
easycore,5,,,,,no_family | no_related_styles | no_transition_styles,1.7119
en public,5,,,,,no_family | no_related_styles | no_transition_styles,1.7119
ethiopian music,5,,,,,no_family | no_related_styles | no_transition_styles,1.7119
ethiopian singer,5,,,,,no_family | no_related_styles | no_transition_styles,1.7119
faul,5,,,,,no_family | no_related_styles | no_transition_styles,1.7119
faul & wad,5,,,,,no_family | no_related_styles | no_transition_styles,1.7119
faul & wad ad,5,,,,,no_family | no_related_styles | no_transition_styles,1.7119
faulandwad,5,,,,,no_family | no_related_styles | no_transition_styles,1.7119
faulandwadad,5,,,,,no_family | no_related_styles | no_transition_styles,1.7119
faulmusic,5,,,,,no_family | no_related_styles | no_transition_styles,1.7119
football,5,,,,,no_family | no_related_styles | no_transition_styles,1.7119
fourth world,5,,,,,no_family | no_related_styles | no_transition_styles,1.7119
game composer,5,,,,,no_family | no_related_styles | no_transition_styles,1.7119
gen z,5,,,,,no_family | no_related_styles | no_transition_styles,1.7119
georgia,5,,,,,no_family | no_related_styles | no_transition_styles,1.7119
gothenburg,5,,,,,no_family | no_related_styles | no_transition_styles,1.7119
greenville,5,,,,,no_family | no_related_styles | no_transition_styles,1.7119
gregorian dance,5,,,,,no_family | no_related_styles | no_transition_styles,1.7119
hair band,5,,,,,no_family | no_related_styles | no_transition_styles,1.7119
harlem renaissance,5,,,,,no_family | no_related_styles | no_transition_styles,1.7119
healing hz,5,,,,,no_family | no_related_styles | no_transition_styles,1.7119
heavenly voice,5,,,,,no_family | no_related_styles | no_transition_styles,1.7119
hijo de la luna,5,,,,,no_family | no_related_styles | no_transition_styles,1.7119
hillsong,5,,,,,no_family | no_related_styles | no_transition_styles,1.7119
hollywood records,5,,,,,no_family | no_related_styles | no_transition_styles,1.7119
horbuchserie,5,,,,,no_family | no_related_styles | no_transition_styles,1.7119
icelandic experimental,5,,,,,no_family | no_related_styles | no_transition_styles,1.7119
indian lo-fi,5,,,,,no_family | no_related_styles | no_transition_styles,1.7119
indie siciliano,5,,,,,no_family | no_related_styles | no_transition_styles,1.7119
intelligent dance music,5,,,,,no_family | no_related_styles | no_transition_styles,1.7119
isle of wight,5,,,,,no_family | no_related_styles | no_transition_styles,1.7119
italian classic,5,,,,,no_family | no_related_styles | no_transition_styles,1.7119
james levine,5,,,,,no_family | no_related_styles | no_transition_styles,1.7119
jeepster,5,,,,,no_family | no_related_styles | no_transition_styles,1.7119
jovem guarda,5,,,,,no_family | no_related_styles | no_transition_styles,1.7119
kabarett,5,,,,,no_family | no_related_styles | no_transition_styles,1.7119
kent,5,,,,,no_family | no_related_styles | no_transition_styles,1.7119
khiar,5,,,,,no_family | no_related_styles | no_transition_styles,1.7119
kids,5,,,,,no_family | no_related_styles | no_transition_styles,1.7119
kiyar,5,,,,,no_family | no_related_styles | no_transition_styles,1.7119
la luz,5,,,,,no_family | no_related_styles | no_transition_styles,1.7119
lata-mangeshkar,5,,,,,no_family | no_related_styles | no_transition_styles,1.7119
latin freestyle,5,,,,,no_family | no_related_styles | no_transition_styles,1.7119
library music,5,,,,,no_family | no_related_styles | no_transition_styles,1.7119
list,5,,,,,no_family | no_related_styles | no_transition_styles,1.7119
loren maazel,5,,,,,no_family | no_related_styles | no_transition_styles,1.7119
lucy,5,,,,,no_family | no_related_styles | no_transition_styles,1.7119
lukas graham,5,,,,,no_family | no_related_styles | no_transition_styles,1.7119
lund indie,5,,,,,no_family | no_related_styles | no_transition_styles,1.7119
marketing lebsians,5,,,,,no_family | no_related_styles | no_transition_styles,1.7119
melbourne shuffle,5,,,,,no_family | no_related_styles | no_transition_styles,1.7119
merkato sefere,5,,,,,no_family | no_related_styles | no_transition_styles,1.7119
minew shewa,5,,,,,no_family | no_related_styles | no_transition_styles,1.7119
misanthropy,5,,,,,no_family | no_related_styles | no_transition_styles,1.7119
missing va releases,5,,,,,no_family | no_related_styles | no_transition_styles,1.7119
mobb music,5,,,,,no_family | no_related_styles | no_transition_styles,1.7119
modinha,5,,,,,no_family | no_related_styles | no_transition_styles,1.7119
monaco,5,,,,,no_family | no_related_styles | no_transition_styles,1.7119
monegasque,5,,,,,no_family | no_related_styles | no_transition_styles,1.7119
montreal indie,5,,,,,no_family | no_related_styles | no_transition_styles,1.7119
mumm der kopflose,5,,,,,no_family | no_related_styles | no_transition_styles,1.7119
murcia indie,5,,,,,no_family | no_related_styles | no_transition_styles,1.7119
murdered,5,,,,,no_family | no_related_styles | no_transition_styles,1.7119
musica andina colombiana,5,,,,,no_family | no_related_styles | no_transition_styles,1.7119
musica aragonesa,5,,,,,no_family | no_related_styles | no_transition_styles,1.7119
musique pour enfants,5,,,,,no_family | no_related_styles | no_transition_styles,1.7119
neighbours,5,,,,,no_family | no_related_styles | no_transition_styles,1.7119
new weird finland,5,,,,,no_family | no_related_styles | no_transition_styles,1.7119
nihilism,5,,,,,no_family | no_related_styles | no_transition_styles,1.7119
no doubt,5,,,,,no_family | no_related_styles | no_transition_styles,1.7119
noah cyrus,5,,,,,no_family | no_related_styles | no_transition_styles,1.7119
noisegrind,5,,,,,no_family | no_related_styles | no_transition_styles,1.7119
northern ireland,5,,,,,no_family | no_related_styles | no_transition_styles,1.7119
observational comedy,5,,,,,no_family | no_related_styles | no_transition_styles,1.7119
oi,5,,,,,no_family | no_related_styles | no_transition_styles,1.7119
paisa,5,,,,,no_family | no_related_styles | no_transition_styles,1.7119
peace,5,,,,,no_family | no_related_styles | no_transition_styles,1.7119
pennsylvania,5,,,,,no_family | no_related_styles | no_transition_styles,1.7119
peruvian indie,5,,,,,no_family | no_related_styles | no_transition_styles,1.7119
pittsburgh symphony orchestra,5,,,,,no_family | no_related_styles | no_transition_styles,1.7119
play,5,,,,,no_family | no_related_styles | no_transition_styles,1.7119
pnau,5,,,,,no_family | no_related_styles | no_transition_styles,1.7119
poezja spiewana,5,,,,,no_family | no_related_styles | no_transition_styles,1.7119
post-alternative,5,,,,,no_family | no_related_styles | no_transition_styles,1.7119
post-baggy,5,,,,,no_family | no_related_styles | no_transition_styles,1.7119
post-romantic era,5,,,,,no_family | no_related_styles | no_transition_styles,1.7119
pt,5,,,,,no_family | no_related_styles | no_transition_styles,1.7119
punto guajiro,5,,,,,no_family | no_related_styles | no_transition_styles,1.7119
ralph records,5,,,,,no_family | no_related_styles | no_transition_styles,1.7119
religious propaganda,5,,,,,no_family | no_related_styles | no_transition_styles,1.7119
rodrigo interpreta a rodrigo,5,,,,,no_family | no_related_styles | no_transition_styles,1.7119
rubby perez,5,,,,,no_family | no_related_styles | no_transition_styles,1.7119
san francisco,5,,,,,no_family | no_related_styles | no_transition_styles,1.7119
sardinia,5,,,,,no_family | no_related_styles | no_transition_styles,1.7119
saturday night live,5,,,,,no_family | no_related_styles | no_transition_styles,1.7119
serbian,5,,,,,no_family | no_related_styles | no_transition_styles,1.7119
shabad,5,,,,,no_family | no_related_styles | no_transition_styles,1.7119
simon and,5,,,,,no_family | no_related_styles | no_transition_styles,1.7119
ska mexicano,5,,,,,no_family | no_related_styles | no_transition_styles,1.7119
slowed and reverb,5,,,,,no_family | no_related_styles | no_transition_styles,1.7119
smooth saxophone,5,,,,,no_family | no_related_styles | no_transition_styles,1.7119
south africa,5,,,,,no_family | no_related_styles | no_transition_styles,1.7119
spiritual,5,,,,,no_family | no_related_styles | no_transition_styles,1.7119
stell,5,,,,,no_family | no_related_styles | no_transition_styles,1.7119
stelljun,5,,,,,no_family | no_related_styles | no_transition_styles,1.7119
super,5,,,,,no_family | no_related_styles | no_transition_styles,1.7119
surreal humour,5,,,,,no_family | no_related_styles | no_transition_styles,1.7119
the voice,5,,,,,no_family | no_related_styles | no_transition_styles,1.7119
tidy,5,,,,,no_family | no_related_styles | no_transition_styles,1.7119
top 50,5,,,,,no_family | no_related_styles | no_transition_styles,1.7119
tour d amour,5,,,,,no_family | no_related_styles | no_transition_styles,1.7119
township bubblegum,5,,,,,no_family | no_related_styles | no_transition_styles,1.7119
trio,5,,,,,no_family | no_related_styles | no_transition_styles,1.7119
turkce remix,5,,,,,no_family | no_related_styles | no_transition_styles,1.7119
vocal music,5,,,,,no_family | no_related_styles | no_transition_styles,1.7119
waltz,5,,,,,no_family | no_related_styles | no_transition_styles,1.7119
west african,5,,,,,no_family | no_related_styles | no_transition_styles,1.7119
wips,5,,,,,no_family | no_related_styles | no_transition_styles,1.7119
wu fam,5,,,,,no_family | no_related_styles | no_transition_styles,1.7119
wuthering heights,5,,,,,no_family | no_related_styles | no_transition_styles,1.7119
yodeling,5,,,,,no_family | no_related_styles | no_transition_styles,1.7119
zoblazo,5,,,,,no_family | no_related_styles | no_transition_styles,1.7119
القيصر,5,,,,,no_family | no_related_styles | no_transition_styles,1.7119
adult contemporary r & b,9,pop,,0.45,fallback,fallback_confidence | low_primary_weight,1.7
deathrock,9,rock,,0.45,fallback,fallback_confidence | low_primary_weight,1.7
electropunk,9,electronic,rock,0.45,fallback,fallback_confidence | low_primary_weight,1.7
garage music,9,bass_music,hip_hop,0.45,fallback,fallback_confidence | low_primary_weight,1.7
pop teen brasileiro,9,pop,,0.45,fallback,fallback_confidence | low_primary_weight,1.7
rap congolais,9,hip_hop,,0.45,fallback,fallback_confidence | low_primary_weight,1.7
rap portuense,9,hip_hop,,0.45,fallback,fallback_confidence | low_primary_weight,1.7
rock chapin,9,rock,,0.45,fallback,fallback_confidence | low_primary_weight,1.7
rock nacional,9,rock,,0.45,fallback,fallback_confidence | low_primary_weight,1.7
ambient lo-fi,6,electronic,,0.45,fallback,fallback_confidence | low_primary_weight | no_transition_styles,1.6902
czech singer-songwriter,6,country_folk,,0.45,fallback,fallback_confidence | low_primary_weight | no_transition_styles,1.6902
edmonton indie,6,electronic,,0.45,fallback,fallback_confidence | low_primary_weight | no_transition_styles,1.6902
electro-soul,6,electronic,rnb_soul,0.45,fallback,fallback_confidence | low_primary_weight | no_transition_styles,1.6902
electroacoustic,6,electronic,,0.45,fallback,fallback_confidence | low_primary_weight | no_transition_styles,1.6902
funk soul,6,rnb_soul,,0.45,fallback,fallback_confidence | low_primary_weight | no_transition_styles,1.6902
gaming dubstep,6,bass_music,,0.45,fallback,fallback_confidence | low_primary_weight | no_transition_styles,1.6902
hungarian folk,6,country_folk,,0.45,fallback,fallback_confidence | low_primary_weight | no_transition_styles,1.6902
j-metal,6,metal,,0.45,fallback,fallback_confidence | low_primary_weight | no_transition_styles,1.6902
musical theater,6,soundtrack_stage,,0.45,fallback,fallback_confidence | low_primary_weight | no_transition_styles,1.6902
narcocorrido,6,regional_mexican,,0.45,fallback,fallback_confidence | low_primary_weight | no_transition_styles,1.6902
nl folk,6,country_folk,,0.45,fallback,fallback_confidence | low_primary_weight | no_transition_styles,1.6902
okinawan folk,6,country_folk,,0.45,fallback,fallback_confidence | low_primary_weight | no_transition_styles,1.6902
organic electronic,6,electronic,,0.45,fallback,fallback_confidence | low_primary_weight | no_transition_styles,1.6902
pakistani folk,6,country_folk,,0.45,fallback,fallback_confidence | low_primary_weight | no_transition_styles,1.6902
progressive bluegrass,6,country_folk,,0.45,fallback,fallback_confidence | low_primary_weight | no_transition_styles,1.6902
samba-jazz,6,brazilian,jazz_blues,0.45,fallback,fallback_confidence | low_primary_weight | no_transition_styles,1.6902
taarab,6,middle_eastern,,0.45,fallback,fallback_confidence | low_primary_weight | no_transition_styles,1.6902
techno hardcore,6,metal,techno,0.45,fallback,fallback_confidence | low_primary_weight | no_transition_styles,1.6902
uk hardcore,6,metal,,0.45,fallback,fallback_confidence | low_primary_weight | no_transition_styles,1.6902
aggressive phonk,8,hip_hop,,0.45,fallback,fallback_confidence | low_primary_weight,1.6222
alternative-rock,8,rock,,0.45,fallback,fallback_confidence | low_primary_weight,1.6222
finnish new wave,8,rock,,0.45,fallback,fallback_confidence | low_primary_weight,1.6222
hard rock brasileiro,8,rock,,0.45,fallback,fallback_confidence | low_primary_weight,1.6222
irish post-punk,8,rock,,0.45,fallback,fallback_confidence | low_primary_weight,1.6222
picopop,8,pop,,0.45,fallback,fallback_confidence | low_primary_weight,1.6222
pop romantico,8,pop,,0.45,fallback,fallback_confidence | low_primary_weight,1.6222
punk-pop,8,pop,rock | world_asian,0.45,fallback,fallback_confidence | low_primary_weight,1.6222
rap feminino nacional,8,hip_hop,,0.45,fallback,fallback_confidence | low_primary_weight,1.6222
reggae peruano,8,caribbean,,0.45,fallback,fallback_confidence | low_primary_weight,1.6222
samba-rock,8,brazilian,rock,0.45,fallback,fallback_confidence | low_primary_weight,1.6222
vincy soca,8,caribbean,,0.45,fallback,fallback_confidence | low_primary_weight,1.6222
anime score,5,soundtrack_stage,,0.45,fallback,fallback_confidence | low_primary_weight | no_transition_styles,1.5563
appalachian folk,5,country_folk,,0.45,fallback,fallback_confidence | low_primary_weight | no_transition_styles,1.5563
arab electronic,5,electronic,middle_eastern,0.45,fallback,fallback_confidence | low_primary_weight | no_transition_styles,1.5563
australian singer-songwriter,5,country_folk,,0.45,fallback,fallback_confidence | low_primary_weight | no_transition_styles,1.5563
bluegrass country alternative,5,country_folk,,0.45,fallback,fallback_confidence | low_primary_weight | no_transition_styles,1.5563
brega paraense,5,brazilian,,0.45,fallback,fallback_confidence | low_primary_weight | no_transition_styles,1.5563
christian lo-fi,5,gospel_spiritual,,0.45,fallback,fallback_confidence | low_primary_weight | no_transition_styles,1.5563
classical tenor,5,classical,,0.45,fallback,fallback_confidence | low_primary_weight | no_transition_styles,1.5563
contemporary bluegrass,5,country_folk,,0.45,fallback,fallback_confidence | low_primary_weight | no_transition_styles,1.5563
dark psytrance,5,trance,,0.45,fallback,fallback_confidence | low_primary_weight | no_transition_styles,1.5563
electronicore,5,electronic,,0.45,fallback,fallback_confidence | low_primary_weight | no_transition_styles,1.5563
folk music,5,country_folk,,0.45,fallback,fallback_confidence | low_primary_weight | no_transition_styles,1.5563
folkmusik,5,country_folk,,0.45,fallback,fallback_confidence | low_primary_weight | no_transition_styles,1.5563
forest psytrance,5,trance,,0.45,fallback,fallback_confidence | low_primary_weight | no_transition_styles,1.5563
freak folk,5,country_folk,,0.45,fallback,fallback_confidence | low_primary_weight | no_transition_styles,1.5563
german baroque,5,classical,,0.45,fallback,fallback_confidence | low_primary_weight | no_transition_styles,1.5563
jazz trumpet,5,jazz_blues,,0.45,fallback,fallback_confidence | low_primary_weight | no_transition_styles,1.5563
leipzig electronic,5,electronic,,0.45,fallback,fallback_confidence | low_primary_weight | no_transition_styles,1.5563
modern jazz piano,5,jazz_blues,,0.45,fallback,fallback_confidence | low_primary_weight | no_transition_styles,1.5563
modern laiko,5,middle_eastern,,0.45,fallback,fallback_confidence | low_primary_weight | no_transition_styles,1.5563
praise,5,middle_eastern,,0.45,fallback,fallback_confidence | low_primary_weight | no_transition_styles,1.5563
viking folk,5,country_folk,,0.45,fallback,fallback_confidence | low_primary_weight | no_transition_styles,1.5563
christian afrobeat,7,african,gospel_spiritual,0.45,fallback,fallback_confidence | low_primary_weight,1.5353
christian reggaeton,7,caribbean,gospel_spiritual | latin_urban,0.45,fallback,fallback_confidence | low_primary_weight,1.5353
drill dominicano,7,hip_hop,,0.45,fallback,fallback_confidence | low_primary_weight,1.5353
futurepop,7,pop,,0.45,fallback,fallback_confidence | low_primary_weight,1.5353
icelandic post-punk,7,rock,,0.45,fallback,fallback_confidence | low_primary_weight,1.5353
indonesian emo,7,rock,,0.45,fallback,fallback_confidence | low_primary_weight,1.5353
kizomba antigas,7,caribbean,,0.45,fallback,fallback_confidence | low_primary_weight,1.5353
manserock,7,rock,,0.45,fallback,fallback_confidence | low_primary_weight,1.5353
nordic post-rock,7,rock,,0.45,fallback,fallback_confidence | low_primary_weight,1.5353
pop emo,7,pop,rock,0.45,fallback,fallback_confidence | low_primary_weight,1.5353
rap cristiano,7,hip_hop,,0.45,fallback,fallback_confidence | low_primary_weight,1.5353
rap italiano old school,7,hip_hop,,0.45,fallback,fallback_confidence | low_primary_weight,1.5353
rock brasiliense,7,rock,,0.45,fallback,fallback_confidence | low_primary_weight,1.5353
russian synthpop,7,pop,,0.45,fallback,fallback_confidence | low_primary_weight,1.5353
trap pesado,7,hip_hop,,0.45,fallback,fallback_confidence | low_primary_weight,1.5353
traprun,7,hip_hop,,0.45,fallback,fallback_confidence | low_primary_weight,1.5353
zouk riddim,7,bass_music,caribbean,0.45,fallback,fallback_confidence | low_primary_weight,1.5353
afrikaans gqom,6,african,house,0.45,fallback,fallback_confidence | low_primary_weight,1.4367
akiba-pop,6,pop,,0.45,fallback,fallback_confidence | low_primary_weight,1.4367
bisrock,6,rock,,0.45,fallback,fallback_confidence | low_primary_weight,1.4367
boom bap brasileiro,6,hip_hop,,0.45,fallback,fallback_confidence | low_primary_weight,1.4367
candombe beat,6,latin_tropical,,0.45,fallback,fallback_confidence | low_primary_weight,1.4367
classic girl group,6,pop,,0.45,fallback,fallback_confidence | low_primary_weight,1.4367
classic k-pop,6,pop,world_asian,0.45,fallback,fallback_confidence | low_primary_weight,1.4367
emo trap italiana,6,hip_hop,rock,0.45,fallback,fallback_confidence | low_primary_weight,1.4367
kizomba cabo-verdiana,6,caribbean,,0.45,fallback,fallback_confidence | low_primary_weight,1.4367
korean ballad,6,pop,,0.45,fallback,fallback_confidence | low_primary_weight,1.4367
polish post-punk,6,rock,,0.45,fallback,fallback_confidence | low_primary_weight,1.4367
punk tuga,6,rock,,0.45,fallback,fallback_confidence | low_primary_weight,1.4367
rap baixada fluminense,6,hip_hop,,0.45,fallback,fallback_confidence | low_primary_weight,1.4367
rock musical,6,rock,soundtrack_stage,0.45,fallback,fallback_confidence | low_primary_weight,1.4367
transpop,6,pop,,0.45,fallback,fallback_confidence | low_primary_weight,1.4367
trap peruano,6,hip_hop,,0.45,fallback,fallback_confidence | low_primary_weight,1.4367
anarcho-punk,5,rock,,0.45,fallback,fallback_confidence | low_primary_weight,1.3229
czsk electropop,5,electronic,pop,0.45,fallback,fallback_confidence | low_primary_weight,1.3229
detroit trap brasileiro,5,hip_hop,,0.45,fallback,fallback_confidence | low_primary_weight,1.3229
drill tuga,5,hip_hop,,0.45,fallback,fallback_confidence | low_primary_weight,1.3229
funk-rock,5,rock,,0.45,fallback,fallback_confidence | low_primary_weight,1.3229
kompa gouyad,5,caribbean,,0.45,fallback,fallback_confidence | low_primary_weight,1.3229
microhouse,5,house,,0.45,fallback,fallback_confidence | low_primary_weight,1.3229
mongolian rock band,5,rock,,0.45,fallback,fallback_confidence | low_primary_weight,1.3229
polish phonk,5,hip_hop,,0.45,fallback,fallback_confidence | low_primary_weight,1.3229
psychedelic rock music,5,rock,,0.45,fallback,fallback_confidence | low_primary_weight,1.3229
punk-rock,5,rock,,0.45,fallback,fallback_confidence | low_primary_weight,1.3229
punkrock,5,rock,,0.45,fallback,fallback_confidence | low_primary_weight,1.3229
rap nacional,5,hip_hop,,0.45,fallback,fallback_confidence | low_primary_weight,1.3229
rock independant francais,5,rock,,0.45,fallback,fallback_confidence | low_primary_weight,1.3229
rock urbano mexicano,5,rock,,0.45,fallback,fallback_confidence | low_primary_weight,1.3229
trap ecuatoriano,5,hip_hop,,0.45,fallback,fallback_confidence | low_primary_weight,1.3229
r&b,7339,rnb_soul,,1.0,manual,no_transition_styles,1.1597
contemporary r&b,4253,rnb_soul,,0.98,manual,no_transition_styles,1.0886
electronic,4187,electronic,,1.0,exact,no_transition_styles,1.0866
edm,3088,electronic,,1.0,exact,no_transition_styles,1.0469
corrido,2542,regional_mexican,,1.0,exact,no_transition_styles,1.0216
country,2532,country_folk,,1.0,exact,no_transition_styles,1.0211
soul,2482,rnb_soul,,1.0,manual,no_transition_styles,1.0185
banda,2241,regional_mexican,,1.0,exact,no_transition_styles,1.0052
música mexicana,2163,regional_mexican,,1.0,exact,no_transition_styles,1.0006
jazz,2059,jazz_blues,,1.0,exact,no_transition_styles,0.9942
classical,2042,classical,,1.0,exact,no_transition_styles,0.9931
alternative r&b,2032,rnb_soul,,0.98,manual,no_transition_styles,0.9924
sertanejo universitario,1950,brazilian,,0.94,prefix,no_transition_styles,0.9871
sertanejo,1939,brazilian,,1.0,exact,no_transition_styles,0.9863
corridos tumbados,1770,regional_mexican,,0.95,prefix,no_transition_styles,0.9745
metal,1702,metal,,1.0,exact,no_transition_styles,0.9694
arrocha,1695,brazilian,,0.95,manual,no_transition_styles,0.9688
filmi,1594,world_asian,soundtrack_stage,0.92,manual,no_transition_styles,0.9608
folk,1569,country_folk,,1.0,exact,no_transition_styles,0.9588
corridos belicos,1557,regional_mexican,,0.95,prefix,no_transition_styles,0.9578
sierreno,1490,regional_mexican,,0.96,manual,no_transition_styles,0.952
blues,1455,jazz_blues,,1.0,exact,no_transition_styles,0.9489
norteno,1338,regional_mexican,,0.96,manual,no_transition_styles,0.938
ambient,1263,electronic,,0.95,manual,no_transition_styles,0.9305
gospel,1232,gospel_spiritual,,1.0,exact,no_transition_styles,0.9273
electro corridos,1117,regional_mexican,electronic,0.92,manual,no_transition_styles,0.9145
opera,1053,classical,,1.0,exact,no_transition_styles,0.9069
ranchera,993,regional_mexican,,1.0,exact,no_transition_styles,0.8992
trance,948,trance,,1.0,exact,no_transition_styles,0.8932
techno,904,techno,,1.0,exact,no_transition_styles,0.887
electronica,883,electronic,,1.0,exact,no_transition_styles,0.8839
heavy metal,854,metal,,0.95,suffix,no_transition_styles,0.8796
alternative metal,801,metal,,0.95,suffix,no_transition_styles,0.8713
forro,694,brazilian,,1.0,exact,no_transition_styles,0.8526
brazilian funk,673,brazilian,,0.9,prefix,no_transition_styles,0.8486
progressive trance,634,trance,,0.95,suffix,no_transition_styles,0.8408
vocal jazz,578,jazz_blues,,0.92,suffix,no_transition_styles,0.8288
acid techno,509,techno,,0.95,suffix,no_transition_styles,0.8123
black metal,506,metal,,0.95,suffix,no_transition_styles,0.8115
nu metal,496,metal,,0.95,suffix,no_transition_styles,0.8089
hard techno,481,techno,,0.95,suffix,no_transition_styles,0.8049
death metal,445,metal,,0.95,suffix,no_transition_styles,0.7948
corrido tumbado,253,regional_mexican,,0.95,prefix,no_transition_styles,0.7215
banda sinaloense,231,regional_mexican,,0.9,prefix,no_transition_styles,0.7096
new metal,226,metal,,0.95,suffix,no_transition_styles,0.7068
modern classical,224,classical,,0.94,suffix,no_transition_styles,0.7057
power metal,219,metal,,0.95,suffix,no_transition_styles,0.7027
glam metal,213,metal,,0.95,suffix,no_transition_styles,0.6991
melodic techno,189,techno,,0.95,suffix,no_transition_styles,0.6836
british rhythm & blues,186,jazz_blues,,0.92,suffix,no_transition_styles,0.6816
hardcore techno,180,techno,electronic | metal,1.0,manual,no_transition_styles,0.6773
gothic metal,175,metal,,0.95,suffix,no_transition_styles,0.6737
soul blues,166,jazz_blues,rnb_soul,0.92,suffix,no_transition_styles,0.6668
groove metal,163,metal,,0.95,suffix,no_transition_styles,0.6645
electric blues,162,jazz_blues,,0.92,suffix,no_transition_styles,0.6637
doom metal,158,metal,,0.95,suffix,no_transition_styles,0.6604
progressive metal,152,metal,,0.95,suffix,no_transition_styles,0.6554
thrash metal,151,metal,,0.95,suffix,no_transition_styles,0.6546
symphonic metal,148,metal,,0.95,suffix,no_transition_styles,0.652
samba,146,brazilian,,1.0,exact,no_transition_styles,0.6502
hair metal,145,metal,,0.95,suffix,no_transition_styles,0.6493
hawaiian glam metal,127,metal,,0.95,suffix,no_transition_styles,0.6322
dub techno,126,techno,,0.95,suffix,no_transition_styles,0.6311
romantic classical,125,classical,,0.94,suffix,no_transition_styles,0.6301
jazz and blues,120,jazz_blues,,0.92,suffix,no_transition_styles,0.6248
finnish metal,118,metal,,0.95,suffix,no_transition_styles,0.6227
contemporary classical,117,classical,,0.94,suffix,no_transition_styles,0.6216
indonesian jazz,117,jazz_blues,,0.92,suffix,no_transition_styles,0.6216
industrial metal,115,metal,,0.95,suffix,no_transition_styles,0.6193
latin jazz,112,jazz_blues,,0.92,suffix,no_transition_styles,0.6159
minimal techno,110,techno,,0.95,suffix,no_transition_styles,0.6136
cool jazz,106,jazz_blues,,0.92,suffix,no_transition_styles,0.6088
stoner metal,105,metal,,0.95,suffix,no_transition_styles,0.6076
dutch trance,103,trance,,0.95,suffix,no_transition_styles,0.6051
smooth jazz,102,jazz_blues,,0.92,suffix,no_transition_styles,0.6039
funk metal,92,metal,,0.95,suffix,no_transition_styles,0.5905
brazilian bass,88,brazilian,,0.9,prefix,no_transition_styles,0.5848
nu jazz,86,jazz_blues,,0.92,suffix,no_transition_styles,0.5819
british blues,81,jazz_blues,,0.92,suffix,no_transition_styles,0.5741
melodic death metal,80,metal,,0.95,suffix,no_transition_styles,0.5725
acid jazz,78,jazz_blues,,0.92,suffix,no_transition_styles,0.5693
cinematic classical,78,classical,,0.94,suffix,no_transition_styles,0.5693
free jazz,78,jazz_blues,,0.92,suffix,no_transition_styles,0.5693
speed metal,78,metal,,0.95,suffix,no_transition_styles,0.5693
avant-garde metal,74,metal,,0.95,suffix,no_transition_styles,0.5625
brazilian gospel,69,gospel_spiritual,brazilian,0.92,suffix,no_transition_styles,0.5535
jazz blues,69,jazz_blues,,0.92,suffix,no_transition_styles,0.5535
soul jazz,69,jazz_blues,rnb_soul,0.92,suffix,no_transition_styles,0.5535
contemporary gospel,68,gospel_spiritual,,0.92,suffix,no_transition_styles,0.5517
country gospel,68,gospel_spiritual,country_folk,0.92,suffix,no_transition_styles,0.5517
sertanejo tradicional,68,brazilian,,0.94,prefix,no_transition_styles,0.5517
ethiopian jazz,67,jazz_blues,,0.92,suffix,no_transition_styles,0.5498
uplifting trance,66,trance,,0.95,suffix,no_transition_styles,0.5478
industrial techno,62,techno,,0.95,suffix,no_transition_styles,0.5398
folk metal,61,metal,country_folk,0.95,suffix,no_transition_styles,0.5377
sludge metal,61,metal,,0.95,suffix,no_transition_styles,0.5377
ambient techno,59,techno,electronic,0.95,suffix,no_transition_styles,0.5334
modern blues,57,jazz_blues,,0.92,suffix,no_transition_styles,0.529
avant-garde jazz,55,jazz_blues,,0.92,suffix,no_transition_styles,0.5245
traditional gospel,52,gospel_spiritual,,0.92,suffix,no_transition_styles,0.5173
country blues,51,jazz_blues,country_folk,0.92,suffix,no_transition_styles,0.5148
tech trance,51,trance,,0.95,suffix,no_transition_styles,0.5148
big room trance,50,trance,,0.95,suffix,no_transition_styles,0.5123
german techno,50,techno,,0.95,suffix,no_transition_styles,0.5123
corrido belico,49,regional_mexican,,0.95,prefix,no_transition_styles,0.5097
western classical,48,classical,,0.94,suffix,no_transition_styles,0.5071
vocal trance,44,trance,,0.95,suffix,no_transition_styles,0.496
traditional doom metal,43,metal,,0.95,suffix,no_transition_styles,0.493
contemporary jazz,42,jazz_blues,,0.92,suffix,no_transition_styles,0.49
heavy blues,42,jazz_blues,,0.92,suffix,no_transition_styles,0.49
ibiza trance,42,trance,,0.95,suffix,no_transition_styles,0.49
finnish heavy metal,41,metal,,0.95,suffix,no_transition_styles,0.487
death doom metal,39,metal,,0.95,suffix,no_transition_styles,0.4806
death-doom metal,39,metal,,0.95,suffix,no_transition_styles,0.4806
texas blues,39,jazz_blues,,0.92,suffix,no_transition_styles,0.4806
gothic symphonic metal,38,metal,,0.95,suffix,no_transition_styles,0.4773
piano blues,36,jazz_blues,,0.92,suffix,no_transition_styles,0.4705
classic metal,35,metal,,0.95,suffix,no_transition_styles,0.4669
french jazz,35,jazz_blues,,0.92,suffix,no_transition_styles,0.4669
swedish metal,35,metal,,0.95,suffix,no_transition_styles,0.4669
traditional heavy metal,34,metal,,0.95,suffix,no_transition_styles,0.4632
80s thrash metal,33,metal,,0.95,suffix,no_transition_styles,0.4594
american thrash metal,33,metal,,0.95,suffix,no_transition_styles,0.4594
chicago blues,33,jazz_blues,,0.92,suffix,no_transition_styles,0.4594
classic thrash metal,33,metal,,0.95,suffix,no_transition_styles,0.4594
cyber metal,33,metal,,0.95,suffix,no_transition_styles,0.4594
gothic doom metal,33,metal,,0.95,suffix,no_transition_styles,0.4594
southern metal,33,metal,,0.95,suffix,no_transition_styles,0.4594
80s metal,31,metal,,0.95,suffix,no_transition_styles,0.4515
90s metal,31,metal,,0.95,suffix,no_transition_styles,0.4515
douchebag metal,31,metal,,0.95,suffix,no_transition_styles,0.4515
progressive thrash metal,31,metal,,0.95,suffix,no_transition_styles,0.4515
southern gospel,31,gospel_spiritual,,0.92,suffix,no_transition_styles,0.4515
teen metal,31,metal,,0.95,suffix,no_transition_styles,0.4515
trash metal,31,metal,,0.95,suffix,no_transition_styles,0.4515
banda el limon,30,regional_mexican,,0.9,prefix,no_transition_styles,0.4474
finnish death metal,30,metal,,0.95,suffix,no_transition_styles,0.4474
finnish power metal,30,metal,,0.95,suffix,no_transition_styles,0.4474
jizz jazz,30,jazz_blues,,0.92,suffix,no_transition_styles,0.4474
black gospel,29,gospel_spiritual,,0.92,suffix,no_transition_styles,0.4431
german industrial metal,29,metal,,0.95,suffix,no_transition_styles,0.4431
modal jazz,28,jazz_blues,,0.92,suffix,no_transition_styles,0.4387
contemporary vocal jazz,27,jazz_blues,,0.92,suffix,no_transition_styles,0.4341
delta blues,27,jazz_blues,,0.92,suffix,no_transition_styles,0.4341
swedish power metal,27,metal,,0.95,suffix,no_transition_styles,0.4341
viking metal,26,metal,,0.95,suffix,no_transition_styles,0.4294
epic black metal,25,metal,,0.95,suffix,no_transition_styles,0.4245
finnish progressive metal,25,metal,,0.95,suffix,no_transition_styles,0.4245
melodic black metal,23,metal,,0.95,suffix,no_transition_styles,0.4141
peak time techno,22,techno,,0.95,suffix,no_transition_styles,0.4085
extreme metal,21,metal,,0.95,suffix,no_transition_styles,0.4027
dance trance,20,trance,,0.95,suffix,no_transition_styles,0.3967
euro trance,20,trance,,0.95,suffix,no_transition_styles,0.3967
german metal,20,metal,,0.95,suffix,no_transition_styles,0.3967
female vocal trance,19,trance,,0.95,suffix,no_transition_styles,0.3903
opera metal,19,metal,classical,0.95,suffix,no_transition_styles,0.3903
piano jazz,19,jazz_blues,,0.92,suffix,no_transition_styles,0.3903
turkish jazz,19,jazz_blues,,0.92,suffix,no_transition_styles,0.3903
afro-cuban jazz,18,jazz_blues,,0.92,suffix,no_transition_styles,0.3836
brazilian edm,18,brazilian,electronic,0.9,prefix,no_transition_styles,0.3836
danish metal,18,metal,,0.95,suffix,no_transition_styles,0.3836
fantasy metal,18,metal,,0.95,suffix,no_transition_styles,0.3836
gypsy jazz,18,jazz_blues,,0.92,suffix,no_transition_styles,0.3836
instrumental jazz,18,jazz_blues,,0.92,suffix,no_transition_styles,0.3836
acoustic blues,16,jazz_blues,,0.92,suffix,no_transition_styles,0.3691
oulu metal,16,metal,,0.95,suffix,no_transition_styles,0.3691
traditional blues,16,jazz_blues,,0.92,suffix,no_transition_styles,0.3691
brazilian jazz,15,jazz_blues,brazilian,0.92,suffix,no_transition_styles,0.3612
south african gospel,15,gospel_spiritual,,0.92,suffix,no_transition_styles,0.3612
azeri jazz,14,jazz_blues,,0.92,suffix,no_transition_styles,0.3528
russian metal,14,metal,,0.95,suffix,no_transition_styles,0.3528
trash speed metal,14,metal,,0.95,suffix,no_transition_styles,0.3528
gothenburg metal,13,metal,,0.95,suffix,no_transition_styles,0.3438
spiritual jazz,13,jazz_blues,,0.92,suffix,no_transition_styles,0.3438
ambient jazz,12,jazz_blues,electronic,0.92,suffix,no_transition_styles,0.3342
finnish jazz,12,jazz_blues,,0.92,suffix,no_transition_styles,0.3342
hindustani classical,12,classical,,0.94,suffix,no_transition_styles,0.3342
mainstream jazz,12,jazz_blues,,0.92,suffix,no_transition_styles,0.3342
turkish modern jazz,12,jazz_blues,,0.92,suffix,no_transition_styles,0.3342
west coast jazz,12,jazz_blues,,0.92,suffix,no_transition_styles,0.3342
birmingham metal,11,metal,,0.95,suffix,no_transition_styles,0.3238
dance metal,11,metal,,0.95,suffix,no_transition_styles,0.3238
electronic metal,11,metal,electronic,0.95,suffix,no_transition_styles,0.3238
indian classical,11,classical,,0.94,suffix,no_transition_styles,0.3238
swedish death metal,11,metal,,0.95,suffix,no_transition_styles,0.3238
trance metal,11,metal,trance,0.95,suffix,no_transition_styles,0.3238
arabic jazz,10,jazz_blues,middle_eastern,0.92,suffix,no_transition_styles,0.3124
comic metal,10,metal,,0.95,suffix,no_transition_styles,0.3124
psychedelic arabic jazz,10,jazz_blues,middle_eastern,0.92,suffix,no_transition_styles,0.3124
swedish jazz,10,jazz_blues,,0.92,suffix,no_transition_styles,0.3124
canadian metal,9,metal,,0.95,suffix,no_transition_styles,0.3
cape jazz,9,jazz_blues,,0.92,suffix,no_transition_styles,0.3
medieval metal,9,metal,,0.95,suffix,no_transition_styles,0.3
psychedelic trance,9,trance,,0.95,suffix,no_transition_styles,0.3
sertanejo romantico,9,brazilian,,0.94,prefix,no_transition_styles,0.3
astral jazz,8,jazz_blues,,0.92,suffix,no_transition_styles,0.2863
goa trance,8,trance,,0.95,suffix,no_transition_styles,0.2863
indie jazz,8,jazz_blues,,0.92,suffix,no_transition_styles,0.2863
math metal,8,metal,,0.95,suffix,no_transition_styles,0.2863
neo classical,8,classical,,0.94,suffix,no_transition_styles,0.2863
south african jazz,8,jazz_blues,,0.92,suffix,no_transition_styles,0.2863
finnish blues,7,jazz_blues,,0.92,suffix,no_transition_styles,0.2709
hard trance,7,trance,,0.95,suffix,no_transition_styles,0.2709
japanese classical,7,classical,,0.94,suffix,no_transition_styles,0.2709
wonky techno,7,techno,,0.95,suffix,no_transition_styles,0.2709
bubble trance,6,trance,,0.95,suffix,no_transition_styles,0.2535
canadian blues,6,jazz_blues,,0.92,suffix,no_transition_styles,0.2535
classic blues,6,jazz_blues,,0.92,suffix,no_transition_styles,0.2535
hungarian metal,6,metal,,0.95,suffix,no_transition_styles,0.2535
kawaii metal,6,metal,,0.95,suffix,no_transition_styles,0.2535
love metal,6,metal,,0.95,suffix,no_transition_styles,0.2535
new orleans jazz,6,jazz_blues,,0.92,suffix,no_transition_styles,0.2535
pagan black metal,6,metal,,0.95,suffix,no_transition_styles,0.2535
pagan metal,6,metal,,0.95,suffix,no_transition_styles,0.2535
baltic classical,5,classical,,0.94,suffix,no_transition_styles,0.2334
blackened thrash metal,5,metal,,0.95,suffix,no_transition_styles,0.2334
carnatic classical,5,classical,,0.94,suffix,no_transition_styles,0.2334
christian metal,5,metal,gospel_spiritual,0.95,suffix,no_transition_styles,0.2334
corridos alternativos,5,regional_mexican,,0.95,prefix,no_transition_styles,0.2334
dark techno,5,techno,,0.95,suffix,no_transition_styles,0.2334
dream trance,5,trance,,0.95,suffix,no_transition_styles,0.2334
electric texas blues,5,jazz_blues,,0.92,suffix,no_transition_styles,0.2334
electronic classical,5,classical,electronic,0.94,suffix,no_transition_styles,0.2334
experimental jazz,5,jazz_blues,,0.92,suffix,no_transition_styles,0.2334
jump blues,5,jazz_blues,,0.92,suffix,no_transition_styles,0.2334
polish jazz,5,jazz_blues,,0.92,suffix,no_transition_styles,0.2334
russian techno,5,techno,,0.95,suffix,no_transition_styles,0.2334
urban blues,5,jazz_blues,,0.92,suffix,no_transition_styles,0.2334
