RawGenre,NormalizedGenre,Reason,ResolvedTrackCount,TSOccurrenceCount,ArtistOccurrenceCount
uk,uk music,country_or_location_only,2970,0,6824
usa,us music,country_or_location_only,1823,0,3682
2008 universal fire victim,2008 universal fire victim,known_non_genre,1409,0,3247
has german audiobooks,has german audiobooks,editorial_or_metadata,1324,0,3175
nuno,nuno,known_non_genre,1230,0,2450
german,german,country_or_location_only,1091,0,5942
boy band,boy band,known_non_genre,899,216,1579
special purpose,special purpose,known_non_genre,866,0,1868
americain,americain,country_or_location_only,851,0,1696
united states,us music,country_or_location_only,832,0,1672
european,european,country_or_location_only,758,0,2257
80s,80s,decade_tag,745,0,1910
fix,fix,known_non_genre,731,0,1681
90s,90s,decade_tag,654,0,1457
queer,queer,known_non_genre,648,0,1378
boy group,boy group,known_non_genre,603,0,1621
film composer,film composer,known_non_genre,561,0,1381
late 2000s,late 2000s,decade_tag,539,0,985
bogus artist,bogus artist,known_non_genre,487,0,858
french,french,country_or_location_only,478,0,1363
japan,japan,country_or_location_only,475,0,1272
us,us music,country_or_location_only,473,0,1015
fuzzy artist,fuzzy artist,known_non_genre,464,0,1149
http:,http:,known_non_genre,462,0,1165
a filk artist,a filk artist,editorial_or_metadata,457,0,816
21 throwback jams,21 throwback jams,editorial_or_metadata,454,0,1135
a crooner collection,a crooner collection,editorial_or_metadata,454,0,1134
audiobook,audiobook,editorial_or_metadata,454,0,1188
billboard 1 hits,billboard 1 hits,editorial_or_metadata,454,0,1134
bravo hits,bravo hits,editorial_or_metadata,454,0,1134
bravo hits 82,bravo hits 82,editorial_or_metadata,454,0,1134
breakout artists,breakout artists,editorial_or_metadata,454,0,1134
don t rate the va artist,don t rate the va artist,editorial_or_metadata,454,0,1134
fix‌me,fix‌me,known_non_genre,454,0,1135
hollywood hits,hollywood hits,editorial_or_metadata,454,0,1135
hot hits,hot hits,editorial_or_metadata,454,0,1134
make,make,known_non_genre,454,0,3403
mess,mess,known_non_genre,454,0,1134
m‌ess,m‌ess,known_non_genre,454,0,1135
not *every* artist,not *every* artist,editorial_or_metadata,454,0,1134
oldest artist #1,oldest artist #1,editorial_or_metadata,454,0,1134
practically all these tags are fail,practically all these tags are fail,editorial_or_metadata,454,0,1134
put in brackets,put in brackets,editorial_or_metadata,454,0,1135
tags,tags,known_non_genre,454,0,1135
various,various,known_non_genre,454,0,1135
britannique,britannique,country_or_location_only,452,0,1086
girl group,girl group,known_non_genre,452,125,1200
aln-sh,aln-sh,known_non_genre,364,0,955
bogus,bogus,known_non_genre,364,0,676
mergeme,mergeme,known_non_genre,363,0,673
author,author,known_non_genre,356,0,936
reino unido,uk music,country_or_location_only,341,0,686
band,band,known_non_genre,336,0,598
music for soccer moms,music for soccer moms,editorial_or_metadata,335,0,852
album rock,album rock,editorial_or_metadata,325,199,482
united kingdom,uk music,country_or_location_only,324,0,813
estados unidos,us music,country_or_location_only,322,0,687
00s,00s,decade_tag,321,0,729
nepo baby,nepo baby,known_non_genre,318,0,427
70s,70s,decade_tag,301,0,1039
hp,hp,known_non_genre,300,0,359
re-recording,re-recording,known_non_genre,300,0,359
england,england,country_or_location_only,297,0,568
france,france,country_or_location_only,297,0,534
server name,server name,known_non_genre,296,0,863
spamess,spamess,editorial_or_metadata,287,0,563
merge,merge,known_non_genre,285,0,556
software company as artist,software company as artist,known_non_genre,280,0,549
cleanup,cleanup,known_non_genre,279,0,547
dumping ground,dumping ground,known_non_genre,279,0,547
johny johny yes papa,johny johny yes papa,editorial_or_metadata,279,0,547
kids hut,kids hut,editorial_or_metadata,279,0,547
kids songs,kids songs,editorial_or_metadata,279,0,547
merge me,merge me,known_non_genre,279,0,553
nursery rhymes,nursery rhymes,editorial_or_metadata,279,0,547
nursery rhymes collection,nursery rhymes collection,editorial_or_metadata,279,0,547
nursery rhymes playlist,nursery rhymes playlist,editorial_or_metadata,279,0,547
test merging tags test,test merging tags test,editorial_or_metadata,279,0,547
wheels on the bus,wheels on the bus,editorial_or_metadata,279,0,547
korean,korean,country_or_location_only,273,0,520
criminal,criminal,known_non_genre,263,0,464
favoritos,favoritos,known_non_genre,257,0,662
lyricist,lyricist,known_non_genre,255,0,510
turkish,turkish,country_or_location_only,253,0,1308
60s,60s,decade_tag,246,0,508
non-musician,non-musician,known_non_genre,244,0,712
deu,deu,known_non_genre,240,0,681
queerphobe,queerphobe,known_non_genre,240,0,681
terf,terf,known_non_genre,240,0,681
transphobe,transphobe,known_non_genre,240,0,681
scottish,scottish,country_or_location_only,224,0,361
male vocalists,male vocalists,known_non_genre,219,0,344
columbia,columbia,country_or_location_only,213,0,625
british composer,british composer,known_non_genre,206,0,348
lithuania,lithuania,country_or_location_only,205,0,730
lithuanian,lithuanian,country_or_location_only,205,0,731
virginia,virginia,country_or_location_only,204,0,250
needs to be removed,needs to be removed,editorial_or_metadata,202,0,247
va,va,known_non_genre,202,0,246
russian,russian,country_or_location_only,200,0,350
boysband,boysband,known_non_genre,193,0,288
death by murder,death by murder,known_non_genre,185,0,459
chanteur,chanteur,known_non_genre,182,0,251
academy award winner,academy award winner,known_non_genre,178,0,628
audio drama,audio drama,editorial_or_metadata,174,0,476
compositeur,compositeur,known_non_genre,173,0,345
italian,italian,country_or_location_only,172,0,791
kolumbien,kolumbien,country_or_location_only,171,0,553
10s,10s,decade_tag,166,0,303
cool,cool,known_non_genre,166,0,201
composers,composers,known_non_genre,165,0,474
hungarian,hungarian,country_or_location_only,163,0,519
hungary,hungary,country_or_location_only,163,0,519
magyar,magyar,country_or_location_only,163,0,519
parolier,parolier,known_non_genre,163,0,320
scotland,scotland,country_or_location_only,160,0,241
multiple ipi,multiple ipi,known_non_genre,159,0,313
german audiobook reader,german audiobook reader,editorial_or_metadata,147,0,324
tribute albums,tribute albums,editorial_or_metadata,131,0,187
independent artist,independent artist,editorial_or_metadata,130,0,236
late 2010s,late 2010s,decade_tag,119,0,149
greatest hits,greatest hits,editorial_or_metadata,118,0,275
fictitious artist,fictitious artist,editorial_or_metadata,113,0,355
fictitious-artist,fictitious-artist,editorial_or_metadata,83,0,262
merge into [no artist,merge into [no artist,editorial_or_metadata,78,0,117
needs merging into [no artist,needs merging into [no artist,editorial_or_metadata,78,0,117
eurovision 2024 artists,eurovision 2024 artists,editorial_or_metadata,62,0,264
eurovision 2023 artists,eurovision 2023 artists,editorial_or_metadata,60,0,208
messe h-moll,messe h-moll,editorial_or_metadata,54,0,237
use actual artists,use actual artists,editorial_or_metadata,49,0,50
series title as artist,series title as artist,editorial_or_metadata,42,0,187
eurovision 2022 artists,eurovision 2022 artists,editorial_or_metadata,37,0,177
album oriented rock,album oriented rock,editorial_or_metadata,35,0,41
fuzzy artist-series,fuzzy artist-series,editorial_or_metadata,33,0,140
id artist,id artist,editorial_or_metadata,26,0,28
collection,collection,editorial_or_metadata,23,0,53
messiah of rock and roll,messiah of rock and roll,editorial_or_metadata,23,0,54
phil collins hits cd2,phil collins hits cd2,editorial_or_metadata,21,0,26
50s,50s,decade_tag,20,0,50
not a bogus artist,not a bogus artist,editorial_or_metadata,16,0,17
azerbaijani female artist,azerbaijani female artist,editorial_or_metadata,14,0,15
oldest artist #4,oldest artist #4,editorial_or_metadata,12,0,13
fix whosampled dupe url,fix whosampled dupe url,editorial_or_metadata,8,0,80
mb artist credit,mb artist credit,editorial_or_metadata,7,0,47
wrong artist,wrong artist,editorial_or_metadata,6,0,6
need cleanup,need cleanup,editorial_or_metadata,5,0,40
#sb19,#sb19,below_min_track_count,4,0,24
#sb19poprise,#sb19poprise,below_min_track_count,4,0,24
#sb19ppoprise,#sb19ppoprise,below_min_track_count,4,0,24
2000s hong kong debut,2000s hong kong debut,below_min_track_count,4,0,18
72 meters,72 meters,below_min_track_count,4,0,6
80s pop,80s pop,below_min_track_count,4,0,10
absolute music,absolute music,below_min_track_count,4,0,6
abstract beats,abstract beats,below_min_track_count,4,4,0
acid breaks,acid breaks,below_min_track_count,4,0,6
add serie,add serie,below_min_track_count,4,0,5
adult orientated rock,adult orientated rock,below_min_track_count,4,0,6
afrikaans pop,afrikaans pop,below_min_track_count,4,1,5
ai generated,ai generated,below_min_track_count,4,0,4
ajab gazab,ajab gazab,below_min_track_count,4,0,7
alab,alab,below_min_track_count,4,0,24
all 5: dancers-choreographers,all 5: dancers-choreographers,below_min_track_count,4,0,24
all 5: singers-songwriters,all 5: singers-songwriters,below_min_track_count,4,0,24
all 5:dancers-choreographers,all 5:dancers-choreographers,below_min_track_count,4,0,24
alternative hard rock,alternative hard rock,below_min_track_count,4,0,8
alternative indy folk,alternative indy folk,below_min_track_count,4,0,14
alternative progressive,alternative progressive,below_min_track_count,4,0,30
amadeus quartet & emil gilels,amadeus quartet & emil gilels,below_min_track_count,4,0,5
ambient music,ambient music,below_min_track_count,4,0,6
american contemporary classical,american contemporary classical,below_min_track_count,4,4,0
animals,animals,below_min_track_count,4,0,20
anti-christian,anti-christian,below_min_track_count,4,0,4
anti-religion,anti-religion,below_min_track_count,4,0,7
antifa,antifa,below_min_track_count,4,0,76
antiviral pop,antiviral pop,below_min_track_count,4,4,0
arab groove,arab groove,below_min_track_count,4,4,0
arabic classical music,arabic classical music,below_min_track_count,4,0,10
atin,atin,below_min_track_count,4,0,24
audio engineer,audio engineer,below_min_track_count,4,0,15
australian psych,australian psych,below_min_track_count,4,4,0
background vocalist,background vocalist,below_min_track_count,4,0,21
bad,bad,below_min_track_count,4,0,5
balasevic,balasevic,below_min_track_count,4,0,4
balearic trance,balearic trance,below_min_track_count,4,0,4
balkan,balkan,below_min_track_count,4,0,4
balkan punk,balkan punk,below_min_track_count,4,4,0
band ok but the fans suck,band ok but the fans suck,below_min_track_count,4,0,24
barrel,barrel,below_min_track_count,4,0,14
becky hill,becky hill,below_min_track_count,4,0,20
belgian singer,belgian singer,below_min_track_count,4,0,5
best group in ph,best group in ph,below_min_track_count,4,0,24
best male performer,best male performer,below_min_track_count,4,0,24
biography,biography,below_min_track_count,4,0,15
bollywood playback,bollywood playback,below_min_track_count,4,0,8
boyband,boyband,below_min_track_count,4,0,26
braindance,braindance,below_min_track_count,4,1,4
brill building,brill building,below_min_track_count,4,0,41
brisbane hip hop,brisbane hip hop,below_min_track_count,4,4,0
brown-eyed soul,brown-eyed soul,below_min_track_count,4,0,16
burmese stereo,burmese stereo,below_min_track_count,4,0,5
businesspeople,businesspeople,below_min_track_count,4,0,5
campursari,campursari,below_min_track_count,4,4,4
canary islands,canary islands,below_min_track_count,4,0,18
canto popular uruguayo,canto popular uruguayo,below_min_track_count,4,4,0
cast,cast,below_min_track_count,4,0,4
chanson humoristique,chanson humoristique,below_min_track_count,4,4,0
chicago indie,chicago indie,below_min_track_count,4,4,0
chigaco blues,chigaco blues,below_min_track_count,4,0,7
chihuahua indie,chihuahua indie,below_min_track_count,4,4,0
chinese jazz,chinese jazz,below_min_track_count,4,4,0
choreographer,choreographer,below_min_track_count,4,0,24
christian jazz,christian jazz,below_min_track_count,4,1,3
christian liturgical music,christian liturgical music,below_min_track_count,4,0,4
classic french pop,classic french pop,below_min_track_count,4,4,0
classic persian pop,classic persian pop,below_min_track_count,4,2,2
classic polish pop,classic polish pop,below_min_track_count,4,4,0
classical era,classical era,below_min_track_count,4,4,0
classify,classify,below_min_track_count,4,4,0
clavieriste,clavieriste,below_min_track_count,4,0,14
cleaned up,cleaned up,below_min_track_count,4,0,4
country singer,country singer,below_min_track_count,4,0,6
country-rock,country-rock,below_min_track_count,4,0,7
countrygaze,countrygaze,below_min_track_count,4,4,0
crooners,crooners,below_min_track_count,4,0,9
crossover jazz,crossover jazz,below_min_track_count,4,0,19
cumbia amazonica,cumbia amazonica,below_min_track_count,4,4,0
czech alternative rap,czech alternative rap,below_min_track_count,4,4,0
dancehall guyanaise,dancehall guyanaise,below_min_track_count,4,4,0
danseband,danseband,below_min_track_count,4,4,0
dark cabaret,dark cabaret,below_min_track_count,4,4,0
dark clubbing,dark clubbing,below_min_track_count,4,4,0
death by sleeping pills,death by sleeping pills,below_min_track_count,4,0,8
desert blues,desert blues,below_min_track_count,4,0,4
designer graphique,designer graphique,below_min_track_count,4,0,16
detroit blues,detroit blues,below_min_track_count,4,0,7
digital hardcore,digital hardcore,below_min_track_count,4,3,1
dont hate them,dont hate them,below_min_track_count,4,0,24
drone metal,drone metal,below_min_track_count,4,0,7
drum & bass,drum & bass,below_min_track_count,4,0,4
dsds,dsds,below_min_track_count,4,0,33
dutch singer-songwriter,dutch singer-songwriter,below_min_track_count,4,4,0
early modern classical,early modern classical,below_min_track_count,4,4,0
ecm-style jazz,ecm-style jazz,below_min_track_count,4,4,0
eerie,eerie,below_min_track_count,4,0,15
egyptian music,egyptian music,below_min_track_count,4,0,10
electro rock,electro rock,below_min_track_count,4,0,5
electro-funk,electro-funk,below_min_track_count,4,0,13
elevator,elevator,below_min_track_count,4,0,5
esperanto,esperanto,below_min_track_count,4,0,12
estonian composer,estonian composer,below_min_track_count,4,0,4
ethio-jazz,ethio-jazz,below_min_track_count,4,0,23
ethnic electronica,ethnic electronica,below_min_track_count,4,0,11
eurovision 2026,eurovision 2026,below_min_track_count,4,0,4
everlong,everlong,below_min_track_count,4,0,35
f this tag breaking shit,f this tag breaking shit,below_min_track_count,4,0,24
fashion model,fashion model,below_min_track_count,4,0,24
feel good,feel good,below_min_track_count,4,0,20
filmore,filmore,below_min_track_count,4,0,37
finnish rap,finnish rap,below_min_track_count,4,0,53
finnish singer,finnish singer,below_min_track_count,4,0,72
folclor afrocolombiano,folclor afrocolombiano,below_min_track_count,4,4,0
fort apache sound,fort apache sound,below_min_track_count,4,0,7
freakbeat,freakbeat,below_min_track_count,4,0,11
freezer,freezer,below_min_track_count,4,0,24
french indie folk,french indie folk,below_min_track_count,4,4,0
from vkei to non-vkei,from vkei to non-vkei,below_min_track_count,4,0,5
future jazz,future jazz,below_min_track_count,4,0,24
garage jazz,garage jazz,below_min_track_count,4,0,4
gecko,gecko,below_min_track_count,4,0,20
gecko (overdrive,gecko (overdrive,below_min_track_count,4,0,20
ghana new artist,ghana new artist,below_min_track_count,4,0,9
ghanaian singer,ghanaian singer,below_min_track_count,4,0,9
ghanaian top singer,ghanaian top singer,below_min_track_count,4,0,9
ghettotech,ghettotech,below_min_track_count,4,3,1
glasgow,glasgow,below_min_track_count,4,0,7
go up,go up,below_min_track_count,4,0,24
gogeo,gogeo,below_min_track_count,4,4,0
gotlandsk musik,gotlandsk musik,below_min_track_count,4,4,0
graphic designer,graphic designer,below_min_track_count,4,0,16
grateful dead,grateful dead,below_min_track_count,4,0,5
grateful dead berkley,grateful dead berkley,below_min_track_count,4,0,5
groove room,groove room,below_min_track_count,4,4,0
guadalajara indie,guadalajara indie,below_min_track_count,4,4,0
gui la testa,gui la testa,below_min_track_count,4,0,6
gumbe,gumbe,below_min_track_count,4,0,4
gypsy punk,gypsy punk,below_min_track_count,4,4,0
halloween,halloween,below_min_track_count,4,4,1
hamilton on indie,hamilton on indie,below_min_track_count,4,4,0
handsome,handsome,below_min_track_count,4,0,24
hanoi,hanoi,below_min_track_count,4,0,5
haters not allowed duh,haters not allowed duh,below_min_track_count,4,0,24
hereford,hereford,below_min_track_count,4,0,6
high vibe,high vibe,below_min_track_count,4,4,0
hjemmesnekk,hjemmesnekk,below_min_track_count,4,4,0
hokkien pop,hokkien pop,below_min_track_count,4,4,0
holy hip hop,holy hip hop,below_min_track_count,4,0,4
hong kong actress,hong kong actress,below_min_track_count,4,0,12
houston sound,houston sound,below_min_track_count,4,0,7
houston texas music,houston texas music,below_min_track_count,4,0,7
hungarian underground rap,hungarian underground rap,below_min_track_count,4,4,0
hyperpop italiano,hyperpop italiano,below_min_track_count,4,4,0
i love sb19,i love sb19,below_min_track_count,4,0,24
idols,idols,below_min_track_count,4,0,26
ihawan,ihawan,below_min_track_count,4,0,24
indie dream pop,indie dream pop,below_min_track_count,4,4,0
indonesian post-hardcore,indonesian post-hardcore,below_min_track_count,4,4,0
ingenieur du son,ingenieur du son,below_min_track_count,4,0,8
instrumental funk,instrumental funk,below_min_track_count,4,4,0
iranian pop singers,iranian pop singers,below_min_track_count,4,0,10
irvine,irvine,below_min_track_count,4,0,7
israeli,israeli,below_min_track_count,4,0,69
israeli rap,israeli rap,below_min_track_count,4,0,50
italian conductor,italian conductor,below_min_track_count,4,0,6
italian orchestra,italian orchestra,below_min_track_count,4,0,14
janet jackson escapade,janet jackson escapade,below_min_track_count,4,0,7
janet-jackson,janet-jackson,below_min_track_count,4,0,7
japan jam,japan jam,below_min_track_count,4,0,7
japanese ska,japanese ska,below_min_track_count,4,4,0
jazz cubano,jazz cubano,below_min_track_count,4,4,0
jerk rap,jerk rap,below_min_track_count,4,0,12
jordanian alternative,jordanian alternative,below_min_track_count,4,4,0
josh,josh,below_min_track_count,4,0,24
justin,justin,below_min_track_count,4,0,24
justin de dios,justin de dios,below_min_track_count,4,0,24
kabyle,kabyle,below_min_track_count,4,4,0
kamaisan,kamaisan,below_min_track_count,4,0,24
kazakh,kazakh,below_min_track_count,4,0,4
ken,ken,below_min_track_count,4,0,24
kentin,kentin,below_min_track_count,4,0,24
kentucky indie,kentucky indie,below_min_track_count,4,4,0
kentucky roots,kentucky roots,below_min_track_count,4,4,0
kids music,kids music,below_min_track_count,4,0,22
kolsch,kolsch,below_min_track_count,4,0,17
korean music,korean music,below_min_track_count,4,0,50
korean superband,korean superband,below_min_track_count,4,4,0
kr,kr,below_min_track_count,4,0,33
lambada,lambada,below_min_track_count,4,0,4
latin classical,latin classical,below_min_track_count,4,4,0
latin soundtrack,latin soundtrack,below_min_track_count,4,4,0
lds youth,lds youth,below_min_track_count,4,4,0
lebanese,lebanese,below_min_track_count,4,0,14
lebanon,lebanon,below_min_track_count,4,0,6
led zeppelin,led zeppelin,below_min_track_count,4,0,6
legends,legends,below_min_track_count,4,0,5
lemures & legends selected,lemures & legends selected,below_min_track_count,4,0,4
lied,lied,below_min_track_count,4,0,4
lieder,lieder,below_min_track_count,4,0,4
life,life,below_min_track_count,4,0,4
lirics,lirics,below_min_track_count,4,0,4
lit dancers,lit dancers,below_min_track_count,4,0,24
lit songs,lit songs,below_min_track_count,4,0,24
liverpool indie,liverpool indie,below_min_track_count,4,4,0
lo-fi product,lo-fi product,below_min_track_count,4,4,0
luxembourg,luxembourg,below_min_track_count,4,0,4
macedonian pop,macedonian pop,below_min_track_count,4,4,0
mande pop,mande pop,below_min_track_count,4,4,0
martin garrix,martin garrix,below_min_track_count,4,0,20
maskanda,maskanda,below_min_track_count,4,0,4
max,max,below_min_track_count,4,0,8
media composer,media composer,below_min_track_count,4,0,4
melbourne,melbourne,below_min_track_count,4,0,21
melodic power metal,melodic power metal,below_min_track_count,4,1,3
melodic rock,melodic rock,below_min_track_count,4,0,7
memphis phonk,memphis phonk,below_min_track_count,4,4,0
michelle,michelle,below_min_track_count,4,0,20
microtonal,microtonal,below_min_track_count,4,2,2
mid-school hip hop,mid-school hip hop,below_min_track_count,4,0,11
mil besos,mil besos,below_min_track_count,4,0,8
modern dream pop,modern dream pop,below_min_track_count,4,4,0
moldovan,moldovan,below_min_track_count,4,0,4
monstercat,monstercat,below_min_track_count,4,0,8
multiple countries,multiple countries,below_min_track_count,4,0,5
muse,muse,below_min_track_count,4,0,30
music icons,music icons,below_min_track_count,4,0,26
musica para ninos,musica para ninos,below_min_track_count,4,4,0
musikproduzent,musikproduzent,below_min_track_count,4,0,5
musique urbaine kinshasa,musique urbaine kinshasa,below_min_track_count,4,4,0
nasejun,nasejun,below_min_track_count,4,0,24
nashville singer-songwriter,nashville singer-songwriter,below_min_track_count,4,4,0
nation,nation,below_min_track_count,4,0,6
nekfeu,nekfeu,below_min_track_count,4,0,78
neo-traditional country,neo-traditional country,below_min_track_count,4,1,6
neoclassical metal,neoclassical metal,below_min_track_count,4,0,8
new york punk,new york punk,below_min_track_count,4,0,15
ninja tune,ninja tune,below_min_track_count,4,0,16
noel quebecois,noel quebecois,below_min_track_count,4,4,0
nortena,nortena,below_min_track_count,4,0,56
northern irish indie,northern irish indie,below_min_track_count,4,4,0
nz,nz,below_min_track_count,4,0,49
nz electronic,nz electronic,below_min_track_count,4,4,0
old school bassline,old school bassline,below_min_track_count,4,3,9
oliver heldens,oliver heldens,below_min_track_count,4,0,20
original,original,below_min_track_count,4,0,28
osama,osama,below_min_track_count,4,0,17
osama rapper,osama rapper,below_min_track_count,4,0,17
osama taiym,osama taiym,below_min_track_count,4,0,17
ot5,ot5,below_min_track_count,4,0,24
p-pop idols,p-pop idols,below_min_track_count,4,0,24
pakistani electronic,pakistani electronic,below_min_track_count,4,4,0
palestinian alternative,palestinian alternative,below_min_track_count,4,4,0
panonski mornar,panonski mornar,below_min_track_count,4,0,4
persian music,persian music,below_min_track_count,4,0,4
persian rock,persian rock,below_min_track_count,4,1,3
persistence,persistence,below_min_track_count,4,0,6
person,person,below_min_track_count,4,0,6
peruvian hip hop,peruvian hip hop,below_min_track_count,4,4,0
philly club,philly club,below_min_track_count,4,0,8
pierre rausch,pierre rausch,below_min_track_count,4,0,4
pinoy,pinoy,below_min_track_count,4,0,29
plague,plague,below_min_track_count,4,0,4
polish classical,polish classical,below_min_track_count,4,4,0
polish indie rock,polish indie rock,below_min_track_count,4,4,0
politic rap,politic rap,below_min_track_count,4,0,41
pop rock brasil,pop rock brasil,below_min_track_count,4,0,7
pop violin,pop violin,below_min_track_count,4,4,0
pop-dance,pop-dance,below_min_track_count,4,0,4
popping,popping,below_min_track_count,4,4,0
portuguese folk,portuguese folk,below_min_track_count,4,4,0
poultry,poultry,below_min_track_count,4,0,24
powerful,powerful,below_min_track_count,4,0,7
ppop,ppop,below_min_track_count,4,0,24
progressive death metal,progressive death metal,below_min_track_count,4,0,5
psychedelic blues,psychedelic blues,below_min_track_count,4,0,4
punjabi lo-fi,punjabi lo-fi,below_min_track_count,4,4,0
punk jazz,punk jazz,below_min_track_count,4,0,25
qi-western releases,qi-western releases,below_min_track_count,4,0,43
raggae,raggae,below_min_track_count,4,0,8
rappers,rappers,below_min_track_count,4,0,24
rasta,rasta,below_min_track_count,4,0,6
record producer,record producer,below_min_track_count,4,0,5
rhode island rap,rhode island rap,below_min_track_count,4,4,0
rising pop,rising pop,below_min_track_count,4,0,24
rita lee,rita lee,below_min_track_count,4,0,4
robin thicke,robin thicke,below_min_track_count,4,0,20
rock brasil,rock brasil,below_min_track_count,4,0,7
russian pop punk,russian pop punk,below_min_track_count,4,4,0
samoan,samoan,below_min_track_count,4,0,7
sb1,sb1,below_min_track_count,4,0,24
sb19,sb19,below_min_track_count,4,0,24
sb19 ppop idol,sb19 ppop idol,below_min_track_count,4,0,24
schottland,schottland,below_min_track_count,4,0,40
scottish new wave,scottish new wave,below_min_track_count,4,4,0
sda a cappella,sda a cappella,below_min_track_count,4,4,0
sejun,sejun,below_min_track_count,4,0,24
self-titled,self-titled,below_min_track_count,4,0,8
serbia,serbia,below_min_track_count,4,0,4
sesotho hip hop,sesotho hip hop,below_min_track_count,4,4,0
sesotho pop,sesotho pop,below_min_track_count,4,4,0
sexy,sexy,below_min_track_count,4,0,7
shiverspine,shiverspine,below_min_track_count,4,0,4
should lanterns shine,should lanterns shine,below_min_track_count,4,0,4
singstimme,singstimme,below_min_track_count,4,0,5
ska espanol,ska espanol,below_min_track_count,4,4,0
ska jazz,ska jazz,below_min_track_count,4,4,0
slow game,slow game,below_min_track_count,4,4,0
sm entertainment,sm entertainment,below_min_track_count,4,0,59
small room,small room,below_min_track_count,4,4,0
smurf music,smurf music,below_min_track_count,4,0,5
software as artist,software as artist,below_min_track_count,4,0,7
solo project,solo project,below_min_track_count,4,0,7
sound engineer,sound engineer,below_min_track_count,4,0,9
soviet synthpop,soviet synthpop,below_min_track_count,4,4,0
space age pop,space age pop,below_min_track_count,4,0,7
space rock revival,space rock revival,below_min_track_count,4,0,5
spaghetti western,spaghetti western,below_min_track_count,4,0,6
spam,spam,below_min_track_count,4,0,24
spanish punk,spanish punk,below_min_track_count,4,4,0
speed garage,speed garage,below_min_track_count,4,0,12
springfield mo indie,springfield mo indie,below_min_track_count,4,4,0
srso,srso,below_min_track_count,4,0,4
stoner,stoner,below_min_track_count,4,0,11
stop breaking our rating mechanism,stop breaking our rating mechanism,below_min_track_count,4,0,24
stop breaking our rating mechanism seriously,stop breaking our rating mechanism seriously,below_min_track_count,4,0,24
strawberry,strawberry,below_min_track_count,4,0,24
summer song,summer song,below_min_track_count,4,0,4
summernightbrand,summernightbrand,below_min_track_count,4,0,4
summernightbrand record sales office,summernightbrand record sales office,below_min_track_count,4,0,4
summernightbrand record sales office (srso,summernightbrand record sales office (srso,below_min_track_count,4,0,4
support ppop,support ppop,below_min_track_count,4,0,24
supremo,supremo,below_min_track_count,4,0,18
svensk progg,svensk progg,below_min_track_count,4,4,0
swag,swag,below_min_track_count,4,0,24
sylvester,sylvester,below_min_track_count,4,0,24
taiwanese indigenous music,taiwanese indigenous music,below_min_track_count,4,4,0
tamazight,tamazight,below_min_track_count,4,4,0
tape music,tape music,below_min_track_count,4,0,14
technical death metal,technical death metal,below_min_track_count,4,0,5
television composer,television composer,below_min_track_count,4,0,12
tex-mex,tex-mex,below_min_track_count,4,0,16
thank you,thank you,below_min_track_count,4,0,5
the queen,the queen,below_min_track_count,4,0,7
the scarlet and the black,the scarlet and the black,below_min_track_count,4,0,6
to go,to go,below_min_track_count,4,0,4
tramp pa en smurf,tramp pa en smurf,below_min_track_count,4,0,5
trance brasileiro,trance brasileiro,below_min_track_count,4,4,0
trap beats,trap beats,below_min_track_count,4,4,0
trending,trending,below_min_track_count,4,0,24
tuna,tuna,below_min_track_count,4,4,0
uk dnb,uk dnb,below_min_track_count,4,4,0
uk reggae,uk reggae,below_min_track_count,4,4,0
ukrainian phonk,ukrainian phonk,below_min_track_count,4,4,0
umk 2025,umk 2025,below_min_track_count,4,0,76
unbreakable sb19,unbreakable sb19,below_min_track_count,4,0,24
urban folk,urban folk,below_min_track_count,4,0,21
us power metal,us power metal,below_min_track_count,4,0,5
uwielbienie,uwielbienie,below_min_track_count,4,4,0
uyghur pop,uyghur pop,below_min_track_count,4,4,0
venezuelan indie,venezuelan indie,below_min_track_count,4,4,0
vietnam,vietnam,below_min_track_count,4,0,9
vintage cantonese pop,vintage cantonese pop,below_min_track_count,4,4,0
viral pop brasileiro,viral pop brasileiro,below_min_track_count,4,4,0
vocalists and dancers,vocalists and dancers,below_min_track_count,4,0,24
vtuber,vtuber,below_min_track_count,4,0,4
waiata maori,waiata maori,below_min_track_count,4,4,0
weezer,weezer,below_min_track_count,4,0,7
west bengali pop,west bengali pop,below_min_track_count,4,4,0
western swing,western swing,below_min_track_count,4,3,2
why is there so many tags,why is there so many tags,below_min_track_count,4,0,24
wigan,wigan,below_min_track_count,4,0,4
wolof,wolof,below_min_track_count,4,0,4
world domination,world domination,below_min_track_count,4,0,24
world pop,world pop,below_min_track_count,4,0,18
you guys suck,you guys suck,below_min_track_count,4,0,24
young artist,young artist,below_min_track_count,4,0,24
yuck,yuck,below_min_track_count,4,0,22
zoo,zoo,below_min_track_count,4,0,6
đole,đole,below_min_track_count,4,0,4
गजल,गजल,below_min_track_count,4,0,7
에스비19,에스비19,below_min_track_count,4,0,24
葉加瀬太郎,葉加瀬太郎,below_min_track_count,4,0,20
24 nights,24 nights,below_min_track_count,3,0,7
acid,acid,below_min_track_count,3,0,6
adam levine,adam levine,below_min_track_count,3,0,8
african blues,african blues,below_min_track_count,3,0,3
afrique du sud,afrique du sud,below_min_track_count,3,0,9
aggressive,aggressive,below_min_track_count,3,0,8
ahmed chawki,ahmed chawki,below_min_track_count,3,0,4
akai s1000 timestretch,akai s1000 timestretch,below_min_track_count,3,0,10
alberta hip hop,alberta hip hop,below_min_track_count,3,3,0
all-time greatest hits,all-time greatest hits,below_min_track_count,3,0,14
alt-idol,alt-idol,below_min_track_count,3,3,0
alternative country-rock,alternative country-rock,below_min_track_count,3,0,3
alternative music,alternative music,below_min_track_count,3,0,9
am pop,am pop,below_min_track_count,3,0,4
ambient guitar,ambient guitar,below_min_track_count,3,1,2
ambient trance,ambient trance,below_min_track_count,3,0,12
anime lo-fi,anime lo-fi,below_min_track_count,3,3,0
anne sylvestre,anne sylvestre,below_min_track_count,3,0,4
annees 1960,annees 1960,below_min_track_count,3,0,4
annees 1970,annees 1970,below_min_track_count,3,0,4
annees 1980,annees 1980,below_min_track_count,3,0,4
annees 1990,annees 1990,below_min_track_count,3,0,4
annees 2000,annees 2000,below_min_track_count,3,0,4
annees 2010,annees 2010,below_min_track_count,3,0,4
anthem worship,anthem worship,below_min_track_count,3,3,0
anti-christianity,anti-christianity,below_min_track_count,3,0,3
apologetics,apologetics,below_min_track_count,3,0,6
archives,archives,below_min_track_count,3,0,3
argentine alternative rock,argentine alternative rock,below_min_track_count,3,3,0
argentine ambient,argentine ambient,below_min_track_count,3,3,0
argentinian rock,argentinian rock,below_min_track_count,3,0,27
armenian hip hop,armenian hip hop,below_min_track_count,3,3,0
art music,art music,below_min_track_count,3,0,3
artificial intelligence,artificial intelligence,below_min_track_count,3,0,3
artwork,artwork,below_min_track_count,3,0,3
asha-bhosle,asha-bhosle,below_min_track_count,3,0,4
assamese pop,assamese pop,below_min_track_count,3,3,0
atari,atari,below_min_track_count,3,0,11
atlanta bass,atlanta bass,below_min_track_count,3,3,0
aussie,aussie,below_min_track_count,3,0,13
australian underground hip hop,australian underground hip hop,below_min_track_count,3,3,0
auteur-compositeur-interprete,auteur-compositeur-interprete,below_min_track_count,3,0,4
avant-rock,avant-rock,below_min_track_count,3,0,3
baglama,baglama,below_min_track_count,3,3,0
balkan brass,balkan brass,below_min_track_count,3,3,0
bandleader,bandleader,below_min_track_count,3,0,6
banjo,banjo,below_min_track_count,3,3,0
barber beats,barber beats,below_min_track_count,3,0,6
bas,bas,below_min_track_count,3,0,3
bay area rap,bay area rap,below_min_track_count,3,0,5
beata vergine,beata vergine,below_min_track_count,3,0,4
beyoung the gates 2026,beyoung the gates 2026,below_min_track_count,3,0,3
bgyo,bgyo,below_min_track_count,3,0,14
bisaya rap,bisaya rap,below_min_track_count,3,3,0
bittersweet,bittersweet,below_min_track_count,3,0,5
bizet,bizet,below_min_track_count,3,0,4
blasphemy,blasphemy,below_min_track_count,3,0,3
bob marley,bob marley,below_min_track_count,3,0,5
boogie woogie,boogie woogie,below_min_track_count,3,0,3
bosnian indie,bosnian indie,below_min_track_count,3,3,0
bossbeat,bossbeat,below_min_track_count,3,3,0
boston rock,boston rock,below_min_track_count,3,3,0
brahms solti requiem,brahms solti requiem,below_min_track_count,3,0,4
brazilian emo,brazilian emo,below_min_track_count,3,3,0
brazilian evangelical music,brazilian evangelical music,below_min_track_count,3,3,0
british folk,british folk,below_min_track_count,3,3,0
bubblegrunge,bubblegrunge,below_min_track_count,3,3,0
c-pop girl group,c-pop girl group,below_min_track_count,3,3,0
cabarets,cabarets,below_min_track_count,3,0,4
cambridgeshire indie,cambridgeshire indie,below_min_track_count,3,3,0
canadian indie folk,canadian indie folk,below_min_track_count,3,3,0
canadian indigenous hip hop,canadian indigenous hip hop,below_min_track_count,3,3,0
cantonese worship,cantonese worship,below_min_track_count,3,3,0
cantopop boy group member,cantopop boy group member,below_min_track_count,3,0,35
cantopop girl group,cantopop girl group,below_min_track_count,3,0,10
carmen,carmen,below_min_track_count,3,0,4
cbgb scene,cbgb scene,below_min_track_count,3,0,6
chain reaction,chain reaction,below_min_track_count,3,0,5
chamath sangeeth,chamath sangeeth,below_min_track_count,3,0,4
chanson de qualite,chanson de qualite,below_min_track_count,3,0,4
character: renard queenston,character: renard queenston,below_min_track_count,3,0,4
charanga,charanga,below_min_track_count,3,3,0
chawki,chawki,below_min_track_count,3,0,4
childrens folk,childrens folk,below_min_track_count,3,3,0
childrens pop,childrens pop,below_min_track_count,3,0,39
chilena,chilena,below_min_track_count,3,3,0
chinese new year,chinese new year,below_min_track_count,3,3,0
chiphop,chiphop,below_min_track_count,3,0,33
christmas instrumental,christmas instrumental,below_min_track_count,3,3,0
cinematic,cinematic,below_min_track_count,3,0,5
clap and tap,clap and tap,below_min_track_count,3,3,0
clapton,clapton,below_min_track_count,3,0,7
clarinet,clarinet,below_min_track_count,3,0,19
classic house,classic house,below_min_track_count,3,1,4
claudia jung,claudia jung,below_min_track_count,3,0,15
cock robin,cock robin,below_min_track_count,3,0,3
collage pop,collage pop,below_min_track_count,3,3,0
colombian indie,colombian indie,below_min_track_count,3,3,0
colombian rock,colombian rock,below_min_track_count,3,3,0
color noise,color noise,below_min_track_count,3,3,0
color: #9adbe8,color: #9adbe8,below_min_track_count,3,0,6
color: #e1523d,color: #e1523d,below_min_track_count,3,0,6
comedie musicale,comedie musicale,below_min_track_count,3,3,0
commercial,commercial,below_min_track_count,3,0,21
conga,conga,below_min_track_count,3,0,4
conscious,conscious,below_min_track_count,3,0,12
copla,copla,below_min_track_count,3,1,12
corecore,corecore,below_min_track_count,3,3,0
cormak,cormak,below_min_track_count,3,0,3
corridos clasicos,corridos clasicos,below_min_track_count,3,3,0
country boogie,country boogie,below_min_track_count,3,0,3
coverchill,coverchill,below_min_track_count,3,3,0
croatia,croatia,below_min_track_count,3,0,5
cuatro venezolano,cuatro venezolano,below_min_track_count,3,3,0
cumbia del sureste,cumbia del sureste,below_min_track_count,3,3,0
cumbia ecuatoriana,cumbia ecuatoriana,below_min_track_count,3,3,0
cumbias,cumbias,below_min_track_count,3,0,13
cypriot,cypriot,below_min_track_count,3,0,13
czech metal,czech metal,below_min_track_count,3,3,0
dance hall,dance hall,below_min_track_count,3,0,4
danish indie,danish indie,below_min_track_count,3,3,0
dariacore,dariacore,below_min_track_count,3,3,2
dark ages,dark ages,below_min_track_count,3,0,3
dark synthpop,dark synthpop,below_min_track_count,3,3,0
death by brain hemorrhage,death by brain hemorrhage,below_min_track_count,3,0,7
death-metal,death-metal,below_min_track_count,3,0,30
deathstep,deathstep,below_min_track_count,3,0,4
deelight,deelight,below_min_track_count,3,0,3
deep funk,deep funk,below_min_track_count,3,1,3
deep uplifting trance,deep uplifting trance,below_min_track_count,3,3,0
depressive,depressive,below_min_track_count,3,0,10
detroit rock,detroit rock,below_min_track_count,3,3,0
dinesh kanagaratnam,dinesh kanagaratnam,below_min_track_count,3,0,4
disambiguation spam,disambiguation spam,below_min_track_count,3,0,8
disclosure,disclosure,below_min_track_count,3,0,3
diy,diy,below_min_track_count,3,0,3
doo wop,doo wop,below_min_track_count,3,0,6
dose nzdose dnb drum bass nz,dose nzdose dnb drum bass nz,below_min_track_count,3,0,4
drag queen,drag queen,below_min_track_count,3,0,45
draga,draga,below_min_track_count,3,3,0
dreamo,dreamo,below_min_track_count,3,3,0
drill and bass,drill and bass,below_min_track_count,3,0,4
drugs,drugs,below_min_track_count,3,0,19
drumfunk,drumfunk,below_min_track_count,3,0,10
dubsteppe,dubsteppe,below_min_track_count,3,3,0
dungeon synth,dungeon synth,below_min_track_count,3,0,33
dupe recordings 2013,dupe recordings 2013,below_min_track_count,3,0,5
dutch moombahton,dutch moombahton,below_min_track_count,3,3,0
dutch post-punk,dutch post-punk,below_min_track_count,3,0,22
el caballero de la cumbia,el caballero de la cumbia,below_min_track_count,3,0,4
electric gospel,electric gospel,below_min_track_count,3,0,3
electric guitar,electric guitar,below_min_track_count,3,0,9
electronica chilena,electronica chilena,below_min_track_count,3,3,0
emocore,emocore,below_min_track_count,3,1,5
english baroque,english baroque,below_min_track_count,3,3,0
entexno,entexno,below_min_track_count,3,0,6
eric clapton,eric clapton,below_min_track_count,3,0,7
euphoric,euphoric,below_min_track_count,3,0,3
euro disco,euro disco,below_min_track_count,3,0,6
experimental vocal,experimental vocal,below_min_track_count,3,3,0
fav,fav,below_min_track_count,3,0,3
field recordings,field recordings,below_min_track_count,3,0,6
finlandssvenska musik,finlandssvenska musik,below_min_track_count,3,3,0
finnish artist,finnish artist,below_min_track_count,3,0,4
finnish edm,finnish edm,below_min_track_count,3,3,0
firenze indie,firenze indie,below_min_track_count,3,3,0
fletcher heal,fletcher heal,below_min_track_count,3,0,7
flumestep,flumestep,below_min_track_count,3,0,41
focus,focus,below_min_track_count,3,3,0
forro eletronico,forro eletronico,below_min_track_count,3,0,62
french pianist,french pianist,below_min_track_count,3,0,6
funky tech house,funky tech house,below_min_track_count,3,3,0
future funk,future funk,below_min_track_count,3,1,3
galician folk,galician folk,below_min_track_count,3,3,0
galimatias,galimatias,below_min_track_count,3,0,3
gambist,gambist,below_min_track_count,3,0,4
garage punk,garage punk,below_min_track_count,3,0,58
german baritone,german baritone,below_min_track_count,3,0,7
german country,german country,below_min_track_count,3,3,0
german hyperpop,german hyperpop,below_min_track_count,3,3,0
german indie rock,german indie rock,below_min_track_count,3,3,0
german romanticism,german romanticism,below_min_track_count,3,3,0
german-pop,german-pop,below_min_track_count,3,0,12
greek artistic music,greek artistic music,below_min_track_count,3,0,8
greek pop-rock,greek pop-rock,below_min_track_count,3,0,48
greek rock,greek rock,below_min_track_count,3,0,9
groove me,groove me,below_min_track_count,3,0,31
guaguanco,guaguanco,below_min_track_count,3,0,6
guaracha santiaguena,guaracha santiaguena,below_min_track_count,3,3,0
guitar synthesizer,guitar synthesizer,below_min_track_count,3,0,9
haitian gospel,haitian gospel,below_min_track_count,3,3,0
harmonica blues,harmonica blues,below_min_track_count,3,1,4
hasta,hasta,below_min_track_count,3,0,8
hatred,hatred,below_min_track_count,3,0,3
hindustani classical music,hindustani classical music,below_min_track_count,3,0,5
hip-hop experimental,hip-hop experimental,below_min_track_count,3,3,0
hololive,hololive,below_min_track_count,3,0,3
homeit,homeit,below_min_track_count,3,0,8
hong kong,hong kong,below_min_track_count,3,0,4
hong.kong,hong.kong,below_min_track_count,3,0,42
hybrid trap,hybrid trap,below_min_track_count,3,0,7
hyper raggacore,hyper raggacore,below_min_track_count,3,0,4
hyperpop en espanol,hyperpop en espanol,below_min_track_count,3,3,0
icelandic classical,icelandic classical,below_min_track_count,3,3,0
idol rock,idol rock,below_min_track_count,3,3,0
ilemonati,ilemonati,below_min_track_count,3,0,5
ilkay sencan,ilkay sencan,below_min_track_count,3,0,5
illinois,illinois,below_min_track_count,3,0,10
indie catala,indie catala,below_min_track_count,3,3,0
indie garage rock,indie garage rock,below_min_track_count,3,1,2
indonesia,indonesia,below_min_track_count,3,0,47
indonesian edm,indonesian edm,below_min_track_count,3,3,0
indonesian emo rap,indonesian emo rap,below_min_track_count,3,3,0
ipswich,ipswich,below_min_track_count,3,0,4
iraj weeraratne,iraj weeraratne,below_min_track_count,3,0,4
iran,iran,below_min_track_count,3,0,3
iran dance music,iran dance music,below_min_track_count,3,0,3
iran music,iran music,below_min_track_count,3,0,3
iran pop music,iran pop music,below_min_track_count,3,0,3
iran traditional music,iran traditional music,below_min_track_count,3,0,3
irish electronic,irish electronic,below_min_track_count,3,3,0
israeli folk,israeli folk,below_min_track_count,3,3,0
israelites,israelites,below_min_track_count,3,0,21
italian techno,italian techno,below_min_track_count,3,3,0
italian violinist,italian violinist,below_min_track_count,3,0,3
italodisco,italodisco,below_min_track_count,3,0,6
japanese alternative pop,japanese alternative pop,below_min_track_count,3,3,0
japanese indie pop,japanese indie pop,below_min_track_count,3,3,0
japanese soundtrack,japanese soundtrack,below_min_track_count,3,3,3
jazz musicians,jazz musicians,below_min_track_count,3,0,4
jigg,jigg,below_min_track_count,3,0,5
joik,joik,below_min_track_count,3,0,15
juicy ibiza,juicy ibiza,below_min_track_count,3,0,77
jump up,jump up,below_min_track_count,3,1,2
kansas city hip hop,kansas city hip hop,below_min_track_count,3,3,0
kashmiri pop,kashmiri pop,below_min_track_count,3,3,0
kate bush,kate bush,below_min_track_count,3,0,3
kaunas,kaunas,below_min_track_count,3,0,3
kaya,kaya,below_min_track_count,3,0,3
kingston,kingston,below_min_track_count,3,0,5
klangkarussell,klangkarussell,below_min_track_count,3,0,8
korean electropop,korean electropop,below_min_track_count,3,3,0
kosmische musik,kosmische musik,below_min_track_count,3,0,13
kote kei,kote kei,below_min_track_count,3,0,3
kroeger,kroeger,below_min_track_count,3,0,3
kygo,kygo,below_min_track_count,3,0,3
latin american rock,latin american rock,below_min_track_count,3,0,27
latin metal,latin metal,below_min_track_count,3,3,0
latin viral rap,latin viral rap,below_min_track_count,3,3,0
latintronica,latintronica,below_min_track_count,3,3,0
laymedown,laymedown,below_min_track_count,3,0,3
lebanese indie,lebanese indie,below_min_track_count,3,3,0
legiao urbana,legiao urbana,below_min_track_count,3,0,5
lily,lily,below_min_track_count,3,0,13
lithuanian vocal pop,lithuanian vocal pop,below_min_track_count,3,0,13
lo-fi chill,lo-fi chill,below_min_track_count,3,3,0
lo-fi emo,lo-fi emo,below_min_track_count,3,3,0
lo-fi r & b,lo-fi r & b,below_min_track_count,3,0,11
lo-fi sleep,lo-fi sleep,below_min_track_count,3,3,0
london sessions,london sessions,below_min_track_count,3,0,10
longing,longing,below_min_track_count,3,0,5
luxembourgian pop,luxembourgian pop,below_min_track_count,3,3,0
magyar retro dance,magyar retro dance,below_min_track_count,3,3,0
malian,malian,below_min_track_count,3,0,3
malien,malien,below_min_track_count,3,0,3
maori,maori,below_min_track_count,3,0,7
marathi,marathi,below_min_track_count,3,0,9
march,march,below_min_track_count,3,0,6
mbaqanga,mbaqanga,below_min_track_count,3,0,7
melodic metal,melodic metal,below_min_track_count,3,2,2
melodifestivalen,melodifestivalen,below_min_track_count,3,0,5
melodifestivalen 2026,melodifestivalen 2026,below_min_track_count,3,0,4
mexican classic rock,mexican classic rock,below_min_track_count,3,3,0
mexican edm,mexican edm,below_min_track_count,3,3,0
miguel bose,miguel bose,below_min_track_count,3,0,6
modern indie folk,modern indie folk,below_min_track_count,3,3,0
modern jazz trio,modern jazz trio,below_min_track_count,3,3,0
montreux,montreux,below_min_track_count,3,0,7
murder,murder,below_min_track_count,3,0,4
music concrete,music concrete,below_min_track_count,3,0,3
musica afroperuana,musica afroperuana,below_min_track_count,3,3,0
musica bajacaliforniana,musica bajacaliforniana,below_min_track_count,3,3,0
musica criolla,musica criolla,below_min_track_count,3,2,5
musica de intervencao,musica de intervencao,below_min_track_count,3,3,0
musica popular uruguaya,musica popular uruguaya,below_min_track_count,3,3,0
musica portuguesa contemporanea,musica portuguesa contemporanea,below_min_track_count,3,3,0
musica sonorense,musica sonorense,below_min_track_count,3,3,0
mutant disco,mutant disco,below_min_track_count,3,0,10
muzica moldoveneasca,muzica moldoveneasca,below_min_track_count,3,3,0
my sweet lord,my sweet lord,below_min_track_count,3,0,4
nasyid,nasyid,below_min_track_count,3,3,8
negro spiritual,negro spiritual,below_min_track_count,3,0,6
neo-acoustic,neo-acoustic,below_min_track_count,3,0,4
neo-traditionalist country,neo-traditionalist country,below_min_track_count,3,0,6
neoclassical darkwave,neoclassical darkwave,below_min_track_count,3,3,1
neoprog,neoprog,below_min_track_count,3,0,6
nepali,nepali,below_min_track_count,3,0,3
nerdcore brasileiro,nerdcore brasileiro,below_min_track_count,3,3,0
neurofunk,neurofunk,below_min_track_count,3,0,6
new delhi indie,new delhi indie,below_min_track_count,3,3,0
new jersey underground rap,new jersey underground rap,below_min_track_count,3,3,0
nhac vang,nhac vang,below_min_track_count,3,0,24
nice indie,nice indie,below_min_track_count,3,3,0
nigerian songwriter,nigerian songwriter,below_min_track_count,3,0,22
night,night,below_min_track_count,3,0,3
no fences,no fences,below_min_track_count,3,0,16
nordic folk,nordic folk,below_min_track_count,3,3,1
norwegian classical,norwegian classical,below_min_track_count,3,3,0
nu gabber,nu gabber,below_min_track_count,3,3,0
nwothm,nwothm,below_min_track_count,3,0,7
nz dnb,nz dnb,below_min_track_count,3,3,0
nz singer-songwriter,nz singer-songwriter,below_min_track_count,3,3,0
odia pop,odia pop,below_min_track_count,3,3,0
okeshou kei,okeshou kei,below_min_track_count,3,0,3
oktoberfest,oktoberfest,below_min_track_count,3,3,0
old school dancehall,old school dancehall,below_min_track_count,3,2,1
omaha,omaha,below_min_track_count,3,0,9
one-hit wonder,one-hit wonder,below_min_track_count,3,0,8
orebro indie,orebro indie,below_min_track_count,3,3,0
original songs,original songs,below_min_track_count,3,0,6
orlando indie,orlando indie,below_min_track_count,3,3,0
oslo indie,oslo indie,below_min_track_count,3,3,0
oud,oud,below_min_track_count,3,3,0
p-funk,p-funk,below_min_track_count,3,0,7
palestinian traditional,palestinian traditional,below_min_track_count,3,3,0
papuri,papuri,below_min_track_count,3,3,0
parrott,parrott,below_min_track_count,3,0,4
passionate,passionate,below_min_track_count,3,0,4
performer,performer,below_min_track_count,3,0,8
persian dance music,persian dance music,below_min_track_count,3,0,3
piano sonata,piano sonata,below_min_track_count,3,0,4
pirate metal,pirate metal,below_min_track_count,3,1,2
po.st,po.st,below_min_track_count,3,0,8
poetic,poetic,below_min_track_count,3,0,5
polynesian hip hop,polynesian hip hop,below_min_track_count,3,3,0
post bop,post bop,below_min_track_count,3,0,5
post hardcore,post hardcore,below_min_track_count,3,0,7
post-genre,post-genre,below_min_track_count,3,0,3
post-punk 2k,post-punk 2k,below_min_track_count,3,0,6
preschool childrens music,preschool childrens music,below_min_track_count,3,3,0
progressive black metal,progressive black metal,below_min_track_count,3,0,3
progressive country,progressive country,below_min_track_count,3,0,5
progressive rock music,progressive rock music,below_min_track_count,3,0,9
progrock,progrock,below_min_track_count,3,0,3
promessa,promessa,below_min_track_count,3,0,7
psych folk,psych folk,below_min_track_count,3,0,3
quebecois,quebecois,below_min_track_count,3,0,47
quran,quran,below_min_track_count,3,3,0
r & b alternative,r & b alternative,below_min_track_count,3,0,4
r b,r b,below_min_track_count,3,0,6
radio dj,radio dj,below_min_track_count,3,0,4
raggacore,raggacore,below_min_track_count,3,0,4
rap & roll,rap & roll,below_min_track_count,3,0,5
rap moldovenesc,rap moldovenesc,below_min_track_count,3,3,0
rap nacional antigo,rap nacional antigo,below_min_track_count,3,3,0
rap paraguayo,rap paraguayo,below_min_track_count,3,3,0
rap-rock,rap-rock,below_min_track_count,3,0,5
rasta love,rasta love,below_min_track_count,3,0,5
rastafarian,rastafarian,below_min_track_count,3,0,5
redneck,redneck,below_min_track_count,3,3,0
reggae maghreb,reggae maghreb,below_min_track_count,3,3,0
reggae tico,reggae tico,below_min_track_count,3,3,0
relaxative,relaxative,below_min_track_count,3,3,0
remixer,remixer,below_min_track_count,3,0,7
remstered hits,remstered hits,below_min_track_count,3,0,4
retro,retro,below_min_track_count,3,0,6
retrowave,retrowave,below_min_track_count,3,0,5
revival,revival,below_min_track_count,3,0,5
rhyming slang,rhyming slang,below_min_track_count,3,0,17
ringo starr,ringo starr,below_min_track_count,3,0,8
rive gauche,rive gauche,below_min_track_count,3,0,4
rock alternatif francais,rock alternatif francais,below_min_track_count,3,3,0
rock alternativo,rock alternativo,below_min_track_count,3,0,5
rock catala,rock catala,below_min_track_count,3,3,0
rock mineiro,rock mineiro,below_min_track_count,3,3,0
rock-pop,rock-pop,below_min_track_count,3,0,13
rodrigo fomins,rodrigo fomins,below_min_track_count,3,0,5
russian pixel,russian pixel,below_min_track_count,3,3,0
saddle creek,saddle creek,below_min_track_count,3,0,9
saint petersburg,saint petersburg,below_min_track_count,3,0,3
sang poetry,sang poetry,below_min_track_count,3,0,3
saxophonist,saxophonist,below_min_track_count,3,0,6
sci-fi,sci-fi,below_min_track_count,3,0,4
semarang indie,semarang indie,below_min_track_count,3,3,0
sevillanas,sevillanas,below_min_track_count,3,0,5
sexual,sexual,below_min_track_count,3,0,15
sezen aksu,sezen aksu,below_min_track_count,3,0,69
si tu no vuelves,si tu no vuelves,below_min_track_count,3,0,5
side project,side project,below_min_track_count,3,0,5
sierra leonean pop,sierra leonean pop,below_min_track_count,3,3,0
singapore,singapore,below_min_track_count,3,0,4
singer-sonwriter,singer-sonwriter,below_min_track_count,3,0,25
slovak indie,slovak indie,below_min_track_count,3,3,0
soft visual,soft visual,below_min_track_count,3,0,3
sonnentanz,sonnentanz,below_min_track_count,3,0,8
soundscape,soundscape,below_min_track_count,3,0,3
south african,south african,below_min_track_count,3,0,9
south african choral,south african choral,below_min_track_count,3,3,0
soviet,soviet,below_min_track_count,3,0,3
soviet rock,soviet rock,below_min_track_count,3,0,3
spanish tenor,spanish tenor,below_min_track_count,3,0,4
speed plug brasileiro,speed plug brasileiro,below_min_track_count,3,3,0
speed-kraut,speed-kraut,below_min_track_count,3,0,3
splitme,splitme,below_min_track_count,3,0,7
st petersburg,st petersburg,below_min_track_count,3,0,3
star trek soundtracks,star trek soundtracks,below_min_track_count,3,0,15
steve,steve,below_min_track_count,3,0,3
stockholm,stockholm,below_min_track_count,3,0,4
storytelling,storytelling,below_min_track_count,3,0,3
street punk,street punk,below_min_track_count,3,0,4
sud-africain,sud-africain,below_min_track_count,3,0,9
sudanese pop,sudanese pop,below_min_track_count,3,3,0
sun dont shine,sun dont shine,below_min_track_count,3,0,8
suno,suno,below_min_track_count,3,0,3
suno ai,suno ai,below_min_track_count,3,0,3
surf punk,surf punk,below_min_track_count,3,2,6
surfer music,surfer music,below_min_track_count,3,0,5
swedish garage rock,swedish garage rock,below_min_track_count,3,3,0
swedish hardcore,swedish hardcore,below_min_track_count,3,3,0
swedish post-hardcore,swedish post-hardcore,below_min_track_count,3,3,0
symphonic,symphonic,below_min_track_count,3,0,26
symphonic power metal,symphonic power metal,below_min_track_count,3,0,21
symphonic-metal,symphonic-metal,below_min_track_count,3,0,6
synth-punk,synth-punk,below_min_track_count,3,0,6
taiwan campus folk,taiwan campus folk,below_min_track_count,3,3,0
tango singer,tango singer,below_min_track_count,3,0,15
tanzanian pop,tanzanian pop,below_min_track_count,3,3,0
taraneem,taraneem,below_min_track_count,3,3,0
techno pop,techno pop,below_min_track_count,3,0,10
techstep,techstep,below_min_track_count,3,0,7
test,test,below_min_track_count,3,0,3
thai post-rock,thai post-rock,below_min_track_count,3,3,0
trad,trad,below_min_track_count,3,0,3
traditionnel,traditionnel,below_min_track_count,3,0,3
trap angolano,trap angolano,below_min_track_count,3,3,0
trap boliviano,trap boliviano,below_min_track_count,3,3,0
trinibad,trinibad,below_min_track_count,3,3,0
trojanowska,trojanowska,below_min_track_count,3,0,14
turkish pop music,turkish pop music,below_min_track_count,3,0,40
turkish pop singers,turkish pop singers,below_min_track_count,3,0,40
twee,twee,below_min_track_count,3,0,12
uk desi rap,uk desi rap,below_min_track_count,3,3,0
uk doom metal,uk doom metal,below_min_track_count,3,3,0
uk indie,uk indie,below_min_track_count,3,0,3
uk pop punk,uk pop punk,below_min_track_count,3,3,0
ukg,ukg,below_min_track_count,3,0,14
ukrainian folk,ukrainian folk,below_min_track_count,3,3,0
umea hardcore,umea hardcore,below_min_track_count,3,3,0
underground rap,underground rap,below_min_track_count,3,0,4
vegan straight edge,vegan straight edge,below_min_track_count,3,3,1
venezuela,venezuela,below_min_track_count,3,0,34
vintage french electronic,vintage french electronic,below_min_track_count,3,3,0
vintage swedish pop,vintage swedish pop,below_min_track_count,3,3,0
virgin islands reggae,virgin islands reggae,below_min_track_count,3,3,0
visor,visor,below_min_track_count,3,3,0
wales,wales,below_min_track_count,3,0,6
war,war,below_min_track_count,3,0,4
warrington indie,warrington indie,below_min_track_count,3,3,0
western european traditions,western european traditions,below_min_track_count,3,0,3
will heard,will heard,below_min_track_count,3,0,8
wip,wip,below_min_track_count,3,0,9
working class,working class,below_min_track_count,3,0,3
wu-tang clan,wu-tang clan,below_min_track_count,3,0,10
yoruba worship,yoruba worship,below_min_track_count,3,3,0
рок-н-ролл,рок-н-ролл,below_min_track_count,3,0,3
#ashula,#ashula,below_min_track_count,2,0,2
#ashulachi,#ashulachi,below_min_track_count,2,0,2
#ashulachiuz,#ashulachiuz,below_min_track_count,2,0,2
#ashulahits,#ashulahits,below_min_track_count,2,0,2
#ashulaijrochisi,#ashulaijrochisi,below_min_track_count,2,0,2
#ashulajarayoni,#ashulajarayoni,below_min_track_count,2,0,2
#ashulakaraoke,#ashulakaraoke,below_min_track_count,2,0,2
#ashulalar,#ashulalar,below_min_track_count,2,0,2
#ashulalarnisevaman,#ashulalarnisevaman,below_min_track_count,2,0,2
#ashulasevuvchilar,#ashulasevuvchilar,below_min_track_count,2,0,2
#ashulashow,#ashulashow,below_min_track_count,2,0,2
#ashulauz,#ashulauz,below_min_track_count,2,0,2
#ashulavamusiqa,#ashulavamusiqa,below_min_track_count,2,0,2
#cover,#cover,below_min_track_count,2,0,2
#hit,#hit,below_min_track_count,2,0,2
#hitqoʻshiqlar,#hitqoʻshiqlar,below_min_track_count,2,0,2
#jonliijro,#jonliijro,below_min_track_count,2,0,2
#karaoke,#karaoke,below_min_track_count,2,0,2
#karaokeartist,#karaokeartist,below_min_track_count,2,0,2
#karaokechallenge,#karaokechallenge,below_min_track_count,2,0,2
#karaokeclub,#karaokeclub,below_min_track_count,2,0,2
#karaokecover,#karaokecover,below_min_track_count,2,0,2
#karaokefans,#karaokefans,below_min_track_count,2,0,2
#karaokehits,#karaokehits,below_min_track_count,2,0,2
#karaokemusic,#karaokemusic,below_min_track_count,2,0,2
#karaokenova,#karaokenova,below_min_track_count,2,0,2
#karaokeonline,#karaokeonline,below_min_track_count,2,0,2
#karaokeparty,#karaokeparty,below_min_track_count,2,0,2
#karaokeperformance,#karaokeperformance,below_min_track_count,2,0,2
#karaokesahnasi,#karaokesahnasi,below_min_track_count,2,0,2
#karaokesession,#karaokesession,below_min_track_count,2,0,2
#karaokeshow,#karaokeshow,below_min_track_count,2,0,2
#karaokestudio,#karaokestudio,below_min_track_count,2,0,2
#karaokeuz,#karaokeuz,below_min_track_count,2,0,2
#karaokeuzbekistan,#karaokeuzbekistan,below_min_track_count,2,0,2
#karaokevideo,#karaokevideo,below_min_track_count,2,0,2
#karaokeworld,#karaokeworld,below_min_track_count,2,0,2
#livemusic,#livemusic,below_min_track_count,2,0,2
#musiclife,#musiclife,below_min_track_count,2,0,2
#musiclifeuz,#musiclifeuz,below_min_track_count,2,0,2
#musiclovers,#musiclovers,below_min_track_count,2,0,2
#musicloversuz,#musicloversuz,below_min_track_count,2,0,2
#musicstar,#musicstar,below_min_track_count,2,0,2
#musicstream,#musicstream,below_min_track_count,2,0,2
#musicuz,#musicuz,below_min_track_count,2,0,2
#musicworld,#musicworld,below_min_track_count,2,0,2
#musiczone,#musiczone,below_min_track_count,2,0,2
#musiqa,#musiqa,below_min_track_count,2,0,2
#musiqahayoti,#musiqahayoti,below_min_track_count,2,0,2
#musiqahits,#musiqahits,below_min_track_count,2,0,2
#musiqaijodi,#musiqaijodi,below_min_track_count,2,0,2
#musiqajoyi,#musiqajoyi,below_min_track_count,2,0,2
#musiqamanbai,#musiqamanbai,below_min_track_count,2,0,2
#musiqaolami,#musiqaolami,below_min_track_count,2,0,2
#musiqasevar,#musiqasevar,below_min_track_count,2,0,2
#musiqasevgi,#musiqasevgi,below_min_track_count,2,0,2
#musiqatingla,#musiqatingla,below_min_track_count,2,0,2
#musiqauz,#musiqauz,below_min_track_count,2,0,2
#musiqayulduzlari,#musiqayulduzlari,below_min_track_count,2,0,2
#ovoz,#ovoz,below_min_track_count,2,0,2
#ovozliijro,#ovozliijro,below_min_track_count,2,0,2
#purp505,#purp505,below_min_track_count,2,0,3
#qoʻshiq,#qoʻshiq,below_min_track_count,2,0,2
#qoʻshiqchi,#qoʻshiqchi,below_min_track_count,2,0,2
#qoʻshiqchilar,#qoʻshiqchilar,below_min_track_count,2,0,2
#qoʻshiqchiuz,#qoʻshiqchiuz,below_min_track_count,2,0,2
#qoʻshiqlardunyosi,#qoʻshiqlardunyosi,below_min_track_count,2,0,2
#qoʻshiqlarhit,#qoʻshiqlarhit,below_min_track_count,2,0,2
#qoʻshiqlaruz,#qoʻshiqlaruz,below_min_track_count,2,0,2
#qoʻshiqolami,#qoʻshiqolami,below_min_track_count,2,0,2
#qoʻshiqsevgi,#qoʻshiqsevgi,below_min_track_count,2,0,2
#qoʻshiqshow,#qoʻshiqshow,below_min_track_count,2,0,2
#qoʻshiqtingla,#qoʻshiqtingla,below_min_track_count,2,0,2
#sahnada,#sahnada,below_min_track_count,2,0,2
#song,#song,below_min_track_count,2,0,2
#songcover,#songcover,below_min_track_count,2,0,2
#songlovers,#songlovers,below_min_track_count,2,0,2
#sound,#sound,below_min_track_count,2,0,2
#studio,#studio,below_min_track_count,2,0,2
#superhit,#superhit,below_min_track_count,2,0,2
#superqoʻshiqlar,#superqoʻshiqlar,below_min_track_count,2,0,2
#tophits,#tophits,below_min_track_count,2,0,2
#topmusic,#topmusic,below_min_track_count,2,0,2
#track,#track,below_min_track_count,2,0,2
#trackuz,#trackuz,below_min_track_count,2,0,2
#uzbekhits,#uzbekhits,below_min_track_count,2,0,2
#uzbekistan,#uzbekistan,below_min_track_count,2,0,2
#uzbekmusic,#uzbekmusic,below_min_track_count,2,0,2
#uzbekpop,#uzbekpop,below_min_track_count,2,0,2
#uzbeksongs,#uzbeksongs,below_min_track_count,2,0,2
#uzbektrack,#uzbektrack,below_min_track_count,2,0,2
#uzhits,#uzhits,below_min_track_count,2,0,2
#uzmusic,#uzmusic,below_min_track_count,2,0,2
#videokaraoke,#videokaraoke,below_min_track_count,2,0,2
#yangiashula,#yangiashula,below_min_track_count,2,0,2
#yangihit,#yangihit,below_min_track_count,2,0,2
#yangihitlar,#yangihitlar,below_min_track_count,2,0,2
#yangimusiqa,#yangimusiqa,below_min_track_count,2,0,2
#yangiqoʻshiqlar,#yangiqoʻshiqlar,below_min_track_count,2,0,2
#yangiqoʻshiqlaruz,#yangiqoʻshiqlaruz,below_min_track_count,2,0,2
#yangitrack,#yangitrack,below_min_track_count,2,0,2
1 hit wonder,1 hit wonder,below_min_track_count,2,0,2
2-step,2-step,below_min_track_count,2,0,2
2000s cantopop group,2000s cantopop group,below_min_track_count,2,0,10
2face,2face,below_min_track_count,2,0,2
3minsrec,3minsrec,below_min_track_count,2,0,2
90s rock,90s rock,below_min_track_count,2,0,2
a rua e noiz,a rua e noiz,below_min_track_count,2,0,8
aak,aak,below_min_track_count,2,0,3
abyssal,abyssal,below_min_track_count,2,0,4
accouples,accouples,below_min_track_count,2,0,13
acoustic chicago blues,acoustic chicago blues,below_min_track_count,2,0,7
action,action,below_min_track_count,2,0,4
actor-singer,actor-singer,below_min_track_count,2,0,7
adventurous,adventurous,below_min_track_count,2,0,4
africa,africa,below_min_track_count,2,0,7
african american musicians,african american musicians,below_min_track_count,2,0,3
afro house angolano,afro house angolano,below_min_track_count,2,2,0
afro-jazz,afro-jazz,below_min_track_count,2,0,4
afrobeat brasileiro,afrobeat brasileiro,below_min_track_count,2,2,0
ai slop,ai slop,below_min_track_count,2,0,2
ai-generated,ai-generated,below_min_track_count,2,0,2
airplay mix,airplay mix,below_min_track_count,2,0,8
aissaoui,aissaoui,below_min_track_count,2,0,2
al jeel,al jeel,below_min_track_count,2,0,3
alabama indie,alabama indie,below_min_track_count,2,2,0
alaska indie,alaska indie,below_min_track_count,2,2,0
albanian alternative,albanian alternative,below_min_track_count,2,2,0
alpine yodeling,alpine yodeling,below_min_track_count,2,2,0
alternative rock music,alternative rock music,below_min_track_count,2,0,4
alternative singer-songwriter,alternative singer-songwriter,below_min_track_count,2,0,6
amadea,amadea,below_min_track_count,2,0,4
ambient breakbeat,ambient breakbeat,below_min_track_count,2,0,2
ambient worship,ambient worship,below_min_track_count,2,2,0
american metal,american metal,below_min_track_count,2,0,2
american underground,american underground,below_min_track_count,2,0,3
anarchist,anarchist,below_min_track_count,2,0,2
anarcho,anarcho,below_min_track_count,2,0,4
andres ciro,andres ciro,below_min_track_count,2,0,14
andres ciro martinez,andres ciro martinez,below_min_track_count,2,0,14
angola,angola,below_min_track_count,2,0,2
anime cv,anime cv,below_min_track_count,2,2,0
anime phonk,anime phonk,below_min_track_count,2,2,0
annapolis,annapolis,below_min_track_count,2,0,2
anthem,anthem,below_min_track_count,2,2,0
anthem trance,anthem trance,below_min_track_count,2,0,2
apartment,apartment,below_min_track_count,2,0,3
aphex twin,aphex twin,below_min_track_count,2,0,3
arab folk,arab folk,below_min_track_count,2,2,0
arab trap,arab trap,below_min_track_count,2,2,0
arabic music,arabic music,below_min_track_count,2,0,3
argentine heavy metal,argentine heavy metal,below_min_track_count,2,2,0
argentine punk,argentine punk,below_min_track_count,2,2,0
arkansas hip hop,arkansas hip hop,below_min_track_count,2,2,0
ascap-affiliated,ascap-affiliated,below_min_track_count,2,0,2
ashkenazy,ashkenazy,below_min_track_count,2,0,2
assyrian pop,assyrian pop,below_min_track_count,2,2,0
at home,at home,below_min_track_count,2,0,7
atlanta hip hop,atlanta hip hop,below_min_track_count,2,0,10
atlanta indie,atlanta indie,below_min_track_count,2,2,0
atlantic canada hip hop,atlantic canada hip hop,below_min_track_count,2,2,0
atmospheric drum and bass,atmospheric drum and bass,below_min_track_count,2,0,4
atmospheric sludge metal,atmospheric sludge metal,below_min_track_count,2,0,2
atomic,atomic,below_min_track_count,2,0,3
australian americana,australian americana,below_min_track_count,2,2,0
australian childrens music,australian childrens music,below_min_track_count,2,2,0
australian indigenous,australian indigenous,below_min_track_count,2,0,3
australian metalcore,australian metalcore,below_min_track_count,2,2,0
avant-progressive rock,avant-progressive rock,below_min_track_count,2,0,2
avantgarde,avantgarde,below_min_track_count,2,0,12
azzzzzzul,azzzzzzul,below_min_track_count,2,0,2
b-52 s,b-52 s,below_min_track_count,2,0,3
baby boomer,baby boomer,below_min_track_count,2,0,5
babymetal,babymetal,below_min_track_count,2,0,5
bahasa melayu,bahasa melayu,below_min_track_count,2,0,26
baiao,baiao,below_min_track_count,2,0,11
balkan groove,balkan groove,below_min_track_count,2,0,2
baltic choir,baltic choir,below_min_track_count,2,2,0
baltimore hip hop,baltimore hip hop,below_min_track_count,2,2,0
baltimore indie,baltimore indie,below_min_track_count,2,2,0
bangla,bangla,below_min_track_count,2,0,4
bangladeshi,bangladeshi,below_min_track_count,2,0,4
barnalog,barnalog,below_min_track_count,2,2,0
bass,bass,below_min_track_count,2,0,9
bass-baritone,bass-baritone,below_min_track_count,2,0,2
bassist,bassist,below_min_track_count,2,0,2
bay area thrash metal,bay area thrash metal,below_min_track_count,2,0,13
bbc introducing,bbc introducing,below_min_track_count,2,0,2
bboy,bboy,below_min_track_count,2,2,0
beach house,beach house,below_min_track_count,2,2,0
beatdown hardcore,beatdown hardcore,below_min_track_count,2,0,2
beatport awards,beatport awards,below_min_track_count,2,0,4
belcanto,belcanto,below_min_track_count,2,0,2
belgian techno,belgian techno,below_min_track_count,2,0,6
belorussian,belorussian,below_min_track_count,2,0,3
bent,bent,below_min_track_count,2,0,3
berlioz,berlioz,below_min_track_count,2,0,2
best female artist,best female artist,below_min_track_count,2,0,2
bhojpuri folk,bhojpuri folk,below_min_track_count,2,2,0
big country,big country,below_min_track_count,2,0,7
bill leeb,bill leeb,below_min_track_count,2,0,4
black,black,below_min_track_count,2,0,2
black thrash,black thrash,below_min_track_count,2,0,2
bleep techno,bleep techno,below_min_track_count,2,0,3
blood,blood,below_min_track_count,2,0,2
bluegrass gospel,bluegrass gospel,below_min_track_count,2,2,0
blues & roots,blues & roots,below_min_track_count,2,0,3
bmk,bmk,below_min_track_count,2,0,5
bms,bms,below_min_track_count,2,0,28
bobo sinclair,bobo sinclair,below_min_track_count,2,0,9
bolero mexicano,bolero mexicano,below_min_track_count,2,1,1
bomba,bomba,below_min_track_count,2,2,0
bonito que canta,bonito que canta,below_min_track_count,2,0,2
bookmark,bookmark,below_min_track_count,2,0,2
bosnian,bosnian,below_min_track_count,2,0,4
botswana pop,botswana pop,below_min_track_count,2,2,0
bouncy house,bouncy house,below_min_track_count,2,2,0
bow,bow,below_min_track_count,2,0,8
brazilian boogie,brazilian boogie,below_min_track_count,2,2,0
breakbeat hardcore,breakbeat hardcore,below_min_track_count,2,0,16
brendon urie,brendon urie,below_min_track_count,2,0,28
brent wilson,brent wilson,below_min_track_count,2,0,28
british black metal,british black metal,below_min_track_count,2,0,2
british guitarist,british guitarist,below_min_track_count,2,0,11
british soundtrack,british soundtrack,below_min_track_count,2,2,0
brussels,brussels,below_min_track_count,2,0,13
brutal death metal,brutal death metal,below_min_track_count,2,0,11
brutal prog,brutal prog,below_min_track_count,2,0,14
buddha bar xi,buddha bar xi,below_min_track_count,2,0,3
bunny mack,bunny mack,below_min_track_count,2,0,2
butda wr wut🌟,butda wr wut🌟,below_min_track_count,2,0,6
cabo zouk,cabo zouk,below_min_track_count,2,0,2
cajun,cajun,below_min_track_count,2,2,5
calliop,calliop,below_min_track_count,2,0,2
calming instrumental,calming instrumental,below_min_track_count,2,2,0
cambodian,cambodian,below_min_track_count,2,0,2
canadian americana,canadian americana,below_min_track_count,2,2,0
canadian childrens music,canadian childrens music,below_min_track_count,2,2,0
cannot delete wikipedia,cannot delete wikipedia,below_min_track_count,2,0,5
canterbury scene,canterbury scene,below_min_track_count,2,1,1
canto r & b,canto r & b,below_min_track_count,2,2,9
cantopop duo,cantopop duo,below_min_track_count,2,0,10
cantopop girl group member,cantopop girl group member,below_min_track_count,2,0,6
cape breton folk,cape breton folk,below_min_track_count,2,2,0
carnaval limburg,carnaval limburg,below_min_track_count,2,2,0
caroline,caroline,below_min_track_count,2,0,13
cd-rom,cd-rom,below_min_track_count,2,0,4
cdmx indie,cdmx indie,below_min_track_count,2,2,0
cello rock,cello rock,below_min_track_count,2,0,4
central european traditions,central european traditions,below_min_track_count,2,0,2
centurion,centurion,below_min_track_count,2,0,4
chaabi,chaabi,below_min_track_count,2,0,2
chaabi marocain,chaabi marocain,below_min_track_count,2,2,0
chacarera,chacarera,below_min_track_count,2,0,9
chachacha,chachacha,below_min_track_count,2,0,9
chart,chart,below_min_track_count,2,0,2
chasidic pop,chasidic pop,below_min_track_count,2,2,0
chatelet 87 volume 2,chatelet 87 volume 2,below_min_track_count,2,0,4
check it,check it,below_min_track_count,2,0,6
cherry red,cherry red,below_min_track_count,2,0,2
childrens story,childrens story,below_min_track_count,2,2,0
chill beats,chill beats,below_min_track_count,2,2,0
chill breakcore,chill breakcore,below_min_track_count,2,2,0
chinese pianist,chinese pianist,below_min_track_count,2,0,2
chinese reggae,chinese reggae,below_min_track_count,2,2,0
chinese soundtrack,chinese soundtrack,below_min_track_count,2,2,0
chinese traditional,chinese traditional,below_min_track_count,2,2,0
chode,chode,below_min_track_count,2,0,2
chopper,chopper,below_min_track_count,2,0,2
chris de burgh,chris de burgh,below_min_track_count,2,0,4
christchurch indie,christchurch indie,below_min_track_count,2,2,0
christian trap,christian trap,below_min_track_count,2,2,0
christmas product,christmas product,below_min_track_count,2,2,0
church of scientology,church of scientology,below_min_track_count,2,0,14
ciro,ciro,below_min_track_count,2,0,14
ciro martinez,ciro martinez,below_min_track_count,2,0,14
ciro y los persas,ciro y los persas,below_min_track_count,2,0,14
classic hungarian rock,classic hungarian rock,below_min_track_count,2,2,0
classic kollywood,classic kollywood,below_min_track_count,2,2,0
classic rock heartland rock rock and roll,classic rock heartland rock rock and roll,below_min_track_count,2,0,3
classic uk pop,classic uk pop,below_min_track_count,2,2,0
classical music,classical music,below_min_track_count,2,0,3
clean me up,clean me up,below_min_track_count,2,0,3
close harmony,close harmony,below_min_track_count,2,0,28
clueso lala,clueso lala,below_min_track_count,2,0,9
co-ed group,co-ed group,below_min_track_count,2,0,13
collage,collage,below_min_track_count,2,0,2
college a cappella,college a cappella,below_min_track_count,2,2,0
come on back,come on back,below_min_track_count,2,0,4
company as artist,company as artist,below_min_track_count,2,0,3
comptine,comptine,below_min_track_count,2,2,0
computer,computer,below_min_track_count,2,0,4
concerto for orchestra,concerto for orchestra,below_min_track_count,2,0,2
concerto pour orchestre,concerto pour orchestre,below_min_track_count,2,0,2
concurso de talentos argentino,concurso de talentos argentino,below_min_track_count,2,2,0
contemporary rap,contemporary rap,below_min_track_count,2,0,3
countertenor,countertenor,below_min_track_count,2,0,2
creative commons,creative commons,below_min_track_count,2,0,3
crmg records,crmg records,below_min_track_count,2,0,2
crmusicgroup,crmusicgroup,below_min_track_count,2,0,2
croatian pop,croatian pop,below_min_track_count,2,2,0
cuban alternative,cuban alternative,below_min_track_count,2,2,0
cult leader,cult leader,below_min_track_count,2,0,14
cumbia colombiana,cumbia colombiana,below_min_track_count,2,0,37
czsk hyperpop,czsk hyperpop,below_min_track_count,2,2,0
d,d,below_min_track_count,2,0,9
dan stephens,dan stephens,below_min_track_count,2,0,4
dance and electronic,dance and electronic,below_min_track_count,2,0,8
danish jazz,danish jazz,below_min_track_count,2,2,0
darkstep,darkstep,below_min_track_count,2,0,2
data disc,data disc,below_min_track_count,2,0,4
death by a fall,death by a fall,below_min_track_count,2,0,3
death by huntingtons disease,death by huntingtons disease,below_min_track_count,2,0,11
death by laryngeal cancer,death by laryngeal cancer,below_min_track_count,2,0,4
deathgrind,deathgrind,below_min_track_count,2,0,3
deceased,deceased,below_min_track_count,2,0,2
deep folk metal,deep folk metal,below_min_track_count,2,2,0
deephouse,deephouse,below_min_track_count,2,0,2
delfonics,delfonics,below_min_track_count,2,0,2
depressive black metal,depressive black metal,below_min_track_count,2,0,5
detskie pesni,detskie pesni,below_min_track_count,2,2,0
die walkure,die walkure,below_min_track_count,2,0,7
dikir barat,dikir barat,below_min_track_count,2,2,0
dj orcun,dj orcun,below_min_track_count,2,0,2
doctor who,doctor who,below_min_track_count,2,0,8
dom2,dom2,below_min_track_count,2,0,3
down the alley,down the alley,below_min_track_count,2,0,7
drain,drain,below_min_track_count,2,1,1
dramatic,dramatic,below_min_track_count,2,0,4
dreamy,dreamy,below_min_track_count,2,0,4
drikkelek,drikkelek,below_min_track_count,2,2,0
duke box,duke box,below_min_track_count,2,0,17
dutch nl,dutch nl,below_min_track_count,2,0,3
dutch rap,dutch rap,below_min_track_count,2,0,7
dutch tech house,dutch tech house,below_min_track_count,2,2,0
e3,e3,below_min_track_count,2,0,8
early avant garde,early avant garde,below_min_track_count,2,2,0
early us punk,early us punk,below_min_track_count,2,1,2
east asian,east asian,below_min_track_count,2,0,14
ecuadorian alternative rock,ecuadorian alternative rock,below_min_track_count,2,2,0
ecuadorian indie,ecuadorian indie,below_min_track_count,2,2,0
electro dub,electro dub,below_min_track_count,2,0,2
electro jazz,electro jazz,below_min_track_count,2,2,0
electro pop,electro pop,below_min_track_count,2,0,2
electrofashion,electrofashion,below_min_track_count,2,0,8
electrofox,electrofox,below_min_track_count,2,2,0
elektropunk,elektropunk,below_min_track_count,2,2,0
eletro,eletro,below_min_track_count,2,0,3
emo punk,emo punk,below_min_track_count,2,2,0
emo trap en espanol,emo trap en espanol,below_min_track_count,2,2,0
enchanting,enchanting,below_min_track_count,2,0,4
epic metal,epic metal,below_min_track_count,2,0,19
epicore,epicore,below_min_track_count,2,2,0
epunk,epunk,below_min_track_count,2,0,3
erfurt,erfurt,below_min_track_count,2,0,9
eritrean pop,eritrean pop,below_min_track_count,2,2,0
eskibeat,eskibeat,below_min_track_count,2,0,5
estrada,estrada,below_min_track_count,2,0,12
euro0metal,euro0metal,below_min_track_count,2,0,2
eurovision song contest 2002,eurovision song contest 2002,below_min_track_count,2,0,2
eurovision song contest 2007,eurovision song contest 2007,below_min_track_count,2,0,2
existential,existential,below_min_track_count,2,0,3
extreme progressive metal,extreme progressive metal,below_min_track_count,2,0,2
fairy tale,fairy tale,below_min_track_count,2,0,2
faroese,faroese,below_min_track_count,2,0,43
fashion designers,fashion designers,below_min_track_count,2,0,3
faust,faust,below_min_track_count,2,0,4
favorite argentinian,favorite argentinian,below_min_track_count,2,0,2
feminism,feminism,below_min_track_count,2,0,7
fighting,fighting,below_min_track_count,2,0,2
figoshin,figoshin,below_min_track_count,2,0,14
fingerstyle,fingerstyle,below_min_track_count,2,2,0
finnish post-punk,finnish post-punk,below_min_track_count,2,2,0
finnish tango,finnish tango,below_min_track_count,2,1,1
fiorella mannoia,fiorella mannoia,below_min_track_count,2,0,4
first-wave black metal,first-wave black metal,below_min_track_count,2,0,2
flamenco fusion,flamenco fusion,below_min_track_count,2,2,0
florida,florida,below_min_track_count,2,0,2
folclore salteno,folclore salteno,below_min_track_count,2,2,0
folclore santiagueno,folclore santiagueno,below_min_track_count,2,2,0
folk-jazz,folk-jazz,below_min_track_count,2,0,2
folklore peruano,folklore peruano,below_min_track_count,2,2,0
frasigan beats,frasigan beats,below_min_track_count,2,0,18
frasigan music,frasigan music,below_min_track_count,2,0,18
free culture,free culture,below_min_track_count,2,0,3
free folk,free folk,below_min_track_count,2,0,3
freedom,freedom,below_min_track_count,2,0,2
french conductor,french conductor,below_min_track_count,2,0,3
french folk music,french folk music,below_min_track_count,2,0,2
french movie tunes,french movie tunes,below_min_track_count,2,2,0
french music,french music,below_min_track_count,2,0,34
french orchestra,french orchestra,below_min_track_count,2,0,2
french tech house,french tech house,below_min_track_count,2,2,0
french techno,french techno,below_min_track_count,2,2,0
funk mexicano,funk mexicano,below_min_track_count,2,2,0
funky breaks,funky breaks,below_min_track_count,2,2,0
future bounce,future bounce,below_min_track_count,2,0,6
gacha,gacha,below_min_track_count,2,0,2
gacha game,gacha game,below_min_track_count,2,0,2
gainesville indie,gainesville indie,below_min_track_count,2,2,0
gaita,gaita,below_min_track_count,2,0,32
gambian hip hop,gambian hip hop,below_min_track_count,2,2,0
games,games,below_min_track_count,2,0,4
georgian pianist,georgian pianist,below_min_track_count,2,0,2
german jazz,german jazz,below_min_track_count,2,2,0
german show tunes,german show tunes,below_min_track_count,2,2,0
german trance,german trance,below_min_track_count,2,2,0
gospel amapiano,gospel amapiano,below_min_track_count,2,2,0
gospel drill,gospel drill,below_min_track_count,2,2,0
gospel house,gospel house,below_min_track_count,2,0,2
gospel music,gospel music,below_min_track_count,2,0,3
gothic country,gothic country,below_min_track_count,2,0,2
groove-metal,groove-metal,below_min_track_count,2,0,20
group turned solo project,group turned solo project,below_min_track_count,2,0,29
gwen stefani,gwen stefani,below_min_track_count,2,0,3
gypsy,gypsy,below_min_track_count,2,0,2
habib,habib,below_min_track_count,2,0,2
habib mohebian,habib mohebian,below_min_track_count,2,0,2
halifax indie,halifax indie,below_min_track_count,2,2,0
handsup,handsup,below_min_track_count,2,0,21
hard motivation,hard motivation,below_min_track_count,2,2,0
hardcore breaks,hardcore breaks,below_min_track_count,2,0,23
hardvapour,hardvapour,below_min_track_count,2,0,3
harlem hip hop,harlem hip hop,below_min_track_count,2,2,0
harmonicist,harmonicist,below_min_track_count,2,0,3
harmoniciste,harmoniciste,below_min_track_count,2,0,3
harpist,harpist,below_min_track_count,2,0,2
harsh vocals,harsh vocals,below_min_track_count,2,0,30
hassan,hassan,below_min_track_count,2,0,4
hatsune miku,hatsune miku,below_min_track_count,2,0,4
he aint heavy,he aint heavy,below_min_track_count,2,0,2
headphones,headphones,below_min_track_count,2,0,16
healing,healing,below_min_track_count,2,2,0
hell,hell,below_min_track_count,2,0,2
heroic,heroic,below_min_track_count,2,0,4
hick hop,hick hop,below_min_track_count,2,0,3
hill country blues,hill country blues,below_min_track_count,2,0,4
hip hop cubano,hip hop cubano,below_min_track_count,2,2,0
holiday,holiday,below_min_track_count,2,0,2
hong kong rock band,hong kong rock band,below_min_track_count,2,0,5
horror synth,horror synth,below_min_track_count,2,2,0
hoyoverse,hoyoverse,below_min_track_count,2,0,2
https:,https:,below_min_track_count,2,0,2
hungarian composer,hungarian composer,below_min_track_count,2,0,2
huntington beach,huntington beach,below_min_track_count,2,0,2
hybrid,hybrid,below_min_track_count,2,0,4
icelandic metal,icelandic metal,below_min_track_count,2,2,0
idol metal,idol metal,below_min_track_count,2,0,5
idol pop,idol pop,below_min_track_count,2,0,23
imprint not nayutawave,imprint not nayutawave,below_min_track_count,2,0,14
incelcore,incelcore,below_min_track_count,2,0,3
independent,independent,below_min_track_count,2,0,4
india,india,below_min_track_count,2,0,9
indian conductor,indian conductor,below_min_track_count,2,0,2
indiana hip hop,indiana hip hop,below_min_track_count,2,2,0
indie psych-pop,indie psych-pop,below_min_track_count,2,2,0
indie tico,indie tico,below_min_track_count,2,2,0
indonesian indie pop,indonesian indie pop,below_min_track_count,2,2,0
indonesian viral pop,indonesian viral pop,below_min_track_count,2,2,0
inspirational,inspirational,below_min_track_count,2,0,2
instrument as artist,instrument as artist,below_min_track_count,2,0,4
instrumental composition,instrumental composition,below_min_track_count,2,0,2
instrumental lullaby,instrumental lullaby,below_min_track_count,2,2,0
intense,intense,below_min_track_count,2,0,4
international music,international music,below_min_track_count,2,0,7
iran msuic,iran msuic,below_min_track_count,2,0,2
iranian conductor,iranian conductor,below_min_track_count,2,0,4
iranian rock music,iranian rock music,below_min_track_count,2,0,2
irish indie,irish indie,below_min_track_count,2,2,0
irish pub song,irish pub song,below_min_track_count,2,2,0
islamic recitation,islamic recitation,below_min_track_count,2,2,0
islandais,islandais,below_min_track_count,2,0,17
islande,islande,below_min_track_count,2,0,17
israel,israel,below_min_track_count,2,0,11
italian baroque,italian baroque,below_min_track_count,2,2,0
italian folk,italian folk,below_min_track_count,2,0,40
italian jazz,italian jazz,below_min_track_count,2,2,0
italian music,italian music,below_min_track_count,2,0,8
italian post-hardcore,italian post-hardcore,below_min_track_count,2,2,0
italian rock,italian rock,below_min_track_count,2,0,35
italian soprano,italian soprano,below_min_track_count,2,0,2
italian trance,italian trance,below_min_track_count,2,2,0
j hus,j hus,below_min_track_count,2,0,2
j-core,j-core,below_min_track_count,2,0,4
j-reggae,j-reggae,below_min_track_count,2,2,0
japanese folk,japanese folk,below_min_track_count,2,2,0
japanese metalcore,japanese metalcore,below_min_track_count,2,2,0
japanese post-hardcore,japanese post-hardcore,below_min_track_count,2,2,0
japanese shoegaze,japanese shoegaze,below_min_track_count,2,2,0
japanese underground rap,japanese underground rap,below_min_track_count,2,2,0
japanese vtuber,japanese vtuber,below_min_track_count,2,2,0
jazz ballads,jazz ballads,below_min_track_count,2,0,3
jazz guitar,jazz guitar,below_min_track_count,2,2,2
jazzy reggae,jazzy reggae,below_min_track_count,2,0,16
jmetal,jmetal,below_min_track_count,2,0,5
joe ray,joe ray,below_min_track_count,2,0,4
jon walker,jon walker,below_min_track_count,2,0,28
joseon pop,joseon pop,below_min_track_count,2,2,0
jrock,jrock,below_min_track_count,2,0,7
judaica,judaica,below_min_track_count,2,2,0
jump-blues,jump-blues,below_min_track_count,2,0,2
jumpstyle,jumpstyle,below_min_track_count,2,1,21
jutes,jutes,below_min_track_count,2,0,2
kaseko,kaseko,below_min_track_count,2,0,2
katie perry,katie perry,below_min_track_count,2,0,10
kenyan hip hop,kenyan hip hop,below_min_track_count,2,2,0
kenyan pop,kenyan pop,below_min_track_count,2,2,0
keroncong,keroncong,below_min_track_count,2,2,4
kinderliedjies,kinderliedjies,below_min_track_count,2,2,0
kingscross,kingscross,below_min_track_count,2,0,2
kleine hoerspiel,kleine hoerspiel,below_min_track_count,2,2,0
kojo funds,kojo funds,below_min_track_count,2,0,2
kontrabass,kontrabass,below_min_track_count,2,0,2
kora,kora,below_min_track_count,2,2,0
korean electronic,korean electronic,below_min_track_count,2,2,0
korean indie folk,korean indie folk,below_min_track_count,2,2,0
korean instrumental,korean instrumental,below_min_track_count,2,2,0
kosmische,kosmische,below_min_track_count,2,0,2
kowshik saha,kowshik saha,below_min_track_count,2,0,2
kowshik saha music,kowshik saha music,below_min_track_count,2,0,2
kowshik saha singer,kowshik saha singer,below_min_track_count,2,0,2
kyushu indie,kyushu indie,below_min_track_count,2,2,0
l indien,l indien,below_min_track_count,2,0,4
la la records,la la records,below_min_track_count,2,0,2
label-as-artist,label-as-artist,below_min_track_count,2,0,2
laboratorio fantasma,laboratorio fantasma,below_min_track_count,2,0,8
ladino,ladino,below_min_track_count,2,0,2
lambadao,lambadao,below_min_track_count,2,2,0
lane,lane,below_min_track_count,2,0,2
lao pop,lao pop,below_min_track_count,2,2,0
latin alternative rock,latin alternative rock,below_min_track_count,2,0,6
latin rap,latin rap,below_min_track_count,2,0,4
latvia,latvia,below_min_track_count,2,0,6
latvian rap,latvian rap,below_min_track_count,2,0,4
left-field rap,left-field rap,below_min_track_count,2,0,2
leicester indie,leicester indie,below_min_track_count,2,2,0
leiko,leiko,below_min_track_count,2,0,4
leon larregui,leon larregui,below_min_track_count,2,0,40
lgbtq,lgbtq,below_min_track_count,2,0,2
libre,libre,below_min_track_count,2,0,3
libyan pop,libyan pop,below_min_track_count,2,2,0
lithuanian dream pop,lithuanian dream pop,below_min_track_count,2,0,6
lithuanian electronica,lithuanian electronica,below_min_track_count,2,0,15
lithuanian pop rap,lithuanian pop rap,below_min_track_count,2,0,8
lithuanian pop rock,lithuanian pop rock,below_min_track_count,2,0,13
livetronica,livetronica,below_min_track_count,2,2,0
lo-fi vgm,lo-fi vgm,below_min_track_count,2,2,0
los piojos,los piojos,below_min_track_count,2,0,14
lute,lute,below_min_track_count,2,0,7
lutist,lutist,below_min_track_count,2,0,4
macau,macau,below_min_track_count,2,0,16
macorina,macorina,below_min_track_count,2,0,25
madre,madre,below_min_track_count,2,0,7
mafioso rap,mafioso rap,below_min_track_count,2,0,4
magical,magical,below_min_track_count,2,0,4
mahiru,mahiru,below_min_track_count,2,0,2
mahiru records,mahiru records,below_min_track_count,2,0,2
mahiru senarathne,mahiru senarathne,below_min_track_count,2,0,2
mahiru senaratne,mahiru senaratne,below_min_track_count,2,0,2
maithili,maithili,below_min_track_count,2,2,0
major harris,major harris,below_min_track_count,2,0,2
makossa,makossa,below_min_track_count,2,1,12
mallsoft,mallsoft,below_min_track_count,2,0,3
maltese hip hop,maltese hip hop,below_min_track_count,2,2,0
manila sound,manila sound,below_min_track_count,2,1,6
mantra rock,mantra rock,below_min_track_count,2,0,2
maracaibo,maracaibo,below_min_track_count,2,0,24
marka,marka,below_min_track_count,2,0,13
maryland,maryland,below_min_track_count,2,0,2
massive,massive,below_min_track_count,2,0,4
max oazo,max oazo,below_min_track_count,2,0,2
maxi jazz,maxi jazz,below_min_track_count,2,0,5
megha warshawe,megha warshawe,below_min_track_count,2,0,2
melbourne indie,melbourne indie,below_min_track_count,2,2,0
melodic thrash,melodic thrash,below_min_track_count,2,2,11
men chika,men chika,below_min_track_count,2,2,0
merseyside,merseyside,below_min_track_count,2,0,2
microtonal music,microtonal music,below_min_track_count,2,0,2
middle earth,middle earth,below_min_track_count,2,1,3
mihoyo,mihoyo,below_min_track_count,2,0,2
mix,mix,below_min_track_count,2,0,4
mocro,mocro,below_min_track_count,2,0,4
modern metal,modern metal,below_min_track_count,2,0,4
modern power pop,modern power pop,below_min_track_count,2,2,0
modeschopfer,modeschopfer,below_min_track_count,2,0,3
moein singer,moein singer,below_min_track_count,2,0,2
moje,moje,below_min_track_count,2,0,2
moko amargo,moko amargo,below_min_track_count,2,0,49
mondains,mondains,below_min_track_count,2,0,13
mong,mong,below_min_track_count,2,0,3
montenegrin pop,montenegrin pop,below_min_track_count,2,2,0
montenegro,montenegro,below_min_track_count,2,0,2
montreaux,montreaux,below_min_track_count,2,0,9
mor lam,mor lam,below_min_track_count,2,0,4
motivation,motivation,below_min_track_count,2,2,0
mta records,mta records,below_min_track_count,2,0,4
mugham,mugham,below_min_track_count,2,0,2
munich indie,munich indie,below_min_track_count,2,2,0
musette,musette,below_min_track_count,2,0,2
music library,music library,below_min_track_count,2,0,2
music of sweden,music of sweden,below_min_track_count,2,0,3
musica ecuatoriana contemporanea,musica ecuatoriana contemporanea,below_min_track_count,2,0,2
musica nortena chilena,musica nortena chilena,below_min_track_count,2,2,0
musica tradicional dominicana,musica tradicional dominicana,below_min_track_count,2,2,0
musiqi-ye zanan,musiqi-ye zanan,below_min_track_count,2,2,0
musique guadeloupe,musique guadeloupe,below_min_track_count,2,2,0
musique pour enfant quebecois,musique pour enfant quebecois,below_min_track_count,2,2,0
muzica etno,muzica etno,below_min_track_count,2,2,0
n3,n3,below_min_track_count,2,0,3
nashville americana,nashville americana,below_min_track_count,2,2,0
neapolitan,neapolitan,below_min_track_count,2,0,56
nederbeat,nederbeat,below_min_track_count,2,0,20
needs dupe credits cleaned on backend,needs dupe credits cleaned on backend,below_min_track_count,2,0,14
needs-fixes,needs-fixes,below_min_track_count,2,0,2
neo classical metal,neo classical metal,below_min_track_count,2,2,0
neo r & b,neo r & b,below_min_track_count,2,2,0
neo-prog,neo-prog,below_min_track_count,2,0,5
neue volksmusik,neue volksmusik,below_min_track_count,2,2,0
new jersey punk rock,new jersey punk rock,below_min_track_count,2,0,2
new jersey rock,new jersey rock,below_min_track_count,2,0,2
new orleans r b,new orleans r b,below_min_track_count,2,0,2
new orleans rhythm and blues,new orleans rhythm and blues,below_min_track_count,2,0,2
new-age,new-age,below_min_track_count,2,0,2
newport,newport,below_min_track_count,2,0,17
nigerian,nigerian,below_min_track_count,2,0,48
no me halbes,no me halbes,below_min_track_count,2,0,3
nordic folk metal,nordic folk metal,below_min_track_count,2,2,0
nordic soundtrack,nordic soundtrack,below_min_track_count,2,2,0
norsk lovsang,norsk lovsang,below_min_track_count,2,2,0
norwegian alternative rock,norwegian alternative rock,below_min_track_count,2,2,0
norwegian americana,norwegian americana,below_min_track_count,2,2,0
norwegian cellist,norwegian cellist,below_min_track_count,2,0,2
norwegian jazz,norwegian jazz,below_min_track_count,2,2,0
not easy listening,not easy listening,below_min_track_count,2,0,10
not god-damn easy listening,not god-damn easy listening,below_min_track_count,2,0,10
notorious b.i.g,notorious b.i.g,below_min_track_count,2,0,2
notorious big,notorious big,below_min_track_count,2,0,2
nouvelle star,nouvelle star,below_min_track_count,2,0,14
nova musica carioca,nova musica carioca,below_min_track_count,2,2,0
nu metalcore,nu metalcore,below_min_track_count,2,0,2
nu style gabber,nu style gabber,below_min_track_count,2,0,22
nu-jazz,nu-jazz,below_min_track_count,2,0,4
nu-metalcore,nu-metalcore,below_min_track_count,2,2,0
nubian,nubian,below_min_track_count,2,0,2
nueva cancion chilena,nueva cancion chilena,below_min_track_count,2,0,8
nursery,nursery,below_min_track_count,2,2,0
nyhc,nyhc,below_min_track_count,2,0,3
oklahoma country,oklahoma country,below_min_track_count,2,2,0
ostrock,ostrock,below_min_track_count,2,1,1
oth indie,oth indie,below_min_track_count,2,2,0
outsider house,outsider house,below_min_track_count,2,0,2
paata dedunne,paata dedunne,below_min_track_count,2,0,2
palingsound,palingsound,below_min_track_count,2,0,13
panamanian indie,panamanian indie,below_min_track_count,2,2,0
panic at the disco,panic at the disco,below_min_track_count,2,0,3
paraguayan indie,paraguayan indie,below_min_track_count,2,2,0
paris,paris,below_min_track_count,2,0,2
pastoral,pastoral,below_min_track_count,2,2,1
pentecostal music,pentecostal music,below_min_track_count,2,0,2
percussive,percussive,below_min_track_count,2,0,8
persian blues,persian blues,below_min_track_count,2,0,2
persian dance,persian dance,below_min_track_count,2,0,2
persian pop music,persian pop music,below_min_track_count,2,0,3
pianists,pianists,below_min_track_count,2,0,5
piano cover,piano cover,below_min_track_count,2,2,0
picture,picture,below_min_track_count,2,0,2
pinoy indie rock,pinoy indie rock,below_min_track_count,2,2,0
polish synthpop,polish synthpop,below_min_track_count,2,2,0
political music,political music,below_min_track_count,2,0,11
polynesian,polynesian,below_min_track_count,2,0,2
polyrhythm,polyrhythm,below_min_track_count,2,0,2
pop ambient,pop ambient,below_min_track_count,2,2,0
pop rock indie,pop rock indie,below_min_track_count,2,0,2
pop singer-songwriter,pop singer-songwriter,below_min_track_count,2,0,2
popmusik,popmusik,below_min_track_count,2,0,2
post-modern classicism,post-modern classicism,below_min_track_count,2,0,2
power electronics,power electronics,below_min_track_count,2,0,2
pra voce guardei amor,pra voce guardei amor,below_min_track_count,2,0,4
pretentious,pretentious,below_min_track_count,2,0,16
prog quebec,prog quebec,below_min_track_count,2,2,0
progressive groove metal,progressive groove metal,below_min_track_count,2,0,2
progressive techno,progressive techno,below_min_track_count,2,0,3
progressive trance house,progressive trance house,below_min_track_count,2,2,0
proto-metal,proto-metal,below_min_track_count,2,2,0
puerto rican folk,puerto rican folk,below_min_track_count,2,2,0
puerto rico reggae roots,puerto rico reggae roots,below_min_track_count,2,0,16
puirt-a-beul,puirt-a-beul,below_min_track_count,2,2,0
punk rock musicians,punk rock musicians,below_min_track_count,2,0,2
purple sound,purple sound,below_min_track_count,2,1,1
qanun,qanun,below_min_track_count,2,2,0
qi-patronymic,qi-patronymic,below_min_track_count,2,0,26
quebec punk,quebec punk,below_min_track_count,2,2,0
rac,rac,below_min_track_count,2,0,4
randy cain,randy cain,below_min_track_count,2,0,2
rap feminino chileno,rap feminino chileno,below_min_track_count,2,2,0
rap francais nouvelle vague,rap francais nouvelle vague,below_min_track_count,2,2,0
rap geek,rap geek,below_min_track_count,2,2,0
rap liegeois,rap liegeois,below_min_track_count,2,2,0
rap southern,rap southern,below_min_track_count,2,0,8
rap sureno chileno,rap sureno chileno,below_min_track_count,2,2,0
rap tuga underground,rap tuga underground,below_min_track_count,2,2,0
rap underground colombiano,rap underground colombiano,below_min_track_count,2,2,0
rapmusiker,rapmusiker,below_min_track_count,2,0,3
rebel blues,rebel blues,below_min_track_count,2,2,0
reggae roots,reggae roots,below_min_track_count,2,0,16
reggae.,reggae.,below_min_track_count,2,0,2
regisseur,regisseur,below_min_track_count,2,0,3
related-akb48,related-akb48,below_min_track_count,2,0,8
remember,remember,below_min_track_count,2,0,51
renfield,renfield,below_min_track_count,2,0,4
rhythm n grime,rhythm n grime,below_min_track_count,2,0,5
ricko,ricko,below_min_track_count,2,0,2
ricko aka slick,ricko aka slick,below_min_track_count,2,0,2
ricko capito,ricko capito,below_min_track_count,2,0,2
roberto carlos,roberto carlos,below_min_track_count,2,0,4
robin thicke beautiful,robin thicke beautiful,below_min_track_count,2,0,8
rock cristiano,rock cristiano,below_min_track_count,2,2,0
rock drums,rock drums,below_min_track_count,2,2,0
rock nica,rock nica,below_min_track_count,2,2,0
rock steady,rock steady,below_min_track_count,2,0,16
rogaland indie,rogaland indie,below_min_track_count,2,2,0
romanian choir,romanian choir,below_min_track_count,2,0,11
romanian electronic,romanian electronic,below_min_track_count,2,2,0
royal,royal,below_min_track_count,2,0,4
rune folk,rune folk,below_min_track_count,2,2,0
russian folk,russian folk,below_min_track_count,2,2,0
russian music from germany,russian music from germany,below_min_track_count,2,0,4
ryan ross,ryan ross,below_min_track_count,2,0,28
salamanca,salamanca,below_min_track_count,2,0,49
salzburg indie,salzburg indie,below_min_track_count,2,2,0
samsara 304,samsara 304,below_min_track_count,2,0,2
san diego rap,san diego rap,below_min_track_count,2,2,0
san marcos tx indie,san marcos tx indie,below_min_track_count,2,2,0
sanger,sanger,below_min_track_count,2,0,2
saskatchewan indie,saskatchewan indie,below_min_track_count,2,2,0
satan,satan,below_min_track_count,2,0,4
saxophonists,saxophonists,below_min_track_count,2,0,3
scandinavian pop,scandinavian pop,below_min_track_count,2,0,2
schlagersangerin,schlagersangerin,below_min_track_count,2,0,14
score composer,score composer,below_min_track_count,2,0,10
scotty doesnt know,scotty doesnt know,below_min_track_count,2,0,6
scouse rap,scouse rap,below_min_track_count,2,2,0
scum punk,scum punk,below_min_track_count,2,0,2
sea shanty,sea shanty,below_min_track_count,2,0,3
sebnem ferah,sebnem ferah,below_min_track_count,2,0,12
sebo,sebo,below_min_track_count,2,0,12
self made millionaire,self made millionaire,below_min_track_count,2,0,3
senarathne,senarathne,below_min_track_count,2,0,2
sensual,sensual,below_min_track_count,2,0,3
sephardi,sephardi,below_min_track_count,2,0,2
serbian hip hop,serbian hip hop,below_min_track_count,2,0,2
serbian rap,serbian rap,below_min_track_count,2,0,2
shamanic,shamanic,below_min_track_count,2,2,0
shiro kei,shiro kei,below_min_track_count,2,0,2
shoegazing,shoegazing,below_min_track_count,2,0,6
sichuanese hip hop,sichuanese hip hop,below_min_track_count,2,2,0
sicilian,sicilian,below_min_track_count,2,0,2
singer kowshik saha,singer kowshik saha,below_min_track_count,2,0,2
sitar,sitar,below_min_track_count,2,0,4
sitar player,sitar player,below_min_track_count,2,0,4
ska core,ska core,below_min_track_count,2,0,2
skateboarders,skateboarders,below_min_track_count,2,0,2
skiffle,skiffle,below_min_track_count,2,0,2
skinhead reggae,skinhead reggae,below_min_track_count,2,0,2
skramz,skramz,below_min_track_count,2,1,1
skullstep,skullstep,below_min_track_count,2,0,2
slack-key guitar,slack-key guitar,below_min_track_count,2,2,0
slayer,slayer,below_min_track_count,2,2,0
slick,slick,below_min_track_count,2,0,2
slovenian,slovenian,below_min_track_count,2,0,2
slow motion,slow motion,below_min_track_count,2,0,8
snap,snap,below_min_track_count,2,0,15
sneakbo,sneakbo,below_min_track_count,2,0,2
snow tha product,snow tha product,below_min_track_count,2,0,3
so big,so big,below_min_track_count,2,0,3
soft ballad,soft ballad,below_min_track_count,2,0,3
south pacific fusion,south pacific fusion,below_min_track_count,2,0,2
southern hip-hop,southern hip-hop,below_min_track_count,2,0,10
space music.,space music.,below_min_track_count,2,0,5
spacegrunge,spacegrunge,below_min_track_count,2,1,5
spazma,spazma,below_min_track_count,2,0,2
spazmofonika,spazmofonika,below_min_track_count,2,0,2
spectra,spectra,below_min_track_count,2,2,0
speed,speed,below_min_track_count,2,0,3
spence smith,spence smith,below_min_track_count,2,0,28
spinto soprano,spinto soprano,below_min_track_count,2,0,2
stevi nick,stevi nick,below_min_track_count,2,0,2
stoner doom metal,stoner doom metal,below_min_track_count,2,0,3
stormzy,stormzy,below_min_track_count,2,0,3
suomi,suomi,below_min_track_count,2,0,4
supergroup,supergroup,below_min_track_count,2,2,11
surinamese hip hop,surinamese hip hop,below_min_track_count,2,2,0
swedish ballads,swedish ballads,below_min_track_count,2,2,0
swedish classical,swedish classical,below_min_track_count,2,2,0
swedish composer,swedish composer,below_min_track_count,2,0,3
swedish hard rock,swedish hard rock,below_min_track_count,2,2,0
swedish melodic rock,swedish melodic rock,below_min_track_count,2,2,0
swedish underground rap,swedish underground rap,below_min_track_count,2,2,0
symphonic black metal,symphonic black metal,below_min_track_count,2,0,3
synthpunk,synthpunk,below_min_track_count,2,0,2
tagalog,tagalog,below_min_track_count,2,0,2
taiwanese,taiwanese,below_min_track_count,2,0,4
tamaulipas rap,tamaulipas rap,below_min_track_count,2,2,0
tango nuevo,tango nuevo,below_min_track_count,2,0,2
techhouse,techhouse,below_min_track_count,2,0,2
technical groove metal,technical groove metal,below_min_track_count,2,0,2
technical prog metal,technical prog metal,below_min_track_count,2,0,26
telerama,telerama,below_min_track_count,2,0,2
telugu folk,telugu folk,below_min_track_count,2,2,0
texas music,texas music,below_min_track_count,2,0,2
thai vtuber,thai vtuber,below_min_track_count,2,2,0
the 1st japan arena tour: shoujo jidai,the 1st japan arena tour: shoujo jidai,below_min_track_count,2,0,14
the best of,the best of,below_min_track_count,2,0,2
the slick rick lp,the slick rick lp,below_min_track_count,2,0,2
the very best of,the very best of,below_min_track_count,2,0,9
third wave ska,third wave ska,below_min_track_count,2,0,3
thrashcore,thrashcore,below_min_track_count,2,0,6
todo,todo,below_min_track_count,2,0,10
too pure,too pure,below_min_track_count,2,0,6
toronto indie,toronto indie,below_min_track_count,2,2,0
tracks,tracks,below_min_track_count,2,0,19
trad quebecois,trad quebecois,below_min_track_count,2,2,0
tribal ambient,tribal ambient,below_min_track_count,2,0,2
trommel,trommel,below_min_track_count,2,0,2
true classics,true classics,below_min_track_count,2,0,2
tuga,tuga,below_min_track_count,2,0,45
tunisien,tunisien,below_min_track_count,2,0,2
turkish experimental,turkish experimental,below_min_track_count,2,2,0
turkish reggae,turkish reggae,below_min_track_count,2,2,0
twats,twats,below_min_track_count,2,0,2
u.k,u.k,below_min_track_count,2,0,2
uk electronic,uk electronic,below_min_track_count,2,0,11
uk experimental electronic,uk experimental electronic,below_min_track_count,2,2,0
uk rap,uk rap,below_min_track_count,2,0,2
ukrainian alternative rock,ukrainian alternative rock,below_min_track_count,2,2,0
upstate ny rap,upstate ny rap,below_min_track_count,2,2,0
vcls,vcls,below_min_track_count,2,0,2
verdi soprano,verdi soprano,below_min_track_count,2,0,2
vispop,vispop,below_min_track_count,2,2,0
vocal synth,vocal synth,below_min_track_count,2,0,4
voetbal,voetbal,below_min_track_count,2,2,0
voice actor europa,voice actor europa,below_min_track_count,2,0,2
volksmusik,volksmusik,below_min_track_count,2,2,1
vulgar,vulgar,below_min_track_count,2,0,8
wellerworld,wellerworld,below_min_track_count,2,0,2
welsh bass-baritone,welsh bass-baritone,below_min_track_count,2,0,2
west african jazz,west african jazz,below_min_track_count,2,2,0
westcoast flow,westcoast flow,below_min_track_count,2,2,0
western,western,below_min_track_count,2,0,11
whisky a go go,whisky a go go,below_min_track_count,2,0,2
white noise,white noise,below_min_track_count,2,2,0
wilbert hart,wilbert hart,below_min_track_count,2,0,2
wiley,wiley,below_min_track_count,2,0,2
william hart,william hart,below_min_track_count,2,0,2
william poogie hart,william poogie hart,below_min_track_count,2,0,2
wisin y yandel,wisin y yandel,below_min_track_count,2,0,67
wobbly,wobbly,below_min_track_count,2,0,11
women,women,below_min_track_count,2,0,2
world reggae,world reggae,below_min_track_count,2,0,4
xenopsych,xenopsych,below_min_track_count,2,0,2
y2kcore,y2kcore,below_min_track_count,2,0,3
yes,yes,below_min_track_count,2,0,9
ymo,ymo,below_min_track_count,2,0,9
yoik,yoik,below_min_track_count,2,2,0
york indie,york indie,below_min_track_count,2,2,0
youve got a friend,youve got a friend,below_min_track_count,2,0,3
yugoslavia,yugoslavia,below_min_track_count,2,0,4
yuz,yuz,below_min_track_count,2,0,2
zagreb,zagreb,below_min_track_count,2,0,4
zayed,zayed,below_min_track_count,2,0,4
zoe,zoe,below_min_track_count,2,0,40
zulia,zulia,below_min_track_count,2,0,32
zusician,zusician,below_min_track_count,2,0,4
جدل,جدل,below_min_track_count,2,0,3
حبیب,حبیب,below_min_track_count,2,0,2
حبیب محبیان,حبیب محبیان,below_min_track_count,2,0,2
몽,몽,below_min_track_count,2,0,3
オフ・コース,オフ・コース,below_min_track_count,2,0,4
砂の惑星,砂の惑星,below_min_track_count,2,0,58
#animaltalk,#animaltalk,below_min_track_count,1,0,2
#femmehouse,#femmehouse,below_min_track_count,1,0,2
#hiphop,#hiphop,below_min_track_count,1,0,1
#illuminatiwawmart,#illuminatiwawmart,below_min_track_count,1,0,2
#kanchistakikuna,#kanchistakikuna,below_min_track_count,1,0,1
#karamjameelmoore,#karamjameelmoore,below_min_track_count,1,0,2
#padron,#padron,below_min_track_count,1,0,1
#rnb,#rnb,below_min_track_count,1,0,1
#sippiboyent,#sippiboyent,below_min_track_count,1,0,2
#sippiboyentertainment,#sippiboyentertainment,below_min_track_count,1,0,2
#waw mart,#waw mart,below_min_track_count,1,0,2
#wawmart,#wawmart,below_min_track_count,1,0,2
$wawmart,$wawmart,below_min_track_count,1,0,2
100th,100th,below_min_track_count,1,0,1
150 cd,150 cd,below_min_track_count,1,0,1
1960s hong kong debut,1960s hong kong debut,below_min_track_count,1,0,1
1980s cantopop group,1980s cantopop group,below_min_track_count,1,0,1
1990s cantopop group,1990s cantopop group,below_min_track_count,1,0,1
2-step garage,2-step garage,below_min_track_count,1,0,1
2020s cantopop group,2020s cantopop group,below_min_track_count,1,0,2
3850 records,3850 records,below_min_track_count,1,0,17
48g,48g,below_min_track_count,1,1,0
50 cent,50 cent,below_min_track_count,1,0,3
5m music,5m music,below_min_track_count,1,0,1
6 day riot,6 day riot,below_min_track_count,1,0,1
8d,8d,below_min_track_count,1,1,0
a des annes d ici,a des annes d ici,below_min_track_count,1,0,1
a kick snare and an idea,a kick snare and an idea,below_min_track_count,1,0,2
accordionist,accordionist,below_min_track_count,1,0,1
achmad mulyana,achmad mulyana,below_min_track_count,1,0,1
acoustic chill,acoustic chill,below_min_track_count,1,1,0
acoustic guitar,acoustic guitar,below_min_track_count,1,0,4
acoustic guitar cover,acoustic guitar cover,below_min_track_count,1,1,0
actually a cool guy,actually a cool guy,below_min_track_count,1,0,1
adam pavlovcin,adam pavlovcin,below_min_track_count,1,0,1
add series,add series,below_min_track_count,1,0,1
add soundtrakcs,add soundtrakcs,below_min_track_count,1,0,1
adonxs,adonxs,below_min_track_count,1,0,1
adoracion pentecostal,adoracion pentecostal,below_min_track_count,1,1,0
adult album alternative,adult album alternative,below_min_track_count,1,0,2
african american singers,african american singers,below_min_track_count,1,0,1
african american women civil rights workers,african american women civil rights workers,below_min_track_count,1,0,1
african electronic,african electronic,below_min_track_count,1,1,0
african rumba,african rumba,below_min_track_count,1,0,11
afro psych,afro psych,below_min_track_count,1,1,0
afro rock,afro rock,below_min_track_count,1,0,1
afro-cuban,afro-cuban,below_min_track_count,1,0,1
afro-cuban percussion,afro-cuban percussion,below_min_track_count,1,1,0
afro-funk,afro-funk,below_min_track_count,1,1,0
afrofunk,afrofunk,below_min_track_count,1,0,11
afrohouse,afrohouse,below_min_track_count,1,0,2
ageofadonxs,ageofadonxs,below_min_track_count,1,0,1
aggrotech,aggrotech,below_min_track_count,1,0,10
aghani lil-atfal,aghani lil-atfal,below_min_track_count,1,1,0
ainu folk,ainu folk,below_min_track_count,1,1,0
aj franklin,aj franklin,below_min_track_count,1,0,1
alban berg,alban berg,below_min_track_count,1,0,2
albanian folk music,albanian folk music,below_min_track_count,1,0,1
albanian rock,albanian rock,below_min_track_count,1,1,0
albuquerque indie,albuquerque indie,below_min_track_count,1,1,0
alex,alex,below_min_track_count,1,0,1
alex hobson,alex hobson,below_min_track_count,1,0,1
alfred scholz related,alfred scholz related,below_min_track_count,1,0,1
algerian rapper,algerian rapper,below_min_track_count,1,0,1
alien death metal,alien death metal,below_min_track_count,1,0,1
all eyes on me,all eyes on me,below_min_track_count,1,0,1
alphabet city elite,alphabet city elite,below_min_track_count,1,0,1
alt-z,alt-z,below_min_track_count,1,0,4
alternative americana,alternative americana,below_min_track_count,1,1,0
alternative christian,alternative christian,below_min_track_count,1,0,1
alternative emo,alternative emo,below_min_track_count,1,1,0
alternative latin,alternative latin,below_min_track_count,1,0,1
alternative punk,alternative punk,below_min_track_count,1,0,4
alternativew,alternativew,below_min_track_count,1,0,5
alternativt,alternativt,below_min_track_count,1,0,4
alx,alx,below_min_track_count,1,0,2
ambient idm,ambient idm,below_min_track_count,1,1,0
ambient post-rock,ambient post-rock,below_min_track_count,1,1,0
american choir,american choir,below_min_track_count,1,1,3
american conductor,american conductor,below_min_track_count,1,0,1
american drummer,american drummer,below_min_track_count,1,0,1
american folk music,american folk music,below_min_track_count,1,0,1
american orchestra,american orchestra,below_min_track_count,1,0,1
american pianist,american pianist,below_min_track_count,1,0,1
american post-rock,american post-rock,below_min_track_count,1,1,0
amerie,amerie,below_min_track_count,1,0,1
amici,amici,below_min_track_count,1,0,1
amici 8,amici 8,below_min_track_count,1,0,1
amiga,amiga,below_min_track_count,1,0,3
amor mio,amor mio,below_min_track_count,1,0,3
amsterdam,amsterdam,below_min_track_count,1,0,1
an kun,an kun,below_min_track_count,1,0,2
an kun studio,an kun studio,below_min_track_count,1,0,2
analog,analog,below_min_track_count,1,0,1
anarchism,anarchism,below_min_track_count,1,0,1
anarchopunk,anarchopunk,below_min_track_count,1,0,1
andalusian classical music,andalusian classical music,below_min_track_count,1,0,2
andrzej piekarczyk,andrzej piekarczyk,below_min_track_count,1,0,1
anglican liturgy,anglican liturgy,below_min_track_count,1,1,0
ani di franco,ani di franco,below_min_track_count,1,0,1
anime drill,anime drill,below_min_track_count,1,1,0
annoying,annoying,below_min_track_count,1,0,1
ano,ano,below_min_track_count,1,0,8
anti-establishment,anti-establishment,below_min_track_count,1,0,3
anti-fascist,anti-fascist,below_min_track_count,1,0,1
anti-government,anti-government,below_min_track_count,1,0,1
anti-humanity,anti-humanity,below_min_track_count,1,0,7
anti-society,anti-society,below_min_track_count,1,0,1
antichrist supremacy,antichrist supremacy,below_min_track_count,1,0,7
antoine,antoine,below_min_track_count,1,0,1
aosta,aosta,below_min_track_count,1,0,4
apocalypse,apocalypse,below_min_track_count,1,0,1
apocalyptic folk,apocalyptic folk,below_min_track_count,1,0,20
apple music,apple music,below_min_track_count,1,0,1
arabic instrumental,arabic instrumental,below_min_track_count,1,1,0
arkansas indie,arkansas indie,below_min_track_count,1,1,0
armenian folk,armenian folk,below_min_track_count,1,1,0
art kei,art kei,below_min_track_count,1,0,2
art-rock,art-rock,below_min_track_count,1,0,22
arunachal indie,arunachal indie,below_min_track_count,1,1,0
arvika,arvika,below_min_track_count,1,0,1
asa,asa,below_min_track_count,1,0,1
asian pop,asian pop,below_min_track_count,1,0,1
asin: b0038an1yg,asin: b0038an1yg,below_min_track_count,1,0,5
athens indie,athens indie,below_min_track_count,1,1,0
athlete singer,athlete singer,below_min_track_count,1,0,1
atl drill,atl drill,below_min_track_count,1,1,0
atmospheric metal,atmospheric metal,below_min_track_count,1,0,2
audio play,audio play,below_min_track_count,1,0,1
austin,austin,below_min_track_count,1,0,1
austin americana,austin americana,below_min_track_count,1,1,0
australian comedy,australian comedy,below_min_track_count,1,1,0
australian metal,australian metal,below_min_track_count,1,1,0
australian ska,australian ska,below_min_track_count,1,1,0
australian techno,australian techno,below_min_track_count,1,1,0
austrian conductor,austrian conductor,below_min_track_count,1,0,1
austrian folk,austrian folk,below_min_track_count,1,0,2
austrian punk,austrian punk,below_min_track_count,1,1,0
autumn,autumn,below_min_track_count,1,0,2
avant-garage,avant-garage,below_min_track_count,1,0,1
awesome name,awesome name,below_min_track_count,1,0,4
axis mutatis,axis mutatis,below_min_track_count,1,0,2
azerbaijani music,azerbaijani music,below_min_track_count,1,0,1
background jazz,background jazz,below_min_track_count,1,1,0
background piano,background piano,below_min_track_count,1,1,0
bahc,bahc,below_min_track_count,1,0,1
bajan soca,bajan soca,below_min_track_count,1,1,0
bakersfield sound,bakersfield sound,below_min_track_count,1,1,0
balada,balada,below_min_track_count,1,0,12
balalaika,balalaika,below_min_track_count,1,1,0
balearic beat,balearic beat,below_min_track_count,1,0,10
balfolk,balfolk,below_min_track_count,1,1,0
bali indie,bali indie,below_min_track_count,1,1,0
balkan folk metal,balkan folk metal,below_min_track_count,1,1,0
ballads,ballads,below_min_track_count,1,0,22
bambara,bambara,below_min_track_count,1,0,1
bangladeshi hip hop,bangladeshi hip hop,below_min_track_count,1,1,0
banned,banned,below_min_track_count,1,0,1
baps,baps,below_min_track_count,1,1,0
bar,bar,below_min_track_count,1,0,1
bard,bard,below_min_track_count,1,1,0
barnepsykedelia,barnepsykedelia,below_min_track_count,1,0,1
barsy rap song,barsy rap song,below_min_track_count,1,0,2
based,based,below_min_track_count,1,0,1
basement cuts,basement cuts,below_min_track_count,1,0,1
bassiste,bassiste,below_min_track_count,1,0,1
bay area indie,bay area indie,below_min_track_count,1,1,0
beat italiano,beat italiano,below_min_track_count,1,1,0
beatbox,beatbox,below_min_track_count,1,0,9
beatgen,beatgen,below_min_track_count,1,0,1
bedard,bedard,below_min_track_count,1,0,1
beggars banquet,beggars banquet,below_min_track_count,1,0,1
belarusian electronic,belarusian electronic,below_min_track_count,1,1,0
belarusian punk,belarusian punk,below_min_track_count,1,1,0
belge,belge,below_min_track_count,1,0,1
belgian composer,belgian composer,below_min_track_count,1,0,1
belgian electronic,belgian electronic,below_min_track_count,1,1,0
belgian indie rock,belgian indie rock,below_min_track_count,1,1,0
belgique,belgique,below_min_track_count,1,0,1
ben gibbard,ben gibbard,below_min_track_count,1,0,4
berber,berber,below_min_track_count,1,0,2
berlin minimal techno,berlin minimal techno,below_min_track_count,1,1,0
bernstein,bernstein,below_min_track_count,1,0,1
best rapper,best rapper,below_min_track_count,1,0,1
better lost than stupid,better lost than stupid,below_min_track_count,1,0,1
betulio medina,betulio medina,below_min_track_count,1,0,8
bezerra da silva,bezerra da silva,below_min_track_count,1,0,2
bhajans,bhajans,below_min_track_count,1,0,2
bholu,bholu,below_min_track_count,1,0,1
bholu bhuvaji,bholu bhuvaji,below_min_track_count,1,0,1
bholu bhuvaji jalampura,bholu bhuvaji jalampura,below_min_track_count,1,0,1
bhuvaji,bhuvaji,below_min_track_count,1,0,1
biegya,biegya,below_min_track_count,1,0,1
big dada,big dada,below_min_track_count,1,0,2
big house recordings,big house recordings,below_min_track_count,1,0,1
bill production,bill production,below_min_track_count,1,0,1
billboard charting artist,billboard charting artist,below_min_track_count,1,0,1
billboard top current album sales,billboard top current album sales,below_min_track_count,1,0,1
billboards,billboards,below_min_track_count,1,0,2
billy,billy,below_min_track_count,1,0,1
billy bragg,billy bragg,below_min_track_count,1,0,1
billy nhut minh,billy nhut minh,below_min_track_count,1,0,1
bisaya indie,bisaya indie,below_min_track_count,1,1,0
black death metal,black death metal,below_min_track_count,1,0,1
blackened crust,blackened crust,below_min_track_count,1,0,1
blackened death metal,blackened death metal,below_min_track_count,1,0,2
blackened doom metal,blackened doom metal,below_min_track_count,1,0,1
blackpool,blackpool,below_min_track_count,1,0,8
bland,bland,below_min_track_count,1,0,3
blue beat,blue beat,below_min_track_count,1,0,3
blues rap,blues rap,below_min_track_count,1,0,1
bmg,bmg,below_min_track_count,1,0,1
bochum,bochum,below_min_track_count,1,0,1
bogor indie,bogor indie,below_min_track_count,1,1,0
bomba y plena,bomba y plena,below_min_track_count,1,1,0
bombsite,bombsite,below_min_track_count,1,0,1
born,born,below_min_track_count,1,0,1
bornehistorier,bornehistorier,below_min_track_count,1,1,0
boss drum,boss drum,below_min_track_count,1,0,2
bossa nova cover,bossa nova cover,below_min_track_count,1,1,0
boston folk,boston folk,below_min_track_count,1,1,0
boston indie,boston indie,below_min_track_count,1,1,0
boston punk,boston punk,below_min_track_count,1,1,0
bosver,bosver,below_min_track_count,1,0,1
botswana hip hop,botswana hip hop,below_min_track_count,1,1,0
boulez pierre messiaen olivier,boulez pierre messiaen olivier,below_min_track_count,1,0,2
bouncy techno,bouncy techno,below_min_track_count,1,0,1
bourgeoisie,bourgeoisie,below_min_track_count,1,0,1
bow pop,bow pop,below_min_track_count,1,1,0
bowspit,bowspit,below_min_track_count,1,0,1
boy pop,boy pop,below_min_track_count,1,1,0
bozlak,bozlak,below_min_track_count,1,1,0
brass,brass,below_min_track_count,1,0,1
brazilian groove metal,brazilian groove metal,below_min_track_count,1,1,0
brazilian indie,brazilian indie,below_min_track_count,1,1,0
brazilian metal,brazilian metal,below_min_track_count,1,1,0
brazilian post-hardcore,brazilian post-hardcore,below_min_track_count,1,1,0
brazilian soprano,brazilian soprano,below_min_track_count,1,0,1
brazilian soul,brazilian soul,below_min_track_count,1,1,0
brazilian stoner rock,brazilian stoner rock,below_min_track_count,1,1,0
brazilian thrash metal,brazilian thrash metal,below_min_track_count,1,1,0
breakeven,breakeven,below_min_track_count,1,0,18
bresil,bresil,below_min_track_count,1,0,2
bresilien,bresilien,below_min_track_count,1,0,2
breslov,breslov,below_min_track_count,1,0,10
breton,breton,below_min_track_count,1,0,9
brighton,brighton,below_min_track_count,1,0,1
brisbane punk,brisbane punk,below_min_track_count,1,1,0
bristol electronic,bristol electronic,below_min_track_count,1,1,0
brit pop,brit pop,below_min_track_count,1,0,15
britcore,britcore,below_min_track_count,1,0,1
britfunk,britfunk,below_min_track_count,1,0,6
british childrens music,british childrens music,below_min_track_count,1,1,0
british conductor,british conductor,below_min_track_count,1,0,1
british country,british country,below_min_track_count,1,1,0
british dance band,british dance band,below_min_track_count,1,1,0
british drill rap,british drill rap,below_min_track_count,1,0,1
british jazz,british jazz,below_min_track_count,1,0,1
british metal,british metal,below_min_track_count,1,0,3
british modern classical,british modern classical,below_min_track_count,1,1,0
british violinist,british violinist,below_min_track_count,1,0,1
british violist,british violist,below_min_track_count,1,0,1
broadway composer,broadway composer,below_min_track_count,1,0,1
bruno mars,bruno mars,below_min_track_count,1,0,1
btu music,btu music,below_min_track_count,1,0,1
budapest,budapest,below_min_track_count,1,0,4
buffalo hip hop,buffalo hip hop,below_min_track_count,1,1,0
bug,bug,below_min_track_count,1,0,10
bug mafia,bug mafia,below_min_track_count,1,0,10
bulgarian electronic,bulgarian electronic,below_min_track_count,1,1,0
bulgarian indie,bulgarian indie,below_min_track_count,1,1,0
burgess,burgess,below_min_track_count,1,0,1
burned,burned,below_min_track_count,1,0,4
burundian pop,burundian pop,below_min_track_count,1,1,0
buscema,buscema,below_min_track_count,1,0,1
c64,c64,below_min_track_count,1,0,3
c64 remix,c64 remix,below_min_track_count,1,0,2
caddillac,caddillac,below_min_track_count,1,0,10
caddy,caddy,below_min_track_count,1,0,10
cadence lypso,cadence lypso,below_min_track_count,1,0,2
cairobi,cairobi,below_min_track_count,1,0,1
california hardcore,california hardcore,below_min_track_count,1,1,0
california music,california music,below_min_track_count,1,0,2
calm,calm,below_min_track_count,1,0,1
calming,calming,below_min_track_count,1,0,1
calogero,calogero,below_min_track_count,1,0,4
camden crawl,camden crawl,below_min_track_count,1,0,1
cameroonian pop,cameroonian pop,below_min_track_count,1,1,0
campfire,campfire,below_min_track_count,1,0,4
canadian ccm,canadian ccm,below_min_track_count,1,1,0
canadian classical,canadian classical,below_min_track_count,1,0,3
canadian comedy,canadian comedy,below_min_track_count,1,1,0
canadian experimental,canadian experimental,below_min_track_count,1,1,0
canadian hardcore,canadian hardcore,below_min_track_count,1,1,0
canadian house,canadian house,below_min_track_count,1,1,0
canadian soundtrack,canadian soundtrack,below_min_track_count,1,0,3
cancion infantil mexicana,cancion infantil mexicana,below_min_track_count,1,1,0
cantonese opera,cantonese opera,below_min_track_count,1,1,0
cantopop boy group,cantopop boy group,below_min_track_count,1,0,3
cantopop trio,cantopop trio,below_min_track_count,1,0,2
cantor angolano,cantor angolano,below_min_track_count,1,0,1
caracas,caracas,below_min_track_count,1,0,8
cardenales,cardenales,below_min_track_count,1,0,16
cardiff,cardiff,below_min_track_count,1,0,1
carnatic,carnatic,below_min_track_count,1,0,2
carnatic vocalists,carnatic vocalists,below_min_track_count,1,0,2
carol hunter,carol hunter,below_min_track_count,1,0,9
cascada,cascada,below_min_track_count,1,0,3
casio,casio,below_min_track_count,1,0,1
catch,catch,below_min_track_count,1,0,1
catch you,catch you,below_min_track_count,1,0,1
cello metal,cello metal,below_min_track_count,1,0,3
celtic metal,celtic metal,below_min_track_count,1,0,1
cenzo townshend,cenzo townshend,below_min_track_count,1,0,1
cga,cga,below_min_track_count,1,0,2
ch mundart rock,ch mundart rock,below_min_track_count,1,0,1
chamber,chamber,below_min_track_count,1,0,4
chamorro,chamorro,below_min_track_count,1,0,1
change disambiguation,change disambiguation,below_min_track_count,1,0,1
changing faces,changing faces,below_min_track_count,1,0,1
chanson alternative,chanson alternative,below_min_track_count,1,0,3
chanson paillarde,chanson paillarde,below_min_track_count,1,1,0
chaos,chaos,below_min_track_count,1,0,1
chaotic metalcore,chaotic metalcore,below_min_track_count,1,0,1
chehar,chehar,below_min_track_count,1,0,1
chemical brothers,chemical brothers,below_min_track_count,1,0,1
childrens,childrens,below_min_track_count,1,0,2
chilean pianist,chilean pianist,below_min_track_count,1,0,1
chill guitar,chill guitar,below_min_track_count,1,1,0
chill lounge,chill lounge,below_min_track_count,1,1,0
chillhop,chillhop,below_min_track_count,1,1,0
china,china,below_min_track_count,1,0,3
chinese experimental,chinese experimental,below_min_track_count,1,1,0
chinese hyperpop,chinese hyperpop,below_min_track_count,1,1,0
chinese indie pop,chinese indie pop,below_min_track_count,1,1,0
chinese manyao,chinese manyao,below_min_track_count,1,1,0
chinese metalcore,chinese metalcore,below_min_track_count,1,1,0
chip,chip,below_min_track_count,1,0,1
chiwawa,chiwawa,below_min_track_count,1,0,1
choir,choir,below_min_track_count,1,0,6
choro,choro,below_min_track_count,1,0,1
chris brown,chris brown,below_min_track_count,1,0,1
christian hardcore,christian hardcore,below_min_track_count,1,0,1
christian punk,christian punk,below_min_track_count,1,1,0
christian uplift,christian uplift,below_min_track_count,1,1,0
civil rights,civil rights,below_min_track_count,1,0,1
clarity,clarity,below_min_track_count,1,0,2
classic anime,classic anime,below_min_track_count,1,1,0
classic azeri pop,classic azeri pop,below_min_track_count,1,1,0
classic bangla pop,classic bangla pop,below_min_track_count,1,1,0
classic danish rock,classic danish rock,below_min_track_count,1,1,0
classic garage rock,classic garage rock,below_min_track_count,1,1,0
classic hungarian pop,classic hungarian pop,below_min_track_count,1,1,0
classic indo pop,classic indo pop,below_min_track_count,1,1,0
classic j-rock,classic j-rock,below_min_track_count,1,1,0
classic portuguese pop,classic portuguese pop,below_min_track_count,1,1,0
classic praise,classic praise,below_min_track_count,1,1,0
classic progressive house,classic progressive house,below_min_track_count,1,1,0
classic r & b,classic r & b,below_min_track_count,1,0,2
classical guitar,classical guitar,below_min_track_count,1,0,3
classical performance,classical performance,below_min_track_count,1,1,0
clean vocals,clean vocals,below_min_track_count,1,0,29
cleveland indie,cleveland indie,below_min_track_count,1,1,0
cleveland orchestra,cleveland orchestra,below_min_track_count,1,0,1
clowns ha ha,clowns ha ha,below_min_track_count,1,0,1
club kid,club kid,below_min_track_count,1,0,2
co,co,below_min_track_count,1,0,19
cocktail nation,cocktail nation,below_min_track_count,1,0,5
colin angus,colin angus,below_min_track_count,1,0,2
comedian,comedian,below_min_track_count,1,0,2
commons,commons,below_min_track_count,1,1,0
company,company,below_min_track_count,1,0,2
concert,concert,below_min_track_count,1,0,1
concrete,concrete,below_min_track_count,1,0,1
conducting,conducting,below_min_track_count,1,0,1
conductors,conductors,below_min_track_count,1,0,1
contemporary christian music,contemporary christian music,below_min_track_count,1,0,1
contemporary instrumental,contemporary instrumental,below_min_track_count,1,0,4
contemporary post-bop,contemporary post-bop,below_min_track_count,1,1,0
contemporary singer,contemporary singer,below_min_track_count,1,0,1
content,content,below_min_track_count,1,0,1
continental jazz,continental jazz,below_min_track_count,1,0,5
cool cymru,cool cymru,below_min_track_count,1,0,3
coptic hymn,coptic hymn,below_min_track_count,1,1,0
copyright devil,copyright devil,below_min_track_count,1,0,3
costume,costume,below_min_track_count,1,0,6
country and irish,country and irish,below_min_track_count,1,0,1
country metal,country metal,below_min_track_count,1,0,19
country musicians,country musicians,below_min_track_count,1,0,2
country quebecois,country quebecois,below_min_track_count,1,1,0
coverartist,coverartist,below_min_track_count,1,0,3
crack rock steady,crack rock steady,below_min_track_count,1,1,0
crass records,crass records,below_min_track_count,1,0,1
crazy love,crazy love,below_min_track_count,1,0,100
creamy soul,creamy soul,below_min_track_count,1,0,5
cretan,cretan,below_min_track_count,1,0,1
cretan folk,cretan folk,below_min_track_count,1,0,1
crime against humanity,crime against humanity,below_min_track_count,1,0,1
croatian hip hop,croatian hip hop,below_min_track_count,1,1,0
croatian rock,croatian rock,below_min_track_count,1,1,0
crust,crust,below_min_track_count,1,0,1
crust punk,crust punk,below_min_track_count,1,0,1
cuban composer,cuban composer,below_min_track_count,1,0,1
cuban jazz,cuban jazz,below_min_track_count,1,0,2
cult rock,cult rock,below_min_track_count,1,0,1
curly,curly,below_min_track_count,1,0,1
current 93,current 93,below_min_track_count,1,0,20
cut killer,cut killer,below_min_track_count,1,0,1
cyberfolk,cyberfolk,below_min_track_count,1,0,2
czech folk rock,czech folk rock,below_min_track_count,1,1,0
czech indie,czech indie,below_min_track_count,1,1,0
czech mezzo-soprano,czech mezzo-soprano,below_min_track_count,1,0,1
d & b,d & b,below_min_track_count,1,0,1
d6xergma9,d6xergma9,below_min_track_count,1,0,2
dad punk,dad punk,below_min_track_count,1,0,1
dada,dada,below_min_track_count,1,0,1
damage,damage,below_min_track_count,1,0,1
damar,damar,below_min_track_count,1,0,13
dan,dan,below_min_track_count,1,0,1
dan austin,dan austin,below_min_track_count,1,0,1
dance punk,dance punk,below_min_track_count,1,0,4
dancehall chileno,dancehall chileno,below_min_track_count,1,1,0
dancehall mauricien,dancehall mauricien,below_min_track_count,1,1,0
daniel caesar,daniel caesar,below_min_track_count,1,0,1
danish modern jazz,danish modern jazz,below_min_track_count,1,1,0
dansk comedy,dansk comedy,below_min_track_count,1,1,0
dark romanticism,dark romanticism,below_min_track_count,1,0,1
dave and ansel collins,dave and ansel collins,below_min_track_count,1,0,1
dave smith,dave smith,below_min_track_count,1,0,1
dawn penn,dawn penn,below_min_track_count,1,0,1
daytime disco,daytime disco,below_min_track_count,1,0,1
daytona beach,daytona beach,below_min_track_count,1,0,1
dc hardcore,dc hardcore,below_min_track_count,1,1,0
death by aids,death by aids,below_min_track_count,1,0,5
death by asthma,death by asthma,below_min_track_count,1,0,2
death by blood poisoning,death by blood poisoning,below_min_track_count,1,0,26
death by brain aneurysm,death by brain aneurysm,below_min_track_count,1,0,2
death by brain tumor,death by brain tumor,below_min_track_count,1,0,4
death by cancer,death by cancer,below_min_track_count,1,0,5
death by choking,death by choking,below_min_track_count,1,0,3
death by heart disease,death by heart disease,below_min_track_count,1,0,1
death by leukemia,death by leukemia,below_min_track_count,1,0,5
death by pancreatitis,death by pancreatitis,below_min_track_count,1,0,1
death by sandwich,death by sandwich,below_min_track_count,1,0,1
death by tuberculosis,death by tuberculosis,below_min_track_count,1,0,1
death jazz,death jazz,below_min_track_count,1,0,3
death thrash,death thrash,below_min_track_count,1,0,12
death-thrash,death-thrash,below_min_track_count,1,0,12
deathrash,deathrash,below_min_track_count,1,1,0
deep acoustic pop,deep acoustic pop,below_min_track_count,1,1,0
deep ccm,deep ccm,below_min_track_count,1,1,0
deep chill,deep chill,below_min_track_count,1,1,0
deep dubstep,deep dubstep,below_min_track_count,1,0,1
deep eurodance,deep eurodance,below_min_track_count,1,1,0
deep smooth jazz,deep smooth jazz,below_min_track_count,1,1,0
deep soundtrack,deep soundtrack,below_min_track_count,1,1,0
del,del,below_min_track_count,1,0,16
del shannon greatest hits,del shannon greatest hits,below_min_track_count,1,0,3
demon. acid house,demon. acid house,below_min_track_count,1,0,2
dennis alcapone,dennis alcapone,below_min_track_count,1,0,1
denton tx indie,denton tx indie,below_min_track_count,1,1,0
depressive rock,depressive rock,below_min_track_count,1,0,1
derrick morgan,derrick morgan,below_min_track_count,1,0,1
desert,desert,below_min_track_count,1,0,2
despair,despair,below_min_track_count,1,0,1
destination void,destination void,below_min_track_count,1,0,1
detske pisnicky,detske pisnicky,below_min_track_count,1,1,0
devil song,devil song,below_min_track_count,1,0,2
devon indie,devon indie,below_min_track_count,1,1,0
digicore,digicore,below_min_track_count,1,0,11
digipunk,digipunk,below_min_track_count,1,0,2
divaughn,divaughn,below_min_track_count,1,0,1
divaughn dixon,divaughn dixon,below_min_track_count,1,0,1
dixon,dixon,below_min_track_count,1,0,1
diy emo,diy emo,below_min_track_count,1,1,0
dj dixon,dj dixon,below_min_track_count,1,0,1
dj fresh,dj fresh,below_min_track_count,1,0,1
dj james,dj james,below_min_track_count,1,0,1
dj spider,dj spider,below_min_track_count,1,0,1
dk,dk,below_min_track_count,1,0,1
dl,dl,below_min_track_count,1,0,1
dock of the bay,dock of the bay,below_min_track_count,1,0,6
dodong,dodong,below_min_track_count,1,0,1
dolores,dolores,below_min_track_count,1,0,1
dona da favela,dona da favela,below_min_track_count,1,0,1
dong-yo,dong-yo,below_min_track_count,1,1,0
donosti,donosti,below_min_track_count,1,0,1
doom rock,doom rock,below_min_track_count,1,0,1
doomgaze,doomgaze,below_min_track_count,1,0,3
double bass,double bass,below_min_track_count,1,0,1
doubledicemusic,doubledicemusic,below_min_track_count,1,0,2
downbeat,downbeat,below_min_track_count,1,0,8
downtempo bass,downtempo bass,below_min_track_count,1,1,0
dq,dq,below_min_track_count,1,0,1
dr dre,dr dre,below_min_track_count,1,0,1
drain gang,drain gang,below_min_track_count,1,0,1
dream plugg,dream plugg,below_min_track_count,1,1,0
dreamgaze,dreamgaze,below_min_track_count,1,0,11
dreampunk,dreampunk,below_min_track_count,1,1,0
dreamwave,dreamwave,below_min_track_count,1,0,2
dresden,dresden,below_min_track_count,1,0,2
drill brasileiro,drill brasileiro,below_min_track_count,1,1,0
drill rap,drill rap,below_min_track_count,1,0,1
drop,drop,below_min_track_count,1,0,2
drum machines,drum machines,below_min_track_count,1,0,1
drum n bass,drum n bass,below_min_track_count,1,0,3
drumnbass,drumnbass,below_min_track_count,1,0,1
dub noise,dub noise,below_min_track_count,1,0,2
dubwise,dubwise,below_min_track_count,1,0,1
duc,duc,below_min_track_count,1,0,1
duceniiko,duceniiko,below_min_track_count,1,0,1
duduk,duduk,below_min_track_count,1,1,0
dusseldorf electronic,dusseldorf electronic,below_min_track_count,1,1,0
dutch idol pop,dutch idol pop,below_min_track_count,1,1,0
dutch metal,dutch metal,below_min_track_count,1,1,0
dutch musical,dutch musical,below_min_track_count,1,1,0
dutch orchestra,dutch orchestra,below_min_track_count,1,0,2
dutch prog,dutch prog,below_min_track_count,1,1,0
dwills,dwills,below_min_track_count,1,0,1
dx7,dx7,below_min_track_count,1,0,1
dytyachi pisni,dytyachi pisni,below_min_track_count,1,1,0
e-punk,e-punk,below_min_track_count,1,0,1
early demos,early demos,below_min_track_count,1,0,19
early hardcore,early hardcore,below_min_track_count,1,0,1
early pop,early pop,below_min_track_count,1,0,1
east coast rap,east coast rap,below_min_track_count,1,0,23
eband,eband,below_min_track_count,1,0,1
ebeneezer goode,ebeneezer goode,below_min_track_count,1,0,2
ebenezer,ebenezer,below_min_track_count,1,0,1
echirolles,echirolles,below_min_track_count,1,0,4
ecm style jazz,ecm style jazz,below_min_track_count,1,0,1
ecocide,ecocide,below_min_track_count,1,0,1
egg punk,egg punk,below_min_track_count,1,0,1
egyptian mythology,egyptian mythology,below_min_track_count,1,0,1
egyptian rap,egyptian rap,below_min_track_count,1,0,2
eighties,eighties,below_min_track_count,1,0,1
el michels affair,el michels affair,below_min_track_count,1,0,1
electric bass,electric bass,below_min_track_count,1,1,0
electric jazz,electric jazz,below_min_track_count,1,0,1
electro french,electro french,below_min_track_count,1,0,1
electro punk,electro punk,below_min_track_count,1,0,1
electro r & b,electro r & b,below_min_track_count,1,0,1
electro trash,electro trash,below_min_track_count,1,1,0
electro-mezoued,electro-mezoued,below_min_track_count,1,0,1
electrogrunge,electrogrunge,below_min_track_count,1,0,2
electronic pop,electronic pop,below_min_track_count,1,0,3
electronica ambient experimental,electronica ambient experimental,below_min_track_count,1,0,2
electronica house,electronica house,below_min_track_count,1,0,1
electronica venezuela,electronica venezuela,below_min_track_count,1,1,0
elemperadordelgenero,elemperadordelgenero,below_min_track_count,1,0,2
elequipoganador,elequipoganador,below_min_track_count,1,0,2
emcee,emcee,below_min_track_count,1,0,2
emerging talent diy award,emerging talent diy award,below_min_track_count,1,0,1
emo mexicano,emo mexicano,below_min_track_count,1,1,0
emoplugg,emoplugg,below_min_track_count,1,1,0
en-tact,en-tact,below_min_track_count,1,0,2
english composer,english composer,below_min_track_count,1,0,4
english folk music,english folk music,below_min_track_count,1,0,1
english regadi rockstar,english regadi rockstar,below_min_track_count,1,0,1
entact,entact,below_min_track_count,1,0,2
environmental,environmental,below_min_track_count,1,1,0
er ge,er ge,below_min_track_count,1,1,0
erotica,erotica,below_min_track_count,1,1,0
estonian metal,estonian metal,below_min_track_count,1,1,0
ethiopian,ethiopian,below_min_track_count,1,0,1
ethiopian pop,ethiopian pop,below_min_track_count,1,1,0
ethno jazz,ethno jazz,below_min_track_count,1,0,1
ethnotronica,ethnotronica,below_min_track_count,1,1,0
euro,euro,below_min_track_count,1,0,1
euro dance,euro dance,below_min_track_count,1,0,3
european free jazz,european free jazz,below_min_track_count,1,0,1
european rap,european rap,below_min_track_count,1,0,1
eventyr,eventyr,below_min_track_count,1,1,0
every nation music,every nation music,below_min_track_count,1,0,1
evgeny khmara,evgeny khmara,below_min_track_count,1,0,1
evil,evil,below_min_track_count,1,0,1
exito,exito,below_min_track_count,1,0,16
exotic,exotic,below_min_track_count,1,0,2
experimental classical,experimental classical,below_min_track_count,1,1,0
experimental folk,experimental folk,below_min_track_count,1,1,0
experimental metal,experimental metal,below_min_track_count,1,0,1
extremely long tracks,extremely long tracks,below_min_track_count,1,0,10
fairlight cmi,fairlight cmi,below_min_track_count,1,0,4
faithless,faithless,below_min_track_count,1,0,1
faithlessness,faithlessness,below_min_track_count,1,0,1
family guy,family guy,below_min_track_count,1,0,1
famous,famous,below_min_track_count,1,0,5
fancy gadam,fancy gadam,below_min_track_count,1,0,1
faroe islands,faroe islands,below_min_track_count,1,0,18
female fronted metal,female fronted metal,below_min_track_count,1,0,1
female singer-songwriter,female singer-songwriter,below_min_track_count,1,0,10
fernando & sorocaba,fernando & sorocaba,below_min_track_count,1,0,23
fernando e sorocaba,fernando e sorocaba,below_min_track_count,1,0,23
festejo,festejo,below_min_track_count,1,0,3
fiji,fiji,below_min_track_count,1,0,1
filk,filk,below_min_track_count,1,0,5
film and tv music,film and tv music,below_min_track_count,1,0,2
film composers,film composers,below_min_track_count,1,0,1
film editor,film editor,below_min_track_count,1,0,2
finlandais,finlandais,below_min_track_count,1,0,20
finlande,finlande,below_min_track_count,1,0,20
finlandia,finlandia,below_min_track_count,1,0,55
finnish classical,finnish classical,below_min_track_count,1,1,0
flamenco guitar,flamenco guitar,below_min_track_count,1,1,2
flamenco music,flamenco music,below_min_track_count,1,0,1
flint hip hop,flint hip hop,below_min_track_count,1,1,0
floor jansen,floor jansen,below_min_track_count,1,0,1
flute rock,flute rock,below_min_track_count,1,1,0
fluxwork,fluxwork,below_min_track_count,1,1,0
fok punk,fok punk,below_min_track_count,1,0,2
folclor llanero,folclor llanero,below_min_track_count,1,1,1
folk blues,folk blues,below_min_track_count,1,0,7
folk jazz,folk jazz,below_min_track_count,1,0,1
folk musicians,folk musicians,below_min_track_count,1,0,2
folk-rock music,folk-rock music,below_min_track_count,1,0,2
folklore ecuatoriano,folklore ecuatoriano,below_min_track_count,1,1,0
folktronic,folktronic,below_min_track_count,1,0,1
fontana,fontana,below_min_track_count,1,0,1
foreign agent in russia,foreign agent in russia,below_min_track_count,1,0,1
forro romantico,forro romantico,below_min_track_count,1,0,1
forro universitario,forro universitario,below_min_track_count,1,0,1
fourtwenty,fourtwenty,below_min_track_count,1,0,11
frank,frank,below_min_track_count,1,0,6
free funk,free funk,below_min_track_count,1,0,1
freeform hardcore,freeform hardcore,below_min_track_count,1,1,0
french actor,french actor,below_min_track_count,1,0,1
french artist,french artist,below_min_track_count,1,0,1
french cellist,french cellist,below_min_track_count,1,0,1
french garage rock,french garage rock,below_min_track_count,1,1,0
french opera,french opera,below_min_track_count,1,1,0
french psychedelic,french psychedelic,below_min_track_count,1,1,0
french romanticism,french romanticism,below_min_track_count,1,1,0
french shoegaze,french shoegaze,below_min_track_count,1,1,0
french soundtrack,french soundtrack,below_min_track_count,1,1,0
french string quartet,french string quartet,below_min_track_count,1,0,1
french violinist,french violinist,below_min_track_count,1,0,1
frihetsrock,frihetsrock,below_min_track_count,1,0,1
fussball,fussball,below_min_track_count,1,1,0
future beats,future beats,below_min_track_count,1,0,3
future rnb,future rnb,below_min_track_count,1,0,3
fuzz,fuzz,below_min_track_count,1,0,1
g-funk share,g-funk share,below_min_track_count,1,0,2
g-unit,g-unit,below_min_track_count,1,0,1
g2 music group,g2 music group,below_min_track_count,1,0,2
g33kedout,g33kedout,below_min_track_count,1,0,1
gaian doom,gaian doom,below_min_track_count,1,1,0
galanteelemperador,galanteelemperador,below_min_track_count,1,0,2
galantemicura,galantemicura,below_min_track_count,1,0,2
galantemomentum,galantemomentum,below_min_track_count,1,0,2
game mood,game mood,below_min_track_count,1,1,0
game music,game music,below_min_track_count,1,0,1
garhwali pop,garhwali pop,below_min_track_count,1,1,0
garifuna folk,garifuna folk,below_min_track_count,1,1,0
gay furry,gay furry,below_min_track_count,1,0,4
georgian alternative,georgian alternative,below_min_track_count,1,1,0
georgian conductor,georgian conductor,below_min_track_count,1,0,1
georgian folk,georgian folk,below_min_track_count,1,1,0
georgian hip hop,georgian hip hop,below_min_track_count,1,1,0
georgian polyphony,georgian polyphony,below_min_track_count,1,1,0
georgian rock,georgian rock,below_min_track_count,1,1,0
german boom bap,german boom bap,below_min_track_count,1,1,0
german conductor,german conductor,below_min_track_count,1,0,1
german ebm,german ebm,below_min_track_count,1,1,0
german pianist,german pianist,below_min_track_count,1,0,1
german prog,german prog,below_min_track_count,1,1,0
german tech house,german tech house,below_min_track_count,1,1,0
german translator,german translator,below_min_track_count,1,0,1
german violinist,german violinist,below_min_track_count,1,0,1
germany disc 2,germany disc 2,below_min_track_count,1,0,1
get rich or die tryin,get rich or die tryin,below_min_track_count,1,0,1
ghetto house,ghetto house,below_min_track_count,1,0,1
gig,gig,below_min_track_count,1,0,1
giorgio poi,giorgio poi,below_min_track_count,1,0,1
girls,girls,below_min_track_count,1,0,1
glacial rap,glacial rap,below_min_track_count,1,0,1
glee club,glee club,below_min_track_count,1,1,0
glitch hop edm,glitch hop edm,below_min_track_count,1,0,6
global raw soul,global raw soul,below_min_track_count,1,0,1
go-go,go-go,below_min_track_count,1,1,1
gone forever,gone forever,below_min_track_count,1,0,1
good,good,below_min_track_count,1,0,1
goralski,goralski,below_min_track_count,1,1,0
gospel singers,gospel singers,below_min_track_count,1,1,0
gothabilly,gothabilly,below_min_track_count,1,1,0
gothic-metal,gothic-metal,below_min_track_count,1,0,1
grebo,grebo,below_min_track_count,1,0,2
greece,greece,below_min_track_count,1,0,1
greek contemporary classical,greek contemporary classical,below_min_track_count,1,1,0
greek guitar,greek guitar,below_min_track_count,1,1,0
greenlandic pop,greenlandic pop,below_min_track_count,1,1,0
grenada soca,grenada soca,below_min_track_count,1,1,0
grenoble,grenoble,below_min_track_count,1,0,4
greyhound,greyhound,below_min_track_count,1,0,1
grieg,grieg,below_min_track_count,1,0,1
grime brasileiro,grime brasileiro,below_min_track_count,1,1,0
gros mo,gros mo,below_min_track_count,1,0,3
grungegaze,grungegaze,below_min_track_count,1,1,0
guerilla maab,guerilla maab,below_min_track_count,1,0,1
guilty,guilty,below_min_track_count,1,0,1
guitarist-vocalist,guitarist-vocalist,below_min_track_count,1,0,3
guitarra andina,guitarra andina,below_min_track_count,1,1,0
guyana,guyana,below_min_track_count,1,0,1
guyanese,guyanese,below_min_track_count,1,0,1
guyanese pop,guyanese pop,below_min_track_count,1,1,0
gymcore,gymcore,below_min_track_count,1,1,0
gypsy music,gypsy music,below_min_track_count,1,0,27
gypsy sun,gypsy sun,below_min_track_count,1,0,3
h.e.r,h.e.r,below_min_track_count,1,0,1
h.shajarian 0001,h.shajarian 0001,below_min_track_count,1,0,1
haarlem,haarlem,below_min_track_count,1,0,24
hackercore,hackercore,below_min_track_count,1,0,1
hakkapop,hakkapop,below_min_track_count,1,1,0
hamburg indie,hamburg indie,below_min_track_count,1,1,0
hamburger schule,hamburger schule,below_min_track_count,1,0,1
hard fi,hard fi,below_min_track_count,1,0,1
hardrock,hardrock,below_min_track_count,1,0,1
harper,harper,below_min_track_count,1,0,1
has full bandcamp discography purchase,has full bandcamp discography purchase,below_min_track_count,1,0,1
hawaii,hawaii,below_min_track_count,1,0,1
hawaiian music,hawaiian music,below_min_track_count,1,0,2
haydn: seven last words,haydn: seven last words,below_min_track_count,1,0,1
hazy,hazy,below_min_track_count,1,0,1
he is a singer in england,he is a singer in england,below_min_track_count,1,0,1
heavy gothic rock,heavy gothic rock,below_min_track_count,1,1,0
heavy rock,heavy rock,below_min_track_count,1,0,3
heavy-metal,heavy-metal,below_min_track_count,1,0,3
hel,hel,below_min_track_count,1,1,0
helly luv,helly luv,below_min_track_count,1,0,2
helsinki,helsinki,below_min_track_count,1,0,3
hempton manor,hempton manor,below_min_track_count,1,0,2
hertfordshire,hertfordshire,below_min_track_count,1,0,3
heute hier morgen dort,heute hier morgen dort,below_min_track_count,1,0,1
hide u,hide u,below_min_track_count,1,0,1
hindi film music,hindi film music,below_min_track_count,1,0,3
hindi rapper,hindi rapper,below_min_track_count,1,0,1
hip,hip,below_min_track_count,1,0,1
hip hop artist,hip hop artist,below_min_track_count,1,0,10
hip hop r & b,hip hop r & b,below_min_track_count,1,0,1
hip-hop soul,hip-hop soul,below_min_track_count,1,0,1
hip.hop,hip.hop,below_min_track_count,1,0,5
hobart,hobart,below_min_track_count,1,0,1
hobson,hobson,below_min_track_count,1,0,1
holanda,holanda,below_min_track_count,1,0,1
holiday music,holiday music,below_min_track_count,1,0,6
holland,holland,below_min_track_count,1,0,1
holox,holox,below_min_track_count,1,0,1
homopop,homopop,below_min_track_count,1,0,1
homopunk,homopunk,below_min_track_count,1,0,1
hong kong guitarist,hong kong guitarist,below_min_track_count,1,0,4
hong kong tv drama,hong kong tv drama,below_min_track_count,1,1,0
hop,hop,below_min_track_count,1,0,1
hopeful,hopeful,below_min_track_count,1,0,1
horns,horns,below_min_track_count,1,0,2
hotline miami,hotline miami,below_min_track_count,1,0,1
houston indie,houston indie,below_min_track_count,1,1,0
houston texas,houston texas,below_min_track_count,1,0,1
howard,howard,below_min_track_count,1,0,3
huddie leadbelly ledbetter,huddie leadbelly ledbetter,below_min_track_count,1,0,7
humorous,humorous,below_min_track_count,1,0,6
hungarian punk,hungarian punk,below_min_track_count,1,1,0
i heard love is blind,i heard love is blind,below_min_track_count,1,0,6
i never needed love,i never needed love,below_min_track_count,1,0,1
iban rock band,iban rock band,below_min_track_count,1,0,1
icelandic composer,icelandic composer,below_min_track_count,1,0,1
icelandic jazz,icelandic jazz,below_min_track_count,1,1,0
idaho indie,idaho indie,below_min_track_count,1,1,0
idyllic,idyllic,below_min_track_count,1,0,1
igbo worship,igbo worship,below_min_track_count,1,1,0
il mondo di patty,il mondo di patty,below_min_track_count,1,0,1
ilahiler,ilahiler,below_min_track_count,1,1,0
image,image,below_min_track_count,1,0,1
imdj lsg,imdj lsg,below_min_track_count,1,0,4
immortal,immortal,below_min_track_count,1,0,1
in gorbachev we trust,in gorbachev we trust,below_min_track_count,1,0,2
independent music,independent music,below_min_track_count,1,0,1
indian electronic,indian electronic,below_min_track_count,1,1,0
indian singer,indian singer,below_min_track_count,1,0,1
indian underground rap,indian underground rap,below_min_track_count,1,1,0
indie catracho,indie catracho,below_min_track_count,1,1,0
indie emo,indie emo,below_min_track_count,1,1,0
indie folk italiano,indie folk italiano,below_min_track_count,1,1,0
indie napoletano,indie napoletano,below_min_track_count,1,1,0
indie rock mexicano,indie rock mexicano,below_min_track_count,1,1,0
indie rock peruano,indie rock peruano,below_min_track_count,1,1,0
indie rockism,indie rockism,below_min_track_count,1,1,0
indie-pop,indie-pop,below_min_track_count,1,0,4
indiepop,indiepop,below_min_track_count,1,0,1
indonesian psychedelia,indonesian psychedelia,below_min_track_count,1,1,0
indonesian punk,indonesian punk,below_min_track_count,1,1,0
indonesian trap,indonesian trap,below_min_track_count,1,1,0
indonesian worship,indonesian worship,below_min_track_count,1,1,0
industrial sector 3083,industrial sector 3083,below_min_track_count,1,0,1
indy indie,indy indie,below_min_track_count,1,1,0
initials b.b.,initials b.b.,below_min_track_count,1,0,4
instrumental country,instrumental country,below_min_track_count,1,0,1
instrumental gospel,instrumental gospel,below_min_track_count,1,0,1
instrumental metal,instrumental metal,below_min_track_count,1,0,1
instrumental post-rock,instrumental post-rock,below_min_track_count,1,1,0
instrumental progressive metal,instrumental progressive metal,below_min_track_count,1,1,0
instrumental soul,instrumental soul,below_min_track_count,1,1,0
instrumental surf,instrumental surf,below_min_track_count,1,0,1
instrumental worship,instrumental worship,below_min_track_count,1,1,0
instrumentalist,instrumentalist,below_min_track_count,1,0,1
internet punk,internet punk,below_min_track_count,1,0,1
intimate,intimate,below_min_track_count,1,0,2
iralian indie,iralian indie,below_min_track_count,1,0,7
iran folk music,iran folk music,below_min_track_count,1,0,1
iran national music,iran national music,below_min_track_count,1,0,1
iranian,iranian,below_min_track_count,1,0,3
iranian musicians,iranian musicians,below_min_track_count,1,0,1
iranian singers,iranian singers,below_min_track_count,1,0,1
irish accordion,irish accordion,below_min_track_count,1,1,0
irish banjo,irish banjo,below_min_track_count,1,1,0
irish country,irish country,below_min_track_count,1,1,0
irish music,irish music,below_min_track_count,1,0,1
irish neo-traditional,irish neo-traditional,below_min_track_count,1,1,0
irish rebel song,irish rebel song,below_min_track_count,1,1,0
isizulu,isizulu,below_min_track_count,1,0,6
island reggae,island reggae,below_min_track_count,1,0,1
israeli conductor,israeli conductor,below_min_track_count,1,0,1
israeli jazz,israeli jazz,below_min_track_count,1,1,0
italian classical piano,italian classical piano,below_min_track_count,1,1,0
italian electronica,italian electronica,below_min_track_count,1,1,0
italian folk music,italian folk music,below_min_track_count,1,0,1
italian library music,italian library music,below_min_track_count,1,1,0
italian lounge,italian lounge,below_min_track_count,1,1,0
italian opera,italian opera,below_min_track_count,1,1,0
italian pianist,italian pianist,below_min_track_count,1,0,1
italian punk,italian punk,below_min_track_count,1,1,0
italian romanticism,italian romanticism,below_min_track_count,1,1,0
italian tech house,italian tech house,below_min_track_count,1,1,0
italina,italina,below_min_track_count,1,0,7
italo pop,italo pop,below_min_track_count,1,0,4
iyan vonix,iyan vonix,below_min_track_count,1,0,1
j aime les filles,j aime les filles,below_min_track_count,1,0,1
j-dance,j-dance,below_min_track_count,1,0,1
jahstell,jahstell,below_min_track_count,1,0,1
jalampura,jalampura,below_min_track_count,1,0,1
jam rock,jam rock,below_min_track_count,1,0,7
jamba,jamba,below_min_track_count,1,0,5
jamster,jamster,below_min_track_count,1,0,5
japanese boom bap,japanese boom bap,below_min_track_count,1,1,0
japanese chill rap,japanese chill rap,below_min_track_count,1,1,0
japanese chillhop,japanese chillhop,below_min_track_count,1,1,0
japanese composer,japanese composer,below_min_track_count,1,0,6
japanese contemporary classical,japanese contemporary classical,below_min_track_count,1,1,4
japanese drill,japanese drill,below_min_track_count,1,1,0
japanese heavy metal,japanese heavy metal,below_min_track_count,1,1,0
japanese indie rock,japanese indie rock,below_min_track_count,1,1,0
japanese old school hip hop,japanese old school hip hop,below_min_track_count,1,1,0
japanese piano,japanese piano,below_min_track_count,1,1,0
japanese power metal,japanese power metal,below_min_track_count,1,1,0
japanese screamo,japanese screamo,below_min_track_count,1,1,0
japanese traditional,japanese traditional,below_min_track_count,1,1,0
jasrangi,jasrangi,below_min_track_count,1,0,1
jazz boom bap,jazz boom bap,below_min_track_count,1,1,0
jazz cover,jazz cover,below_min_track_count,1,1,0
jazz drummer,jazz drummer,below_min_track_count,1,0,1
jazz instrument,jazz instrument,below_min_track_count,1,0,1
jazz piano,jazz piano,below_min_track_count,1,1,0
jazz puertorriqueno,jazz puertorriqueno,below_min_track_count,1,1,0
jazz saxophone,jazz saxophone,below_min_track_count,1,1,0
jazz-rap,jazz-rap,below_min_track_count,1,0,21
jazzstep,jazzstep,below_min_track_count,1,0,1
jeffrey cain,jeffrey cain,below_min_track_count,1,0,1
jerk,jerk,below_min_track_count,1,0,1
jersey city,jersey city,below_min_track_count,1,0,1
jesus honcho,jesus honcho,below_min_track_count,1,0,1
jewish,jewish,below_min_track_count,1,0,8
jewish a capella,jewish a capella,below_min_track_count,1,1,0
jimi hendrix,jimi hendrix,below_min_track_count,1,0,3
john peel,john peel,below_min_track_count,1,0,1
johnnie has gone for a solider,johnnie has gone for a solider,below_min_track_count,1,0,1
joni mitchell,joni mitchell,below_min_track_count,1,0,1
jorn lande,jorn lande,below_min_track_count,1,0,2
joshtell,joshtell,below_min_track_count,1,0,1
juke,juke,below_min_track_count,1,0,1
junkanoo,junkanoo,below_min_track_count,1,0,1
juno,juno,below_min_track_count,1,0,1
jupiter,jupiter,below_min_track_count,1,0,1
just another fish,just another fish,below_min_track_count,1,0,1
justin beiber,justin beiber,below_min_track_count,1,0,1
k.flay,k.flay,below_min_track_count,1,0,1
kabyle moderne,kabyle moderne,below_min_track_count,1,1,0
kalli,kalli,below_min_track_count,1,0,2
kalmar indie,kalmar indie,below_min_track_count,1,1,0
kaneka,kaneka,below_min_track_count,1,1,0
kanpur,kanpur,below_min_track_count,1,0,4
karamj,karamj,below_min_track_count,1,0,2
karaoke,karaoke,below_min_track_count,1,1,0
kasoor,kasoor,below_min_track_count,1,0,2
kazuo,kazuo,below_min_track_count,1,0,1
kazuotv,kazuotv,below_min_track_count,1,0,1
kelowna bc indie,kelowna bc indie,below_min_track_count,1,1,0
kentell,kentell,below_min_track_count,1,0,1
kentpatterson,kentpatterson,below_min_track_count,1,0,1
kenya,kenya,below_min_track_count,1,0,1
kenyan alternative,kenyan alternative,below_min_track_count,1,1,0
kenyan drill,kenyan drill,below_min_track_count,1,1,0
kenyan r & b,kenyan r & b,below_min_track_count,1,1,0
kevin werdelmann,kevin werdelmann,below_min_track_count,1,0,1
khaled,khaled,below_min_track_count,1,0,1
khayals,khayals,below_min_track_count,1,0,1
kidbougie,kidbougie,below_min_track_count,1,0,1
kidnapper,kidnapper,below_min_track_count,1,0,1
killer mike,killer mike,below_min_track_count,1,0,1
kinder rock,kinder rock,below_min_track_count,1,0,1
kindie rock,kindie rock,below_min_track_count,1,1,0
kirtan,kirtan,below_min_track_count,1,1,0
kiwi,kiwi,below_min_track_count,1,0,3
klamauk,klamauk,below_min_track_count,1,0,1
klassik frescobar,klassik frescobar,below_min_track_count,1,0,1
kodomo no ongaku,kodomo no ongaku,below_min_track_count,1,1,0
kokopelli,kokopelli,below_min_track_count,1,0,1
kolo,kolo,below_min_track_count,1,1,0
konsrock,konsrock,below_min_track_count,1,1,0
korean indie,korean indie,below_min_track_count,1,0,6
korean metal,korean metal,below_min_track_count,1,1,0
korean soundtrack,korean soundtrack,below_min_track_count,1,1,0
kosheen,kosheen,below_min_track_count,1,0,1
koteosa kei,koteosa kei,below_min_track_count,1,0,1
koto,koto,below_min_track_count,1,1,0
kt tunstall,kt tunstall,below_min_track_count,1,0,1
kul,kul,below_min_track_count,1,0,1
kumaoni pop,kumaoni pop,below_min_track_count,1,1,0
kurdish,kurdish,below_min_track_count,1,0,2
kurdish music,kurdish music,below_min_track_count,1,0,5
kurdistan,kurdistan,below_min_track_count,1,0,2
kurofuku kei,kurofuku kei,below_min_track_count,1,0,1
kuru,kuru,below_min_track_count,1,0,1
kwassa kwassa,kwassa kwassa,below_min_track_count,1,0,1
lagu sunda,lagu sunda,below_min_track_count,1,1,0
lain,lain,below_min_track_count,1,0,1
lapland metal,lapland metal,below_min_track_count,1,1,0
las mejores canciones del mundo vol 2,las mejores canciones del mundo vol 2,below_min_track_count,1,0,6
lata,lata,below_min_track_count,1,1,0
late romantic era,late romantic era,below_min_track_count,1,1,0
latin christian christmas,latin christian christmas,below_min_track_count,1,0,1
latin country,latin country,below_min_track_count,1,1,1
latin ska,latin ska,below_min_track_count,1,1,0
latin soul,latin soul,below_min_track_count,1,0,5
latin tech,latin tech,below_min_track_count,1,0,1
latinx alternative,latinx alternative,below_min_track_count,1,1,0
lds instrumental,lds instrumental,below_min_track_count,1,1,0
le tigre,le tigre,below_min_track_count,1,0,1
lead dancer,lead dancer,below_min_track_count,1,0,1
leeds indie,leeds indie,below_min_track_count,1,1,0
left-field house,left-field house,below_min_track_count,1,0,1
leipzig,leipzig,below_min_track_count,1,0,1
leipzig indie,leipzig indie,below_min_track_count,1,1,0
lester,lester,below_min_track_count,1,0,1
let it go,let it go,below_min_track_count,1,0,1
lil noodle,lil noodle,below_min_track_count,1,0,1
linndrum,linndrum,below_min_track_count,1,0,1
listen on homepage while adding releases,listen on homepage while adding releases,below_min_track_count,1,0,10
lithuanian funk,lithuanian funk,below_min_track_count,1,0,5
little rock indie,little rock indie,below_min_track_count,1,1,0
lo star,lo star,below_min_track_count,1,1,0
lo-fi cover,lo-fi cover,below_min_track_count,1,1,0
lo-fi jazzhop,lo-fi jazzhop,below_min_track_count,1,1,0
lo-fi pop,lo-fi pop,below_min_track_count,1,0,1
lo-fi study,lo-fi study,below_min_track_count,1,1,0
lodovica comello,lodovica comello,below_min_track_count,1,0,1
long songs,long songs,below_min_track_count,1,0,1
look at us,look at us,below_min_track_count,1,0,8
loops,loops,below_min_track_count,1,0,1
lord of the rings,lord of the rings,below_min_track_count,1,0,3
loucifer,loucifer,below_min_track_count,1,0,1
loud kei,loud kei,below_min_track_count,1,0,1
louder,louder,below_min_track_count,1,0,1
louie garafolo,louie garafolo,below_min_track_count,1,0,1
louieallthetime,louieallthetime,below_min_track_count,1,0,1
louis garafolo,louis garafolo,below_min_track_count,1,0,1
louisville indie,louisville indie,below_min_track_count,1,1,0
louvor icm,louvor icm,below_min_track_count,1,1,0
lowercase,lowercase,below_min_track_count,1,0,2
lucky daye,lucky daye,below_min_track_count,1,0,1
luxembourgian hip hop,luxembourgian hip hop,below_min_track_count,1,1,0
lyrics,lyrics,below_min_track_count,1,0,1
m7md mood,m7md mood,below_min_track_count,1,0,1
maa chehar,maa chehar,below_min_track_count,1,0,1
macedonian indie,macedonian indie,below_min_track_count,1,1,0
mafia,mafia,below_min_track_count,1,0,10
maga rap,maga rap,below_min_track_count,1,1,0
magyar mulatos,magyar mulatos,below_min_track_count,1,1,0
magyar musicalek,magyar musicalek,below_min_track_count,1,1,0
mahler,mahler,below_min_track_count,1,0,2
maimouna,maimouna,below_min_track_count,1,1,0
main chereographer,main chereographer,below_min_track_count,1,0,1
main vocal,main vocal,below_min_track_count,1,0,1
mainstage,mainstage,below_min_track_count,1,0,1
mainstream,mainstream,below_min_track_count,1,0,10
malayalam madh,malayalam madh,below_min_track_count,1,1,0
malaysia rock band,malaysia rock band,below_min_track_count,1,0,1
malaysian tamil pop,malaysian tamil pop,below_min_track_count,1,1,0
malian blues,malian blues,below_min_track_count,1,1,0
malka,malka,below_min_track_count,1,0,1
mangan,mangan,below_min_track_count,1,0,1
manhattan original mix,manhattan original mix,below_min_track_count,1,0,2
manitoba country,manitoba country,below_min_track_count,1,1,0
mans orchestra,mans orchestra,below_min_track_count,1,1,0
mantra,mantra,below_min_track_count,1,1,0
many albums,many albums,below_min_track_count,1,0,1
many men,many men,below_min_track_count,1,0,1
marek janowski,marek janowski,below_min_track_count,1,0,2
marijuana,marijuana,below_min_track_count,1,0,2
massive attack,massive attack,below_min_track_count,1,0,1
mastering engineer,mastering engineer,below_min_track_count,1,0,2
masterpiece,masterpiece,below_min_track_count,1,0,1
matt and kim,matt and kim,below_min_track_count,1,0,1
media music,media music,below_min_track_count,1,0,2
mega funk,mega funk,below_min_track_count,1,1,0
melancholic metal,melancholic metal,below_min_track_count,1,0,1
mellow,mellow,below_min_track_count,1,0,1
merindang ke bintang,merindang ke bintang,below_min_track_count,1,0,1
messianic praise,messianic praise,below_min_track_count,1,1,0
mestissatge,mestissatge,below_min_track_count,1,1,0
metal colombiano,metal colombiano,below_min_track_count,1,1,0
metal cover,metal cover,below_min_track_count,1,1,0
metal mineiro,metal mineiro,below_min_track_count,1,1,0
metalcholic,metalcholic,below_min_track_count,1,0,1
mewati gharana,mewati gharana,below_min_track_count,1,0,1
mexican pop punk,mexican pop punk,below_min_track_count,1,1,0
mexican rock-and-roll,mexican rock-and-roll,below_min_track_count,1,1,0
mezcal,mezcal,below_min_track_count,1,0,1
miami,miami,below_min_track_count,1,0,1
miami beach,miami beach,below_min_track_count,1,0,1
miami vice,miami vice,below_min_track_count,1,0,1
michie one,michie one,below_min_track_count,1,0,1
micromontage,micromontage,below_min_track_count,1,0,2
microsound,microsound,below_min_track_count,1,0,13
middle eastern,middle eastern,below_min_track_count,1,0,1
middle eastern traditions,middle eastern traditions,below_min_track_count,1,0,1
midwest,midwest,below_min_track_count,1,0,2
midwestern hip hop,midwestern hip hop,below_min_track_count,1,0,1
midwestern hip-hop,midwestern hip-hop,below_min_track_count,1,0,2
mierda,mierda,below_min_track_count,1,0,8
milan,milan,below_min_track_count,1,0,2
militant satanism,militant satanism,below_min_track_count,1,0,7
military rap,military rap,below_min_track_count,1,1,0
millennium,millennium,below_min_track_count,1,0,1
mindscraper,mindscraper,below_min_track_count,1,0,1
mine,mine,below_min_track_count,1,0,1
miniaturk,miniaturk,below_min_track_count,1,0,1
minimal experimental house electro,minimal experimental house electro,below_min_track_count,1,0,2
minimal tech,minimal tech,below_min_track_count,1,0,1
mittelalter,mittelalter,below_min_track_count,1,0,2
mittelalter rock,mittelalter rock,below_min_track_count,1,0,1
moby,moby,below_min_track_count,1,0,1
mod revival,mod revival,below_min_track_count,1,1,3
modal music,modal music,below_min_track_count,1,0,1
model,model,below_min_track_count,1,0,6
modern cello,modern cello,below_min_track_count,1,1,0
modern dancehall,modern dancehall,below_min_track_count,1,0,1
modern downshift,modern downshift,below_min_track_count,1,1,0
modern funk,modern funk,below_min_track_count,1,1,0
modern jazz,modern jazz,below_min_track_count,1,0,1
modern southern rock,modern southern rock,below_min_track_count,1,1,0
mohamed mood,mohamed mood,below_min_track_count,1,0,1
mohit choudhary,mohit choudhary,below_min_track_count,1,0,2
moksha,moksha,below_min_track_count,1,0,2
moksha recordings,moksha recordings,below_min_track_count,1,0,2
moloko,moloko,below_min_track_count,1,0,1
money tree,money tree,below_min_track_count,1,0,1
montag,montag,below_min_track_count,1,0,1
montreal,montreal,below_min_track_count,1,0,21
moody blues,moody blues,below_min_track_count,1,0,1
moog,moog,below_min_track_count,1,0,1
moroccan rock,moroccan rock,below_min_track_count,1,1,0
mossel,mossel,below_min_track_count,1,0,1
mossel ft. niyola,mossel ft. niyola,below_min_track_count,1,0,1
mossel x niyola,mossel x niyola,below_min_track_count,1,0,1
motion,motion,below_min_track_count,1,0,1
motion picture actors and actresses,motion picture actors and actresses,below_min_track_count,1,0,1
motion picture music,motion picture music,below_min_track_count,1,0,1
move any mountain,move any mountain,below_min_track_count,1,0,2
mr. marley & zacky man,mr. marley & zacky man,below_min_track_count,1,0,4
mrc,mrc,below_min_track_count,1,0,2
multimedia,multimedia,below_min_track_count,1,0,1
multiple vgmdb profiles,multiple vgmdb profiles,below_min_track_count,1,0,15
munich electronic,munich electronic,below_min_track_count,1,1,0
music hall,music hall,below_min_track_count,1,1,5
music of latin america,music of latin america,below_min_track_count,1,0,1
music trade,music trade,below_min_track_count,1,0,2
musica campechana,musica campechana,below_min_track_count,1,1,0
musica de fondo,musica de fondo,below_min_track_count,1,1,0
musica etnica,musica etnica,below_min_track_count,1,1,0
musica gaucha,musica gaucha,below_min_track_count,1,1,0
musica goiana,musica goiana,below_min_track_count,1,1,0
musica infantil,musica infantil,below_min_track_count,1,1,0
musica jibara,musica jibara,below_min_track_count,1,1,0
musica juiz-forana,musica juiz-forana,below_min_track_count,1,1,0
musica llanera,musica llanera,below_min_track_count,1,1,0
musica mocambicana,musica mocambicana,below_min_track_count,1,1,0
musica oaxaquena,musica oaxaquena,below_min_track_count,1,1,0
musica paraibana,musica paraibana,below_min_track_count,1,1,0
musica per bambini,musica per bambini,below_min_track_count,1,1,0
musica pitiusa,musica pitiusa,below_min_track_count,1,1,0
musica sarda,musica sarda,below_min_track_count,1,0,1
musica tabasquena,musica tabasquena,below_min_track_count,1,1,0
musica triste brasileira,musica triste brasileira,below_min_track_count,1,1,0
musical artist,musical artist,below_min_track_count,1,0,2
musical parody,musical parody,below_min_track_count,1,0,3
musicologist,musicologist,below_min_track_count,1,0,1
musiikkia lapista,musiikkia lapista,below_min_track_count,1,1,0
musikkorps,musikkorps,below_min_track_count,1,1,0
musique acadienne,musique acadienne,below_min_track_count,1,1,0
musique comorienne,musique comorienne,below_min_track_count,1,1,0
musique mariage algerien,musique mariage algerien,below_min_track_count,1,1,0
musiques du monde,musiques du monde,below_min_track_count,1,0,1
muslim,muslim,below_min_track_count,1,0,3
muzica copii,muzica copii,below_min_track_count,1,1,0
muzica romaneasca,muzica romaneasca,below_min_track_count,1,0,10
my favolite,my favolite,below_min_track_count,1,0,1
mythology,mythology,below_min_track_count,1,0,1
naayi koomi,naayi koomi,below_min_track_count,1,0,1
naim edge,naim edge,below_min_track_count,1,0,1
napoleon da legend,napoleon da legend,below_min_track_count,1,0,1
napoleondalegend,napoleondalegend,below_min_track_count,1,0,1
narodna muzika,narodna muzika,below_min_track_count,1,1,0
narrator of audiobooks,narrator of audiobooks,below_min_track_count,1,0,1
nasime vasl,nasime vasl,below_min_track_count,1,0,1
native american contemporary,native american contemporary,below_min_track_count,1,1,0
native american hip hop,native american hip hop,below_min_track_count,1,1,0
native american traditional,native american traditional,below_min_track_count,1,1,0
nature recordings,nature recordings,below_min_track_count,1,0,2
navidad,navidad,below_min_track_count,1,0,8
nawuni yiko,nawuni yiko,below_min_track_count,1,0,1
nazi rockers fuck off,nazi rockers fuck off,below_min_track_count,1,0,1
nd and eband,nd and eband,below_min_track_count,1,0,1
ndandeband,ndandeband,below_min_track_count,1,0,1
ndl,ndl,below_min_track_count,1,0,1
neapolitan funk,neapolitan funk,below_min_track_count,1,1,0
necrotrap,necrotrap,below_min_track_count,1,1,0
neo-classical metal,neo-classical metal,below_min_track_count,1,0,4
neo-disco,neo-disco,below_min_track_count,1,0,2
neo-manele,neo-manele,below_min_track_count,1,1,0
neo-trance,neo-trance,below_min_track_count,1,0,2
neoclassical dark wave,neoclassical dark wave,below_min_track_count,1,0,2
neoclassicism,neoclassicism,below_min_track_count,1,0,1
neon pop,neon pop,below_min_track_count,1,0,2
neosoul,neosoul,below_min_track_count,1,0,1
neotango,neotango,below_min_track_count,1,0,1
nepalese acoustic rock,nepalese acoustic rock,below_min_track_count,1,0,1
nervous breakdown,nervous breakdown,below_min_track_count,1,0,2
never been to spain,never been to spain,below_min_track_count,1,0,1
new beat fund,new beat fund,below_min_track_count,1,0,1
new brunswick indie,new brunswick indie,below_min_track_count,1,1,0
new comedy,new comedy,below_min_track_count,1,1,0
new england americana,new england americana,below_min_track_count,1,1,0
new flamenco,new flamenco,below_min_track_count,1,0,15
new italo disco,new italo disco,below_min_track_count,1,1,0
new jack smooth,new jack smooth,below_min_track_count,1,1,0
new jersey indie,new jersey indie,below_min_track_count,1,1,0
new nostalgia,new nostalgia,below_min_track_count,1,0,2
new orleans blues,new orleans blues,below_min_track_count,1,0,12
new orleans funk,new orleans funk,below_min_track_count,1,1,0
new pop,new pop,below_min_track_count,1,0,1
new wave of screamo,new wave of screamo,below_min_track_count,1,1,0
new york city,new york city,below_min_track_count,1,0,1
newcastle nsw indie,newcastle nsw indie,below_min_track_count,1,1,0
neyo,neyo,below_min_track_count,1,0,1
nguyen nhut minh,nguyen nhut minh,below_min_track_count,1,0,1
nickelodeon,nickelodeon,below_min_track_count,1,0,2
nightrun,nightrun,below_min_track_count,1,1,0
ninjas,ninjas,below_min_track_count,1,0,6
nintendo,nintendo,below_min_track_count,1,0,1
nizhniy tagil,nizhniy tagil,below_min_track_count,1,0,1
nnm,nnm,below_min_track_count,1,0,1
noodletherapper,noodletherapper,below_min_track_count,1,0,1
north americana,north americana,below_min_track_count,1,0,3
north carolina emo,north carolina emo,below_min_track_count,1,1,0
north dakota,north dakota,below_min_track_count,1,0,5
noruega,noruega,below_min_track_count,1,0,2
norwegian black metal,norwegian black metal,below_min_track_count,1,1,0
norwegian composer,norwegian composer,below_min_track_count,1,0,3
norwegian conductor,norwegian conductor,below_min_track_count,1,0,1
norwegian contemporary jazz,norwegian contemporary jazz,below_min_track_count,1,1,0
norwegian gospel,norwegian gospel,below_min_track_count,1,1,0
norwegian metal,norwegian metal,below_min_track_count,1,1,0
norwegian pianist,norwegian pianist,below_min_track_count,1,0,2
norwegian poet,norwegian poet,below_min_track_count,1,0,1
norwegian space disco,norwegian space disco,below_min_track_count,1,1,0
nostalgia,nostalgia,below_min_track_count,1,0,2
nothing personal,nothing personal,below_min_track_count,1,0,1
nottingham,nottingham,below_min_track_count,1,0,1
ns ha noi,ns ha noi,below_min_track_count,1,0,23
ns metal,ns metal,below_min_track_count,1,0,1
nu gaze,nu gaze,below_min_track_count,1,0,1
nu-gaze,nu-gaze,below_min_track_count,1,0,1
nueva ola chilena,nueva ola chilena,below_min_track_count,1,1,0
nuevo,nuevo,below_min_track_count,1,0,8
nuevo folklore argentino,nuevo folklore argentino,below_min_track_count,1,1,0
nuevo folklore mexicano,nuevo folklore mexicano,below_min_track_count,1,1,0
nuevo tango,nuevo tango,below_min_track_count,1,0,3
nyu myujikku,nyu myujikku,below_min_track_count,1,0,8
nz folk,nz folk,below_min_track_count,1,1,0
nz gangsta rap,nz gangsta rap,below_min_track_count,1,1,0
oakland,oakland,below_min_track_count,1,0,2
oakland indie,oakland indie,below_min_track_count,1,1,0
oberheim,oberheim,below_min_track_count,1,0,1
oberkrainer,oberkrainer,below_min_track_count,1,0,1
oc rap,oc rap,below_min_track_count,1,1,0
occult,occult,below_min_track_count,1,0,6
oceania soundtrack,oceania soundtrack,below_min_track_count,1,1,0
ock,ock,below_min_track_count,1,0,10
oeteldonk,oeteldonk,below_min_track_count,1,1,0
okc indie,okc indie,below_min_track_count,1,1,0
oklahoma,oklahoma,below_min_track_count,1,0,9
old school ebm,old school ebm,below_min_track_count,1,1,0
old school rap,old school rap,below_min_track_count,1,0,12
old school romance,old school romance,below_min_track_count,1,0,1
old-school rave,old-school rave,below_min_track_count,1,0,1
one little indian,one little indian,below_min_track_count,1,0,2
one love family,one love family,below_min_track_count,1,0,4
one step away,one step away,below_min_track_count,1,0,1
onitpr,onitpr,below_min_track_count,1,0,2
operatic,operatic,below_min_track_count,1,0,1
operatic metal,operatic metal,below_min_track_count,1,0,19
orchestral metal,orchestral metal,below_min_track_count,1,0,1
organic ambient,organic ambient,below_min_track_count,1,0,1
orgcore,orgcore,below_min_track_count,1,1,0
oriental metal,oriental metal,below_min_track_count,1,1,0
orquesta tropical,orquesta tropical,below_min_track_count,1,1,0
orthodox chant,orthodox chant,below_min_track_count,1,1,0
orthodox jewish,orthodox jewish,below_min_track_count,1,0,2
orthodox pop,orthodox pop,below_min_track_count,1,0,4
oscar,oscar,below_min_track_count,1,0,1
otras canciones,otras canciones,below_min_track_count,1,0,3
pachanga,pachanga,below_min_track_count,1,0,15
pagode gospel,pagode gospel,below_min_track_count,1,1,1
pain,pain,below_min_track_count,1,0,1
painter,painter,below_min_track_count,1,0,4
paisley underground,paisley underground,below_min_track_count,1,1,2
pama international,pama international,below_min_track_count,1,0,1
panamanian electronic,panamanian electronic,below_min_track_count,1,0,1
panjabi,panjabi,below_min_track_count,1,0,1
parisian,parisian,below_min_track_count,1,0,1
parranda,parranda,below_min_track_count,1,0,8
partiendome el alma,partiendome el alma,below_min_track_count,1,0,2
pas fini,pas fini,below_min_track_count,1,0,3
paul mccartney,paul mccartney,below_min_track_count,1,0,1
paul schroeder,paul schroeder,below_min_track_count,1,0,1
paul-simon,paul-simon,below_min_track_count,1,0,3
penis music,penis music,below_min_track_count,1,0,1
percussion,percussion,below_min_track_count,1,0,2
pernambuco,pernambuco,below_min_track_count,1,0,1
persian alternative,persian alternative,below_min_track_count,1,0,1
persian hip hop,persian hip hop,below_min_track_count,1,1,0
persian neo-traditional,persian neo-traditional,below_min_track_count,1,1,0
persian sad rap,persian sad rap,below_min_track_count,1,1,0
persian traditional music,persian traditional music,below_min_track_count,1,0,1
pet calming,pet calming,below_min_track_count,1,1,0
pharaohgamo,pharaohgamo,below_min_track_count,1,0,1
philharmonic orchestra,philharmonic orchestra,below_min_track_count,1,0,1
philly drill,philly drill,below_min_track_count,1,1,0
phoenix indie,phoenix indie,below_min_track_count,1,1,0
phone skit,phone skit,below_min_track_count,1,0,4
phonk house,phonk house,below_min_track_count,1,0,3
phorever people,phorever people,below_min_track_count,1,0,2
phorward,phorward,below_min_track_count,1,0,2
photo,photo,below_min_track_count,1,0,1
photographe,photographe,below_min_track_count,1,0,1
photographer,photographer,below_min_track_count,1,0,1
phychodelic,phychodelic,below_min_track_count,1,0,1
physicist,physicist,below_min_track_count,1,0,1
pianissimo,pianissimo,below_min_track_count,1,1,0
piano house,piano house,below_min_track_count,1,1,0
piano music,piano music,below_min_track_count,1,0,1
pimp,pimp,below_min_track_count,1,0,1
pink noise,pink noise,below_min_track_count,1,1,0
pinoy edm,pinoy edm,below_min_track_count,1,1,0
pittsburgh indie,pittsburgh indie,below_min_track_count,1,1,0
pittsburgh rock,pittsburgh rock,below_min_track_count,1,1,0
plan b recordings,plan b recordings,below_min_track_count,1,0,1
plastician,plastician,below_min_track_count,1,0,1
pleasure and pain,pleasure and pain,below_min_track_count,1,0,1
plena,plena,below_min_track_count,1,0,1
png pop,png pop,below_min_track_count,1,1,0
polca criolla,polca criolla,below_min_track_count,1,0,5
polish blues,polish blues,below_min_track_count,1,1,0
polish folk,polish folk,below_min_track_count,1,1,0
polish punk,polish punk,below_min_track_count,1,1,0
pop and r & b,pop and r & b,below_min_track_count,1,0,10
pop kreatif,pop kreatif,below_min_track_count,1,1,1
pop male singer-songwriter,pop male singer-songwriter,below_min_track_count,1,0,1
pop montreal,pop montreal,below_min_track_count,1,0,19
pop rai,pop rai,below_min_track_count,1,0,1
pop-funk,pop-funk,below_min_track_count,1,0,6
pops orchestra,pops orchestra,below_min_track_count,1,1,0
popullore,popullore,below_min_track_count,1,0,1
popwave,popwave,below_min_track_count,1,0,1
portuguese reggae dancehall,portuguese reggae dancehall,below_min_track_count,1,0,4
post industrial,post industrial,below_min_track_count,1,0,1
post-cock,post-cock,below_min_track_count,1,0,1
post-core,post-core,below_min_track_count,1,0,1
post-doom metal,post-doom metal,below_min_track_count,1,1,0
post-internet,post-internet,below_min_track_count,1,0,1
povero ammore,povero ammore,below_min_track_count,1,0,1
poviglio,poviglio,below_min_track_count,1,0,1
power rock,power rock,below_min_track_count,1,0,4
power-metal,power-metal,below_min_track_count,1,0,19
powerpop,powerpop,below_min_track_count,1,0,4
powwow,powwow,below_min_track_count,1,1,0
preck,preck,below_min_track_count,1,0,1
preckey,preckey,below_min_track_count,1,0,1
pro-gen,pro-gen,below_min_track_count,1,0,2
pro>gen,pro>gen,below_min_track_count,1,0,2
processes,processes,below_min_track_count,1,0,1
produce camp 2020,produce camp 2020,below_min_track_count,1,0,1
prog,prog,below_min_track_count,1,0,2
prog metal,prog metal,below_min_track_count,1,1,0
progen,progen,below_min_track_count,1,0,2
progressive hip-hop,progressive hip-hop,below_min_track_count,1,0,21
progressive jazz,progressive jazz,below_min_track_count,1,0,2
progressive melodic death metal,progressive melodic death metal,below_min_track_count,1,0,2
progressive power metal,progressive power metal,below_min_track_count,1,0,1
progressive psytrance,progressive psytrance,below_min_track_count,1,1,11
progressive rock. progressive metal,progressive rock. progressive metal,below_min_track_count,1,0,11
progressive uplifting trance,progressive uplifting trance,below_min_track_count,1,1,0
promo,promo,below_min_track_count,1,0,1
proto-grunge,proto-grunge,below_min_track_count,1,0,1
psych,psych,below_min_track_count,1,0,3
psych rock,psych rock,below_min_track_count,1,0,1
psychadelic,psychadelic,below_min_track_count,1,0,3
psychedelia (musical genre,psychedelia (musical genre,below_min_track_count,1,0,2
psycore,psycore,below_min_track_count,1,0,1
puerto rican indie,puerto rican indie,below_min_track_count,1,1,0
punk rock mexicano,punk rock mexicano,below_min_track_count,1,1,0
punkabilly,punkabilly,below_min_track_count,1,0,3
pyschedelic,pyschedelic,below_min_track_count,1,0,2
que assim seja,que assim seja,below_min_track_count,1,0,4
quebec hardcore,quebec hardcore,below_min_track_count,1,1,0
r kelly,r kelly,below_min_track_count,1,0,1
rabm,rabm,below_min_track_count,1,0,1
raboday,raboday,below_min_track_count,1,1,0
ragga hip-hop,ragga hip-hop,below_min_track_count,1,0,1
rain,rain,below_min_track_count,1,1,0
rak-su,rak-su,below_min_track_count,1,0,3
ranchero,ranchero,below_min_track_count,1,0,1
rap anime,rap anime,below_min_track_count,1,1,0
rap artist,rap artist,below_min_track_count,1,0,10
rap guineen,rap guineen,below_min_track_count,1,1,0
rap kreyol,rap kreyol,below_min_track_count,1,1,0
rap norteno chileno,rap norteno chileno,below_min_track_count,1,1,0
rap queb,rap queb,below_min_track_count,1,0,3
rap regio,rap regio,below_min_track_count,1,1,0
rap romantico,rap romantico,below_min_track_count,1,1,0
rap salvadoreno,rap salvadoreno,below_min_track_count,1,1,0
rapper dr bill,rapper dr bill,below_min_track_count,1,0,1
rare groove,rare groove,below_min_track_count,1,1,0
rashid,rashid,below_min_track_count,1,0,4
rasin,rasin,below_min_track_count,1,1,0
ray parker jr,ray parker jr,below_min_track_count,1,0,1
reading and leeds 2010,reading and leeds 2010,below_min_track_count,1,0,1
reason,reason,below_min_track_count,1,0,3
record producer stevieknocks,record producer stevieknocks,below_min_track_count,1,0,2
recording artist,recording artist,below_min_track_count,1,0,1
red disco,red disco,below_min_track_count,1,0,1
reflective,reflective,below_min_track_count,1,0,1
regadi,regadi,below_min_track_count,1,0,1
regadi rockstar,regadi rockstar,below_min_track_count,1,0,1
reggae cover,reggae cover,below_min_track_count,1,1,0
reggaeton cristiano,reggaeton cristiano,below_min_track_count,1,1,0
religious music,religious music,below_min_track_count,1,0,1
remix brasileiro,remix brasileiro,below_min_track_count,1,1,0
remy zero,remy zero,below_min_track_count,1,0,1
repetitive,repetitive,below_min_track_count,1,0,2
rephlex,rephlex,below_min_track_count,1,0,1
resist,resist,below_min_track_count,1,0,1
retro new wave,retro new wave,below_min_track_count,1,0,1
reunion pop,reunion pop,below_min_track_count,1,1,0
rhys fulber,rhys fulber,below_min_track_count,1,0,3
rhythm,rhythm,below_min_track_count,1,0,3
richard west,richard west,below_min_track_count,1,0,2
rico rodriguez,rico rodriguez,below_min_track_count,1,0,1
risk it all,risk it all,below_min_track_count,1,0,2
rock against communism,rock against communism,below_min_track_count,1,0,1
rock baiano,rock baiano,below_min_track_count,1,1,0
rock band,rock band,below_min_track_count,1,0,4
rock curitibano,rock curitibano,below_min_track_count,1,1,0
rock goiano,rock goiano,below_min_track_count,1,1,0
rock gospel brasileiro,rock gospel brasileiro,below_min_track_count,1,1,0
rock keyboard,rock keyboard,below_min_track_count,1,1,0
rock potiguar,rock potiguar,below_min_track_count,1,1,0
rock prog,rock prog,below_min_track_count,1,0,1
rockland county,rockland county,below_min_track_count,1,0,1
rockstar,rockstar,below_min_track_count,1,0,2
roger shah,roger shah,below_min_track_count,1,0,1
roland,roland,below_min_track_count,1,0,1
roma,roma,below_min_track_count,1,0,5
romance,romance,below_min_track_count,1,0,3
romaneasca,romaneasca,below_min_track_count,1,0,10
romani,romani,below_min_track_count,1,0,4
romanian artist,romanian artist,below_min_track_count,1,0,10
romanian hip hop,romanian hip hop,below_min_track_count,1,0,10
romanian metal,romanian metal,below_min_track_count,1,1,0
romanian punk,romanian punk,below_min_track_count,1,1,0
romantico,romantico,below_min_track_count,1,1,0
roots manuva,roots manuva,below_min_track_count,1,0,1
rory gallagher,rory gallagher,below_min_track_count,1,0,3
rostock,rostock,below_min_track_count,1,0,1
royksopp,royksopp,below_min_track_count,1,0,1
ru,ru,below_min_track_count,1,0,1
rumeli turkuleri,rumeli turkuleri,below_min_track_count,1,1,0
runic script,runic script,below_min_track_count,1,0,18
russian ccm,russian ccm,below_min_track_count,1,1,0
russian chanson,russian chanson,below_min_track_count,1,0,3
russian conductor,russian conductor,below_min_track_count,1,0,1
russian emo,russian emo,below_min_track_count,1,1,0
russian nu metal,russian nu metal,below_min_track_count,1,1,0
russian pianist,russian pianist,below_min_track_count,1,0,1
russian trance,russian trance,below_min_track_count,1,1,0
russian violinist,russian violinist,below_min_track_count,1,0,1
rwandan gospel,rwandan gospel,below_min_track_count,1,1,1
rythmic,rythmic,below_min_track_count,1,0,6
ryukyu ongaku,ryukyu ongaku,below_min_track_count,1,1,0
sabina,sabina,below_min_track_count,1,0,1
sacramento hip hop,sacramento hip hop,below_min_track_count,1,1,0
sacramento indie,sacramento indie,below_min_track_count,1,1,0
sacred music,sacred music,below_min_track_count,1,0,1
sacred steel,sacred steel,below_min_track_count,1,1,0
sad pop,sad pop,below_min_track_count,1,0,4
saharan rock,saharan rock,below_min_track_count,1,0,1
salsa cubana,salsa cubana,below_min_track_count,1,1,2
samba moderno,samba moderno,below_min_track_count,1,1,0
samba rock,samba rock,below_min_track_count,1,0,7
samba soul,samba soul,below_min_track_count,1,0,5
samba-reggae,samba-reggae,below_min_track_count,1,0,16
samoan pop,samoan pop,below_min_track_count,1,1,0
sampledelia,sampledelia,below_min_track_count,1,0,4
sampling,sampling,below_min_track_count,1,0,2
samurai trap,samurai trap,below_min_track_count,1,1,0
san diego,san diego,below_min_track_count,1,0,1
san sebastian,san sebastian,below_min_track_count,1,0,1
sanremo 2017,sanremo 2017,below_min_track_count,1,0,1
santur,santur,below_min_track_count,1,1,0
sarawak band,sarawak band,below_min_track_count,1,0,1
sarcastic,sarcastic,below_min_track_count,1,0,17
satanic,satanic,below_min_track_count,1,0,3
saxophone house,saxophone house,below_min_track_count,1,1,0
say,say,below_min_track_count,1,0,1
scanian,scanian,below_min_track_count,1,0,3
scarlet pleasure,scarlet pleasure,below_min_track_count,1,0,24
schopfung,schopfung,below_min_track_count,1,0,1
schranz,schranz,below_min_track_count,1,0,1
sciubba,sciubba,below_min_track_count,1,0,1
scottish electronic,scottish electronic,below_min_track_count,1,1,0
scottish hip hop,scottish hip hop,below_min_track_count,1,1,0
scottish techno,scottish techno,below_min_track_count,1,1,0
scratch,scratch,below_min_track_count,1,1,0
scream rap,scream rap,below_min_track_count,1,1,0
screenwriters,screenwriters,below_min_track_count,1,0,1
screwed up click,screwed up click,below_min_track_count,1,0,1
script-armn,script-armn,below_min_track_count,1,0,1
script-geor,script-geor,below_min_track_count,1,0,3
scum,scum,below_min_track_count,1,0,1
sean-nos singing,sean-nos singing,below_min_track_count,1,1,0
season after season,season after season,below_min_track_count,1,0,1
sefardi,sefardi,below_min_track_count,1,1,0
seiyuu,seiyuu,below_min_track_count,1,0,1
self-destruction,self-destruction,below_min_track_count,1,0,1
semi-classical,semi-classical,below_min_track_count,1,0,1
serenade,serenade,below_min_track_count,1,0,1
serpent,serpent,below_min_track_count,1,0,1
sertanejo gospel,sertanejo gospel,below_min_track_count,1,1,0
sescond chance,sescond chance,below_min_track_count,1,0,1
session band,session band,below_min_track_count,1,0,1
sevdah,sevdah,below_min_track_count,1,1,0
sevdaliza,sevdaliza,below_min_track_count,1,0,8
shamen,shamen,below_min_track_count,1,0,2
shanty,shanty,below_min_track_count,1,1,0
shaunbate,shaunbate,below_min_track_count,1,0,1
shimokita-kei,shimokita-kei,below_min_track_count,1,0,1
shiny toy guns,shiny toy guns,below_min_track_count,1,0,1
shore,shore,below_min_track_count,1,0,3
show,show,below_min_track_count,1,0,1
showman,showman,below_min_track_count,1,0,6
shred,shred,below_min_track_count,1,0,1
sian evans,sian evans,below_min_track_count,1,0,1
silent hill,silent hill,below_min_track_count,1,0,1
silly name,silly name,below_min_track_count,1,0,6
sillycore,sillycore,below_min_track_count,1,1,0
sillyname alias,sillyname alias,below_min_track_count,1,0,1
sindhi,sindhi,below_min_track_count,1,1,0
sing sing hungary rock band,sing sing hungary rock band,below_min_track_count,1,0,1
singer-songwriter music,singer-songwriter music,below_min_track_count,1,0,3
singh,singh,below_min_track_count,1,0,1
sinhala indie,sinhala indie,below_min_track_count,1,1,0
sinhala pop,sinhala pop,below_min_track_count,1,1,0
sinnott,sinnott,below_min_track_count,1,0,2
skint records,skint records,below_min_track_count,1,0,1
skramz-pop,skramz-pop,below_min_track_count,1,0,1
skye,skye,below_min_track_count,1,0,1
slager,slager,below_min_track_count,1,0,11
slam,slam,below_min_track_count,1,0,7
slam poetry,slam poetry,below_min_track_count,1,0,8
slavic metal,slavic metal,below_min_track_count,1,1,0
slc indie,slc indie,below_min_track_count,1,1,0
sleaze rock,sleaze rock,below_min_track_count,1,1,3
slide guitar,slide guitar,below_min_track_count,1,0,2
slovak electronic,slovak electronic,below_min_track_count,1,1,0
slovak soprano,slovak soprano,below_min_track_count,1,0,2
slovenia,slovenia,below_min_track_count,1,0,1
slovenian indie,slovenian indie,below_min_track_count,1,1,0
slushwave,slushwave,below_min_track_count,1,0,1
smc soundtrack related,smc soundtrack related,below_min_track_count,1,0,3
smith,smith,below_min_track_count,1,0,1
smooth r & b,smooth r & b,below_min_track_count,1,1,0
snes,snes,below_min_track_count,1,0,2
snoh aalegra,snoh aalegra,below_min_track_count,1,0,2
social critique,social critique,below_min_track_count,1,0,4
sofia,sofia,below_min_track_count,1,0,1
soft,soft,below_min_track_count,1,0,2
soft r & b,soft r & b,below_min_track_count,1,0,3
solipsynthm,solipsynthm,below_min_track_count,1,1,0
solo artist,solo artist,below_min_track_count,1,0,2
solo piano,solo piano,below_min_track_count,1,0,2
somber,somber,below_min_track_count,1,0,3
son,son,below_min_track_count,1,0,3
son montuno,son montuno,below_min_track_count,1,0,1
songwiter,songwiter,below_min_track_count,1,0,2
sony,sony,below_min_track_count,1,0,1
soul flow,soul flow,below_min_track_count,1,1,0
soul music,soul music,below_min_track_count,1,0,1
soul-blues,soul-blues,below_min_track_count,1,0,10
sound,sound,below_min_track_count,1,1,0
sound art,sound art,below_min_track_count,1,0,1
sound collage,sound collage,below_min_track_count,1,0,1
sound design,sound design,below_min_track_count,1,0,1
sound designer,sound designer,below_min_track_count,1,0,1
soundcloud,soundcloud,below_min_track_count,1,0,1
soundscapes,soundscapes,below_min_track_count,1,0,10
south african country,south african country,below_min_track_count,1,1,0
south african soulful deep house,south african soulful deep house,below_min_track_count,1,1,0
south korea,south korea,below_min_track_count,1,0,23
south wales,south wales,below_min_track_count,1,0,1
southern,southern,below_min_track_count,1,0,1
souvvern gothic,souvvern gothic,below_min_track_count,1,0,1
soviet pop,soviet pop,below_min_track_count,1,0,9
space tapes & vice,space tapes & vice,below_min_track_count,1,0,1
spamwave,spamwave,below_min_track_count,1,0,1
spanish cellist,spanish cellist,below_min_track_count,1,0,1
spanish metal,spanish metal,below_min_track_count,1,1,0
speed house,speed house,below_min_track_count,1,1,0
spider bites,spider bites,below_min_track_count,1,0,1
spiritualism,spiritualism,below_min_track_count,1,0,1
spirituality,spirituality,below_min_track_count,1,0,2
spirituals,spirituals,below_min_track_count,1,1,0
spotify,spotify,below_min_track_count,1,0,1
srajan,srajan,below_min_track_count,1,0,1
srajan singh,srajan singh,below_min_track_count,1,0,1
srajan singh yaduvanshi,srajan singh yaduvanshi,below_min_track_count,1,0,1
srajan yaduvanshi,srajan yaduvanshi,below_min_track_count,1,0,1
stage & screen,stage & screen,below_min_track_count,1,0,1
standup comedy,standup comedy,below_min_track_count,1,0,11
star academy,star academy,below_min_track_count,1,0,1
starmania,starmania,below_min_track_count,1,0,1
steampunk,steampunk,below_min_track_count,1,1,0
steel guitar,steel guitar,below_min_track_count,1,1,0
steps tears on the dancefloor,steps tears on the dancefloor,below_min_track_count,1,0,1
sternenhimmel,sternenhimmel,below_min_track_count,1,0,1
steve kilbey,steve kilbey,below_min_track_count,1,0,1
stevie ray vaughan,stevie ray vaughan,below_min_track_count,1,0,1
stevieknocks,stevieknocks,below_min_track_count,1,0,2
stevieknocks discography,stevieknocks discography,below_min_track_count,1,0,2
stevieknocks producer,stevieknocks producer,below_min_track_count,1,0,2
stevieknocks songs,stevieknocks songs,below_min_track_count,1,0,2
stomp & holler,stomp & holler,below_min_track_count,1,0,1
stoner-doom metal,stoner-doom metal,below_min_track_count,1,0,2
stoner-rock,stoner-rock,below_min_track_count,1,0,5
stoneyboymusic,stoneyboymusic,below_min_track_count,1,0,1
streamer,streamer,below_min_track_count,1,0,1
study beats,study beats,below_min_track_count,1,1,0
sublevel sounds,sublevel sounds,below_min_track_count,1,0,1
sudwestfunk,sudwestfunk,below_min_track_count,1,0,1
summer,summer,below_min_track_count,1,0,1
summer walker,summer walker,below_min_track_count,1,0,1
supa squad,supa squad,below_min_track_count,1,0,4
super jazz,super jazz,below_min_track_count,1,0,3
surf music,surf music,below_min_track_count,1,1,0
swag n epic,swag n epic,below_min_track_count,1,0,1
swedish blues,swedish blues,below_min_track_count,1,1,0
swedish doom metal,swedish doom metal,below_min_track_count,1,1,0
swedish folk pop,swedish folk pop,below_min_track_count,1,1,0
swedish stoner rock,swedish stoner rock,below_min_track_count,1,1,0
sweet soul,sweet soul,below_min_track_count,1,0,3
swindon,swindon,below_min_track_count,1,0,1
swing italiano,swing italiano,below_min_track_count,1,1,0
swiss alternative rock,swiss alternative rock,below_min_track_count,1,1,0
swiss orchestra,swiss orchestra,below_min_track_count,1,0,1
swiss singer-songwriter,swiss singer-songwriter,below_min_track_count,1,1,0
symphonic death metal,symphonic death metal,below_min_track_count,1,0,1
symphonic gothic metal,symphonic gothic metal,below_min_track_count,1,0,1
synclavier music,synclavier music,below_min_track_count,1,0,1
synth,synth,below_min_track_count,1,0,5
synth prog,synth prog,below_min_track_count,1,1,0
synth wave,synth wave,below_min_track_count,1,0,1
synthesizers,synthesizers,below_min_track_count,1,0,1
synthie,synthie,below_min_track_count,1,0,3
sza,sza,below_min_track_count,1,0,1
tagalog worship,tagalog worship,below_min_track_count,1,1,0
taha malik,taha malik,below_min_track_count,1,0,1
taiwan,taiwan,below_min_track_count,1,0,1
tamara schlesinger,tamara schlesinger,below_min_track_count,1,0,1
tape club,tape club,below_min_track_count,1,1,0
tapes,tapes,below_min_track_count,1,0,1
tataee,tataee,below_min_track_count,1,0,10
technical metal,technical metal,below_min_track_count,1,0,25
tecnobanda,tecnobanda,below_min_track_count,1,1,0
teen icon,teen icon,below_min_track_count,1,0,2
tegan and sara,tegan and sara,below_min_track_count,1,0,1
telarc records,telarc records,below_min_track_count,1,0,1
television actors and actresses,television actors and actresses,below_min_track_count,1,0,1
television composers,television composers,below_min_track_count,1,0,1
telugu hip hop,telugu hip hop,below_min_track_count,1,1,0
telugu indie,telugu indie,below_min_track_count,1,1,0
telugu worship,telugu worship,below_min_track_count,1,1,0
testing,testing,below_min_track_count,1,0,1
texas latin rap,texas latin rap,below_min_track_count,1,1,0
texas relays,texas relays,below_min_track_count,1,0,1
texasgaze,texasgaze,below_min_track_count,1,1,0
tge24,tge24,below_min_track_count,1,0,1
thai classical,thai classical,below_min_track_count,1,0,1
thai shoegaze,thai shoegaze,below_min_track_count,1,1,0
the band,the band,below_min_track_count,1,0,3
the calling,the calling,below_min_track_count,1,0,13
the church,the church,below_min_track_count,1,0,1
the levellers,the levellers,below_min_track_count,1,0,1
the manor,the manor,below_min_track_count,1,0,1
the mowglis,the mowglis,below_min_track_count,1,0,1
the queen of k-pop,the queen of k-pop,below_min_track_count,1,0,9
the shamen,the shamen,below_min_track_count,1,0,2
the specials,the specials,below_min_track_count,1,0,1
theatrical,theatrical,below_min_track_count,1,0,1
therealyoungin,therealyoungin,below_min_track_count,1,0,1
theremin,theremin,below_min_track_count,1,0,1
thien,thien,below_min_track_count,1,0,2
thrash core,thrash core,below_min_track_count,1,1,0
throwback sound,throwback sound,below_min_track_count,1,0,28
thumri,thumri,below_min_track_count,1,0,1
tikuzami,tikuzami,below_min_track_count,1,0,1
timbales,timbales,below_min_track_count,1,0,2
tired of suffering,tired of suffering,below_min_track_count,1,0,2
tjekkisk,tjekkisk,below_min_track_count,1,0,1
tony yayo,tony yayo,below_min_track_count,1,0,1
topnotch,topnotch,below_min_track_count,1,0,4
toujours,toujours,below_min_track_count,1,0,1
traditional funk,traditional funk,below_min_track_count,1,1,0
traffic,traffic,below_min_track_count,1,0,3
tribal rave,tribal rave,below_min_track_count,1,0,1
tribal seeds,tribal seeds,below_min_track_count,1,0,1
tribal theory,tribal theory,below_min_track_count,1,0,1
tribute,tribute,below_min_track_count,1,1,1
trikuza,trikuza,below_min_track_count,1,0,1
trinidad and tobago,trinidad and tobago,below_min_track_count,1,0,5
trinidadiens,trinidadiens,below_min_track_count,1,0,5
trinite-et-tobago,trinite-et-tobago,below_min_track_count,1,0,5
trojan records,trojan records,below_min_track_count,1,0,1
trondheim indie,trondheim indie,below_min_track_count,1,1,0
trop rock,trop rock,below_min_track_count,1,1,0
trouse,trouse,below_min_track_count,1,0,2
trt,trt,below_min_track_count,1,0,1
tru thoughts,tru thoughts,below_min_track_count,1,0,2
trumpet jazz,trumpet jazz,below_min_track_count,1,0,1
trumpeters,trumpeters,below_min_track_count,1,0,1
tsujino,tsujino,below_min_track_count,1,0,1
tuareg music,tuareg music,below_min_track_count,1,0,1
tuba,tuba,below_min_track_count,1,0,1
tulsa,tulsa,below_min_track_count,1,0,9
tunis,tunis,below_min_track_count,1,0,1
turk sanat muzigi,turk sanat muzigi,below_min_track_count,1,1,0
turkish classical,turkish classical,below_min_track_count,1,0,7
turkish classical performance,turkish classical performance,below_min_track_count,1,1,0
turkish folk music,turkish folk music,below_min_track_count,1,0,28
turkish heavy-metal,turkish heavy-metal,below_min_track_count,1,0,2
turkish metal,turkish metal,below_min_track_count,1,1,0
tv,tv,below_min_track_count,1,0,1
tyler perry,tyler perry,below_min_track_count,1,0,1
ua trap,ua trap,below_min_track_count,1,1,0
uk christian rap,uk christian rap,below_min_track_count,1,1,0
uk hard house,uk hard house,below_min_track_count,1,0,6
uk tech house,uk tech house,below_min_track_count,1,1,0
ukrainan pop,ukrainan pop,below_min_track_count,1,0,5
ukrainian classical,ukrainian classical,below_min_track_count,1,1,0
ukrainian composer,ukrainian composer,below_min_track_count,1,0,1
ukrainian electronic,ukrainian electronic,below_min_track_count,1,1,0
ukrainian emo,ukrainian emo,below_min_track_count,1,1,0
ukrainian experimental,ukrainian experimental,below_min_track_count,1,1,0
ukrainian metalcore,ukrainian metalcore,below_min_track_count,1,1,0
ukrainian pianist,ukrainian pianist,below_min_track_count,1,0,2
ukranian,ukranian,below_min_track_count,1,0,1
ukulele cover,ukulele cover,below_min_track_count,1,1,0
ulkucu sarkilar,ulkucu sarkilar,below_min_track_count,1,1,0
umbanda,umbanda,below_min_track_count,1,1,0
underground power pop,underground power pop,below_min_track_count,1,1,0
unique,unique,below_min_track_count,1,0,4
uptempo hardcore,uptempo hardcore,below_min_track_count,1,0,1
urban contemporary gospel,urban contemporary gospel,below_min_track_count,1,0,1
urban kiz,urban kiz,below_min_track_count,1,1,0
urban reggae,urban reggae,below_min_track_count,1,0,1
urdu,urdu,below_min_track_count,1,0,1
url,url,below_min_track_count,1,0,1
uruguay,uruguay,below_min_track_count,1,0,1
uruguayan indie,uruguayan indie,below_min_track_count,1,1,0
usher,usher,below_min_track_count,1,0,1
usure,usure,below_min_track_count,1,0,5
uv,uv,below_min_track_count,1,0,2
uzzi,uzzi,below_min_track_count,1,0,10
vadoinmessico,vadoinmessico,below_min_track_count,1,0,1
vals criollo,vals criollo,below_min_track_count,1,0,2
vandr,vandr,below_min_track_count,1,0,1
vaqueiro,vaqueiro,below_min_track_count,1,1,0
varathan,varathan,below_min_track_count,1,0,14
varmland rock,varmland rock,below_min_track_count,1,1,0
vbs,vbs,below_min_track_count,1,1,0
veridian,veridian,below_min_track_count,1,0,1
veridian club,veridian club,below_min_track_count,1,0,1
veridian club records,veridian club records,below_min_track_count,1,0,1
verve,verve,below_min_track_count,1,0,1
vester,vester,below_min_track_count,1,0,1
vgm remix,vgm remix,below_min_track_count,1,1,0
via mistica,via mistica,below_min_track_count,1,0,1
vice,vice,below_min_track_count,1,0,1
victorian britain,victorian britain,below_min_track_count,1,1,0
video game soundtracks,video game soundtracks,below_min_track_count,1,0,1
viet edm,viet edm,below_min_track_count,1,1,0
viking rock,viking rock,below_min_track_count,1,0,1
vikingarock,vikingarock,below_min_track_count,1,0,1
vintage chanson,vintage chanson,below_min_track_count,1,1,0
vintage dutch pop,vintage dutch pop,below_min_track_count,1,1,0
vintage finnish jazz,vintage finnish jazz,below_min_track_count,1,1,0
vintage norwegian pop,vintage norwegian pop,below_min_track_count,1,1,0
violao,violao,below_min_track_count,1,1,0
violetta,violetta,below_min_track_count,1,0,1
violist,violist,below_min_track_count,1,0,1
violist composer,violist composer,below_min_track_count,1,0,1
violoniste,violoniste,below_min_track_count,1,0,1
visa,visa,below_min_track_count,1,0,12
vocal harmony group,vocal harmony group,below_min_track_count,1,1,0
w w trance arena impact,w w trance arena impact,below_min_track_count,1,0,2
wallyworld,wallyworld,below_min_track_count,1,0,2
war metal,war metal,below_min_track_count,1,0,7
warsaw city folk,warsaw city folk,below_min_track_count,1,0,1
washington,washington,below_min_track_count,1,0,3
water,water,below_min_track_count,1,1,0
watford,watford,below_min_track_count,1,0,3
waw mart,waw mart,below_min_track_count,1,0,2
wawmart,wawmart,below_min_track_count,1,0,2
we dey collect,we dey collect,below_min_track_count,1,0,1
website developer,website developer,below_min_track_count,1,0,2
wedding collections,wedding collections,below_min_track_count,1,0,1
wellington,wellington,below_min_track_count,1,0,3
west australian hip hop,west australian hip hop,below_min_track_count,1,1,0
west coast,west coast,below_min_track_count,1,0,1
west coast trap,west coast trap,below_min_track_count,1,1,0
west-vlaamse hip hop,west-vlaamse hip hop,below_min_track_count,1,1,0
western music,western music,below_min_track_count,1,0,5
white soul,white soul,below_min_track_count,1,0,3
whitesnake-is this love,whitesnake-is this love,below_min_track_count,1,0,30
who is stevieknocks,who is stevieknocks,below_min_track_count,1,0,2
will sin,will sin,below_min_track_count,1,0,2
wings,wings,below_min_track_count,1,0,1
winston francis,winston francis,below_min_track_count,1,0,1
women composers,women composers,below_min_track_count,1,0,3
women rock musicians,women rock musicians,below_min_track_count,1,0,3
women singers,women singers,below_min_track_count,1,0,3
wrestling,wrestling,below_min_track_count,1,1,0
wrongtom,wrongtom,below_min_track_count,1,0,1
www,www,below_min_track_count,1,0,2
xhosa,xhosa,below_min_track_count,1,1,0
yaduvanshi,yaduvanshi,below_min_track_count,1,0,1
yaoi,yaoi,below_min_track_count,1,1,0
yariyaan te gediyaan singer,yariyaan te gediyaan singer,below_min_track_count,1,0,1
ybz,ybz,below_min_track_count,1,0,1
ybz vandr,ybz vandr,below_min_track_count,1,0,1
ybz vandr birthday,ybz vandr birthday,below_min_track_count,1,0,1
yo dj dixon,yo dj dixon,below_min_track_count,1,0,1
yodjdixon,yodjdixon,below_min_track_count,1,0,1
yogyakarta indie,yogyakarta indie,below_min_track_count,1,1,0
you,you,below_min_track_count,1,0,1
youngin,youngin,below_min_track_count,1,0,1
youtuber,youtuber,below_min_track_count,1,0,23
yugoslav rock,yugoslav rock,below_min_track_count,1,1,0
yung lean,yung lean,below_min_track_count,1,0,1
za,za,below_min_track_count,1,0,6
zambian hip hop,zambian hip hop,below_min_track_count,1,1,0
zcc,zcc,below_min_track_count,1,1,0
zef,zef,below_min_track_count,1,0,6
zikir,zikir,below_min_track_count,1,1,0
zionist,zionist,below_min_track_count,1,0,3
zither,zither,below_min_track_count,1,0,6
znamenie,znamenie,below_min_track_count,1,0,1
zuliana,zuliana,below_min_track_count,1,0,16
zulu,zulu,below_min_track_count,1,0,8
πεσ μου τι ζητασ,πεσ μου τι ζητασ,below_min_track_count,1,0,15
музыкант,музыкант,below_min_track_count,1,0,2
нас бьют мы летаем,нас бьют мы летаем,below_min_track_count,1,0,2
немного,немного,below_min_track_count,1,0,1
русскии рэп,русскии рэп,below_min_track_count,1,0,1
الرابر السوداني محمد مود,الرابر السوداني محمد مود,below_min_track_count,1,0,1
الفنان السوداني محمد مود,الفنان السوداني محمد مود,below_min_track_count,1,0,1
الفنان محمد مود,الفنان محمد مود,below_min_track_count,1,0,1
رضى الطلياني,رضى الطلياني,below_min_track_count,1,0,2
شهرام شب پره,شهرام شب پره,below_min_track_count,1,0,1
محمد مود,محمد مود,below_min_track_count,1,0,1
にしさんし,にしさんし,below_min_track_count,1,0,2
やはい,やはい,below_min_track_count,1,0,4
エレクトロニック,エレクトロニック,below_min_track_count,1,0,1
欲望,欲望,below_min_track_count,1,0,2
🇧🇪,🇧🇪,below_min_track_count,1,0,5
🇫🇷,🇫🇷,below_min_track_count,1,0,5
#freepalestine,#freepalestine,below_min_track_count,0,0,2
#iktera,#iktera,below_min_track_count,0,0,7
#sakhiyan,#sakhiyan,below_min_track_count,0,0,7
#sorrysong,#sorrysong,below_min_track_count,0,0,7
#viah,#viah,below_min_track_count,0,0,7
#woogyu,#woogyu,below_min_track_count,0,0,2
#yk,#yk,below_min_track_count,0,0,1
+usa (massachusetts:boston,+usa (massachusetts:boston,below_min_track_count,0,0,8
+usa california,+usa california,below_min_track_count,0,0,2
1000 apes in a room,1000 apes in a room,below_min_track_count,0,0,1
12th south records,12th south records,below_min_track_count,0,0,1
2010s hong kong debut,2010s hong kong debut,below_min_track_count,0,0,21
21st century classical,21st century classical,below_min_track_count,0,0,1
48-family,48-family,below_min_track_count,0,0,4
4rain,4rain,below_min_track_count,0,0,1
4th gen kpop,4th gen kpop,below_min_track_count,0,0,4
80s synthpop,80s synthpop,below_min_track_count,0,0,1
9-bit,9-bit,below_min_track_count,0,0,1
90s hip hop,90s hip hop,below_min_track_count,0,0,2
@didi music russia,@didi music russia,below_min_track_count,0,0,1
a capella,a capella,below_min_track_count,0,0,1
a gold disc artist,a gold disc artist,below_min_track_count,0,0,1
ablazing records,ablazing records,below_min_track_count,0,0,1
abstract hip-hop,abstract hip-hop,below_min_track_count,0,0,2
acid rap,acid rap,below_min_track_count,0,0,1
acid trance,acid trance,below_min_track_count,0,0,1
acoustic elements,acoustic elements,below_min_track_count,0,0,1
acoustic texas blues,acoustic texas blues,below_min_track_count,0,0,3
active artist,active artist,below_min_track_count,0,0,1
acustica,acustica,below_min_track_count,0,0,1
acustica uach,acustica uach,below_min_track_count,0,0,1
adam harrison,adam harrison,below_min_track_count,0,0,1
add ending date,add ending date,below_min_track_count,0,0,1
add single 8 march,add single 8 march,below_min_track_count,0,0,1
ago beats,ago beats,below_min_track_count,0,0,1
agso quartet,agso quartet,below_min_track_count,0,0,1
aguado,aguado,below_min_track_count,0,0,8
airstorm recordings,airstorm recordings,below_min_track_count,0,0,1
aj tracey,aj tracey,below_min_track_count,0,0,1
akb,akb,below_min_track_count,0,0,1
akos,akos,below_min_track_count,0,0,1
al jarreau,al jarreau,below_min_track_count,0,0,1
alas de hierro,alas de hierro,below_min_track_count,0,0,1
albarn,albarn,below_min_track_count,0,0,13
albert hammond,albert hammond,below_min_track_count,0,0,1
alevi folk music,alevi folk music,below_min_track_count,0,0,14
alper,alper,below_min_track_count,0,0,3
alter ego records,alter ego records,below_min_track_count,0,0,1
alternative metal share,alternative metal share,below_min_track_count,0,0,3
alternative-electronic,alternative-electronic,below_min_track_count,0,0,1
ambience,ambience,below_min_track_count,0,0,12
american artist,american artist,below_min_track_count,0,0,1
american soprano,american soprano,below_min_track_count,0,0,1
anakin artz,anakin artz,below_min_track_count,0,0,3
anasheed,anasheed,below_min_track_count,0,0,3
andra & the backbone,andra & the backbone,below_min_track_count,0,0,2
andra and the backbone,andra and the backbone,below_min_track_count,0,0,2
andy partridge,andy partridge,below_min_track_count,0,0,1
angel haze,angel haze,below_min_track_count,0,0,1
angus and julia stone,angus and julia stone,below_min_track_count,0,0,6
anison,anison,below_min_track_count,0,0,1
annotation,annotation,below_min_track_count,0,0,1
anon,anon,below_min_track_count,0,0,3
anonymous,anonymous,below_min_track_count,0,0,3
anouk teeuwe,anouk teeuwe,below_min_track_count,0,0,8
aotearoa,aotearoa,below_min_track_count,0,0,15
ape shyt,ape shyt,below_min_track_count,0,0,1
arabic language,arabic language,below_min_track_count,0,0,1
argentine singer,argentine singer,below_min_track_count,0,0,1
argentine songwriter,argentine songwriter,below_min_track_count,0,0,1
art,art,below_min_track_count,0,0,1
art songs,art songs,below_min_track_count,0,0,1
art-garfunkel,art-garfunkel,below_min_track_count,0,0,1
art-punk,art-punk,below_min_track_count,0,0,10
artificial high register,artificial high register,below_min_track_count,0,0,1
arts,arts,below_min_track_count,0,0,3
artz,artz,below_min_track_count,0,0,3
asian rock,asian rock,below_min_track_count,0,0,1
asians that kill,asians that kill,below_min_track_count,0,0,1
atheist,atheist,below_min_track_count,0,0,1
athletic,athletic,below_min_track_count,0,0,1
atisket,atisket,below_min_track_count,0,0,2
atlanta,atlanta,below_min_track_count,0,0,1
atmospheric black metal,atmospheric black metal,below_min_track_count,0,0,4
atmospheric rock,atmospheric rock,below_min_track_count,0,0,4
au hardcore,au hardcore,below_min_track_count,0,0,1
aus,aus,below_min_track_count,0,0,1
australian female singer-songwriters,australian female singer-songwriters,below_min_track_count,0,0,2
australian singers,australian singers,below_min_track_count,0,0,2
australian songwriters,australian songwriters,below_min_track_count,0,0,2
austria,austria,below_min_track_count,0,0,2
avant pop,avant pop,below_min_track_count,0,0,3
awolnation,awolnation,below_min_track_count,0,0,3
bach goldberg variations,bach goldberg variations,below_min_track_count,0,0,4
bach the goldberg variations,bach the goldberg variations,below_min_track_count,0,0,4
baile funk,baile funk,below_min_track_count,0,0,1
baker street,baker street,below_min_track_count,0,0,1
balkan folk music,balkan folk music,below_min_track_count,0,0,1
ballade,ballade,below_min_track_count,0,0,1
ballermann,ballermann,below_min_track_count,0,0,2
banda de zacatecas,banda de zacatecas,below_min_track_count,0,0,1
bandsound,bandsound,below_min_track_count,0,0,1
barbershop,barbershop,below_min_track_count,0,0,3
bartu thinks,bartu thinks,below_min_track_count,0,0,5
barty,barty,below_min_track_count,0,0,5
battle rapper,battle rapper,below_min_track_count,0,0,1
batucada,batucada,below_min_track_count,0,0,1
be mine,be mine,below_min_track_count,0,0,2
beach,beach,below_min_track_count,0,0,3
beats,beats,below_min_track_count,0,0,2
belo,belo,below_min_track_count,0,0,2
billy connolly,billy connolly,below_min_track_count,0,0,1
birp,birp,below_min_track_count,0,0,1
black hole recordings,black hole recordings,below_min_track_count,0,0,1
blackened deathcore,blackened deathcore,below_min_track_count,0,0,1
blinkie,blinkie,below_min_track_count,0,0,1
blow the house down,blow the house down,below_min_track_count,0,0,1
bobby valentin,bobby valentin,below_min_track_count,0,0,2
bodausanthem,bodausanthem,below_min_track_count,0,0,2
bolero son,bolero son,below_min_track_count,0,0,2
bon iver,bon iver,below_min_track_count,0,0,1
boom,boom,below_min_track_count,0,0,1
borneo,borneo,below_min_track_count,0,0,1
botashe,botashe,below_min_track_count,0,0,1
brahms,brahms,below_min_track_count,0,0,4
brainpower,brainpower,below_min_track_count,0,0,7
brazilian band,brazilian band,below_min_track_count,0,0,10
brazilian classics player,brazilian classics player,below_min_track_count,0,0,3
brazilian composer,brazilian composer,below_min_track_count,0,0,3
brazilian music,brazilian music,below_min_track_count,0,0,1
brett,brett,below_min_track_count,0,0,1
brian alberts,brian alberts,below_min_track_count,0,0,5
brian mcknight,brian mcknight,below_min_track_count,0,0,2
british choir,british choir,below_min_track_count,0,0,2
british rap,british rap,below_min_track_count,0,0,2
british rapper,british rapper,below_min_track_count,0,0,5
bronius bagackas,bronius bagackas,below_min_track_count,0,0,1
buenos aires,buenos aires,below_min_track_count,0,0,1
buffettinfo com,buffettinfo com,below_min_track_count,0,0,3
buku,buku,below_min_track_count,0,0,1
bullets,bullets,below_min_track_count,0,0,4
business,business,below_min_track_count,0,0,2
bwv 988,bwv 988,below_min_track_count,0,0,4
cakıcı,cakıcı,below_min_track_count,0,0,3
calexico,calexico,below_min_track_count,0,0,1
campus folk,campus folk,below_min_track_count,0,0,36
campus miraflores,campus miraflores,below_min_track_count,0,0,1
canadian pianist,canadian pianist,below_min_track_count,0,0,4
cantautore,cantautore,below_min_track_count,0,0,1
cantautori,cantautori,below_min_track_count,0,0,1
cante alentejano,cante alentejano,below_min_track_count,0,0,1
canto alentejano,canto alentejano,below_min_track_count,0,0,1
cardin,cardin,below_min_track_count,0,0,20
caribbean music,caribbean music,below_min_track_count,0,0,3
cartier,cartier,below_min_track_count,0,0,2
cartoon character,cartoon character,below_min_track_count,0,0,1
catalan,catalan,below_min_track_count,0,0,1
cd,cd,below_min_track_count,0,0,17
celo & abdi,celo & abdi,below_min_track_count,0,0,23
celtic folk music,celtic folk music,below_min_track_count,0,0,7
celtic soul,celtic soul,below_min_track_count,0,0,1
central asian throat singing,central asian throat singing,below_min_track_count,0,0,5
ceo,ceo,below_min_track_count,0,0,3
cesar henao · bateria,cesar henao · bateria,below_min_track_count,0,0,2
ch,ch,below_min_track_count,0,0,2
charlotte,charlotte,below_min_track_count,0,0,20
chat,chat,below_min_track_count,0,0,1
chazzanut,chazzanut,below_min_track_count,0,0,2
children music,children music,below_min_track_count,0,0,2
chile,chile,below_min_track_count,0,0,5
chilean,chilean,below_min_track_count,0,0,4
chilean folklore,chilean folklore,below_min_track_count,0,0,1
chilean music,chilean music,below_min_track_count,0,0,1
chill-out,chill-out,below_min_track_count,0,0,22
chinese actress,chinese actress,below_min_track_count,0,0,1
chisinau,chisinau,below_min_track_count,0,0,1
choral symphony,choral symphony,below_min_track_count,0,0,2
chris cornell,chris cornell,below_min_track_count,0,0,1
claire elizabeth,claire elizabeth,below_min_track_count,0,0,25
claire elizabeth grace,claire elizabeth grace,below_min_track_count,0,0,25
classic heavy metal,classic heavy metal,below_min_track_count,0,0,2
classic rock. blues rock,classic rock. blues rock,below_min_track_count,0,0,8
co-ed,co-ed,below_min_track_count,0,0,10
code red,code red,below_min_track_count,0,0,1
cold,cold,below_min_track_count,0,0,1
comedy metal,comedy metal,below_min_track_count,0,0,1
compas,compas,below_min_track_count,0,0,1
conchali,conchali,below_min_track_count,0,0,32
concrete ambient,concrete ambient,below_min_track_count,0,0,1
connecticut hardcore,connecticut hardcore,below_min_track_count,0,0,1
conservatorio de musica,conservatorio de musica,below_min_track_count,0,0,1
contemporary celtic,contemporary celtic,below_min_track_count,0,0,1
contemporary music,contemporary music,below_min_track_count,0,0,1
contra,contra,below_min_track_count,0,0,10
contralto,contralto,below_min_track_count,0,0,2
conversations,conversations,below_min_track_count,0,0,1
cork,cork,below_min_track_count,0,0,1
coventry,coventry,below_min_track_count,0,0,1
crecer,crecer,below_min_track_count,0,0,2
crime jazz,crime jazz,below_min_track_count,0,0,2
cumbia digital,cumbia digital,below_min_track_count,0,0,2
cumbia electronica,cumbia electronica,below_min_track_count,0,0,2
current artist,current artist,below_min_track_count,0,0,1
cut-up,cut-up,below_min_track_count,0,0,3
cyber-pop,cyber-pop,below_min_track_count,0,0,1
czechoslovakia,czechoslovakia,below_min_track_count,0,0,1
damon,damon,below_min_track_count,0,0,13
dance trance dance,dance trance dance,below_min_track_count,0,0,1
danemark,danemark,below_min_track_count,0,0,5
daniel pedroza · bajo,daniel pedroza · bajo,below_min_track_count,0,0,2
daniel santacruz,daniel santacruz,below_min_track_count,0,0,2
danish rap,danish rap,below_min_track_count,0,0,5
danois,danois,below_min_track_count,0,0,5
dark jazz,dark jazz,below_min_track_count,0,0,2
darkmind,darkmind,below_min_track_count,0,0,4
darkmindep,darkmindep,below_min_track_count,0,0,4
darkness,darkness,below_min_track_count,0,0,10
dastan,dastan,below_min_track_count,0,0,1
dastanmusic,dastanmusic,below_min_track_count,0,0,1
dave steward,dave steward,below_min_track_count,0,0,1
davinche,davinche,below_min_track_count,0,0,1
de,de,below_min_track_count,0,0,12
death by car crash,death by car crash,below_min_track_count,0,0,5
death by emphysema,death by emphysema,below_min_track_count,0,0,13
death by heart surgery,death by heart surgery,below_min_track_count,0,0,1
death by heroin,death by heroin,below_min_track_count,0,0,1
death by hypertension,death by hypertension,below_min_track_count,0,0,2
death by sedatives,death by sedatives,below_min_track_count,0,0,2
death by stairs,death by stairs,below_min_track_count,0,0,4
death cult,death cult,below_min_track_count,0,0,2
degeorgeredux 138,degeorgeredux 138,below_min_track_count,0,0,1
denton,denton,below_min_track_count,0,0,1
depedro,depedro,below_min_track_count,0,0,1
detroit rap,detroit rap,below_min_track_count,0,0,1
detroit techno,detroit techno,below_min_track_count,0,0,6
deutsch-pop,deutsch-pop,below_min_track_count,0,0,1
deutschland,deutschland,below_min_track_count,0,0,3
deutschpop,deutschpop,below_min_track_count,0,0,2
devendra banhart,devendra banhart,below_min_track_count,0,0,1
devin,devin,below_min_track_count,0,0,1
devin kennedy,devin kennedy,below_min_track_count,0,0,1
devkennedymusic,devkennedymusic,below_min_track_count,0,0,1
dio,dio,below_min_track_count,0,0,2
disco rap,disco rap,below_min_track_count,0,0,9
disk jockey,disk jockey,below_min_track_count,0,0,1
dizzy mizz lizzy,dizzy mizz lizzy,below_min_track_count,0,0,7
dj dastan,dj dastan,below_min_track_count,0,0,1
dj4rain,dj4rain,below_min_track_count,0,0,1
djdastan,djdastan,below_min_track_count,0,0,1
djs present,djs present,below_min_track_count,0,0,1
dongwoo,dongwoo,below_min_track_count,0,0,2
doorn (spinnin,doorn (spinnin,below_min_track_count,0,0,1
downbeat drum and bass,downbeat drum and bass,below_min_track_count,0,0,1
download mixes,download mixes,below_min_track_count,0,0,1
doxas,doxas,below_min_track_count,0,0,1
dream,dream,below_min_track_count,0,0,1
dreampop,dreampop,below_min_track_count,0,0,2
dreams,dreams,below_min_track_count,0,0,3
dttx,dttx,below_min_track_count,0,0,1
dulce mal,dulce mal,below_min_track_count,0,0,1
dupes,dupes,below_min_track_count,0,0,4
durango,durango,below_min_track_count,0,0,1
dutch conductor,dutch conductor,below_min_track_count,0,0,1
ea,ea,below_min_track_count,0,0,16
eai,eai,below_min_track_count,0,0,5
eddie vader,eddie vader,below_min_track_count,0,0,1
edgy,edgy,below_min_track_count,0,0,5
educator,educator,below_min_track_count,0,0,1
eesti,eesti,below_min_track_count,0,0,2
el farol,el farol,below_min_track_count,0,0,1
el paso,el paso,below_min_track_count,0,0,1
elecronic,elecronic,below_min_track_count,0,0,2
electro-rock,electro-rock,below_min_track_count,0,0,6
electronic duo,electronic duo,below_min_track_count,0,0,2
electronica and dance,electronica and dance,below_min_track_count,0,0,1
eliza grace,eliza grace,below_min_track_count,0,0,25
eltee,eltee,below_min_track_count,0,0,1
emotional,emotional,below_min_track_count,0,0,1
english folk,english folk,below_min_track_count,0,0,4
entrance music,entrance music,below_min_track_count,0,0,1
epic records,epic records,below_min_track_count,0,0,2
es,es,below_min_track_count,0,0,1
estonia,estonia,below_min_track_count,0,0,2
estonian conductor,estonian conductor,below_min_track_count,0,0,4
ethan johns,ethan johns,below_min_track_count,0,0,1
ethno,ethno,below_min_track_count,0,0,3
etno,etno,below_min_track_count,0,0,1
eurovision 2019,eurovision 2019,below_min_track_count,0,0,7
eurovision 2025,eurovision 2025,below_min_track_count,0,0,1
evacuate,evacuate,below_min_track_count,0,0,1
exits,exits,below_min_track_count,0,0,1
experimental ambient,experimental ambient,below_min_track_count,0,0,3
experimental electro,experimental electro,below_min_track_count,0,0,3
experimental music,experimental music,below_min_track_count,0,0,1
falsetto,falsetto,below_min_track_count,0,0,1
fame factory,fame factory,below_min_track_count,0,0,3
fanny lu,fanny lu,below_min_track_count,0,0,1
far right supporter,far right supporter,below_min_track_count,0,0,1
farid bang,farid bang,below_min_track_count,0,0,2
fast car,fast car,below_min_track_count,0,0,3
father,father,below_min_track_count,0,0,1
feel it still,feel it still,below_min_track_count,0,0,1
feelings,feelings,below_min_track_count,0,0,3
female singers,female singers,below_min_track_count,0,0,2
fictional artist,fictional artist,below_min_track_count,0,0,8
fierce,fierce,below_min_track_count,0,0,1
fiesta,fiesta,below_min_track_count,0,0,1
fifth beatle,fifth beatle,below_min_track_count,0,0,2
final fantasy,final fantasy,below_min_track_count,0,0,1
finnish composer,finnish composer,below_min_track_count,0,0,3
finnish legends,finnish legends,below_min_track_count,0,0,26
finnish pianist,finnish pianist,below_min_track_count,0,0,1
fix capitalization,fix capitalization,below_min_track_count,0,0,2
fix recordings,fix recordings,below_min_track_count,0,0,14
flamenco jazz,flamenco jazz,below_min_track_count,0,0,1
flamenco nuevo,flamenco nuevo,below_min_track_count,0,0,1
flamenco rumba,flamenco rumba,below_min_track_count,0,0,16
flat earther,flat earther,below_min_track_count,0,0,1
flemish,flemish,below_min_track_count,0,0,1
folclor,folclor,below_min_track_count,0,0,1
folk music of ireland,folk music of ireland,below_min_track_count,0,0,2
folk punk rock,folk punk rock,below_min_track_count,0,0,1
folklorista,folklorista,below_min_track_count,0,0,1
folkre,folkre,below_min_track_count,0,0,1
founder,founder,below_min_track_count,0,0,2
four seasons,four seasons,below_min_track_count,0,0,2
fr,fr,below_min_track_count,0,0,2
franchise as artist,franchise as artist,below_min_track_count,0,0,1
freedom call,freedom call,below_min_track_count,0,0,2
freestyle rapper,freestyle rapper,below_min_track_count,0,0,1
french caribbean music,french caribbean music,below_min_track_count,0,0,1
full on 140 records,full on 140 records,below_min_track_count,0,0,1
full-on,full-on,below_min_track_count,0,0,4
fun,fun,below_min_track_count,0,0,1
funereal,funereal,below_min_track_count,0,0,1
funkadelic,funkadelic,below_min_track_count,0,0,2
fuzzy artist-radio show,fuzzy artist-radio show,below_min_track_count,0,0,1
fyfe,fyfe,below_min_track_count,0,0,1
garba,garba,below_min_track_count,0,0,1
genderfluid,genderfluid,below_min_track_count,0,0,1
german dance-pop,german dance-pop,below_min_track_count,0,0,3
glamrock,glamrock,below_min_track_count,0,0,2
glasgow underground,glasgow underground,below_min_track_count,0,0,1
go west,go west,below_min_track_count,0,0,1
goa,goa,below_min_track_count,0,0,1
gonzo,gonzo,below_min_track_count,0,0,1
goregrind,goregrind,below_min_track_count,0,0,1
gould inventions,gould inventions,below_min_track_count,0,0,4
grammy-nominated,grammy-nominated,below_min_track_count,0,0,1
gratuitous swedish ø,gratuitous swedish ø,below_min_track_count,0,0,21
groomer,groomer,below_min_track_count,0,0,1
grupo mania,grupo mania,below_min_track_count,0,0,3
guaco,guaco,below_min_track_count,0,0,8
guildford,guildford,below_min_track_count,0,0,2
guitar virtuoso,guitar virtuoso,below_min_track_count,0,0,1
gulf and western,gulf and western,below_min_track_count,0,0,3
gustavo,gustavo,below_min_track_count,0,0,8
hairmetal,hairmetal,below_min_track_count,0,0,3
hallman,hallman,below_min_track_count,0,0,1
halloween music,halloween music,below_min_track_count,0,0,1
hanging,hanging,below_min_track_count,0,0,2
hardbass,hardbass,below_min_track_count,0,0,2
hardcore hip-hop,hardcore hip-hop,below_min_track_count,0,0,8
harp,harp,below_min_track_count,0,0,1
harpsichord,harpsichord,below_min_track_count,0,0,1
harpsichordist,harpsichordist,below_min_track_count,0,0,4
harsh ebm,harsh ebm,below_min_track_count,0,0,1
harsh electro,harsh electro,below_min_track_count,0,0,1
hauntology,hauntology,below_min_track_count,0,0,1
heartfelt lyrics,heartfelt lyrics,below_min_track_count,0,0,1
hessen,hessen,below_min_track_count,0,0,1
hi im a big fan,hi im a big fan,below_min_track_count,0,0,2
hi-nrg dance music,hi-nrg dance music,below_min_track_count,0,0,1
hi-tech,hi-tech,below_min_track_count,0,0,1
hip hop influences,hip hop influences,below_min_track_count,0,0,1
hip hop-deutsch,hip hop-deutsch,below_min_track_count,0,0,18
hispanic american folk music,hispanic american folk music,below_min_track_count,0,0,1
history,history,below_min_track_count,0,0,29
holdme,holdme,below_min_track_count,0,0,4
homberg,homberg,below_min_track_count,0,0,1
home,home,below_min_track_count,0,0,1
homosexual,homosexual,below_min_track_count,0,0,1
horror folk,horror folk,below_min_track_count,0,0,1
horror rock,horror rock,below_min_track_count,0,0,1
howard carpendale,howard carpendale,below_min_track_count,0,0,15
hoya,hoya,below_min_track_count,0,0,2
human issues,human issues,below_min_track_count,0,0,1
humour,humour,below_min_track_count,0,0,1
hungarian band,hungarian band,below_min_track_count,0,0,13
hunter,hunter,below_min_track_count,0,0,1
hyde park,hyde park,below_min_track_count,0,0,13
hyper-pop,hyper-pop,below_min_track_count,0,0,1
idil arıcan,idil arıcan,below_min_track_count,0,0,1
impresionista,impresionista,below_min_track_count,0,0,1
improvisation,improvisation,below_min_track_count,0,0,1
indie funk,indie funk,below_min_track_count,0,0,3
indie-rock,indie-rock,below_min_track_count,0,0,10
indonesian,indonesian,below_min_track_count,0,0,8
indonesian singer,indonesian singer,below_min_track_count,0,0,4
indonesian songwriter,indonesian songwriter,below_min_track_count,0,0,4
infinite f,infinite f,below_min_track_count,0,0,2
infinite h,infinite h,below_min_track_count,0,0,2
infinite vibes,infinite vibes,below_min_track_count,0,0,25
inspirit,inspirit,below_min_track_count,0,0,2
instrumental hip-hop,instrumental hip-hop,below_min_track_count,0,0,1
iowa,iowa,below_min_track_count,0,0,5
iran pop singer,iran pop singer,below_min_track_count,0,0,1
irish rebel traditional,irish rebel traditional,below_min_track_count,0,0,4
irish-american,irish-american,below_min_track_count,0,0,2
iron and wine,iron and wine,below_min_track_count,0,0,1
islamic,islamic,below_min_track_count,0,0,3
islamic music,islamic music,below_min_track_count,0,0,3
island,island,below_min_track_count,0,0,4
italian heavy-metal,italian heavy-metal,below_min_track_count,0,0,1
italian indie,italian indie,below_min_track_count,0,0,1
italian keyboardist,italian keyboardist,below_min_track_count,0,0,1
italian r & b,italian r & b,below_min_track_count,0,0,2
italo house,italo house,below_min_track_count,0,0,14
iveta bartosova,iveta bartosova,below_min_track_count,0,0,5
j-electropop,j-electropop,below_min_track_count,0,0,1
j-soul,j-soul,below_min_track_count,0,0,1
jack white,jack white,below_min_track_count,0,0,1
jammer,jammer,below_min_track_count,0,0,1
jane bordeaux,jane bordeaux,below_min_track_count,0,0,4
jane bordeaux alternative music,jane bordeaux alternative music,below_min_track_count,0,0,4
jane bordeaux azura,jane bordeaux azura,below_min_track_count,0,0,4
jane bordeaux band,jane bordeaux band,below_min_track_count,0,0,4
jane bordeaux da da song music,jane bordeaux da da song music,below_min_track_count,0,0,4
jane bordeaux dayfire song music,jane bordeaux dayfire song music,below_min_track_count,0,0,4
jane bordeaux erotication,jane bordeaux erotication,below_min_track_count,0,0,4
jane bordeaux f*ck you feelings,jane bordeaux f*ck you feelings,below_min_track_count,0,0,4
jane bordeaux music,jane bordeaux music,below_min_track_count,0,0,4
jane bordeaux music producer,jane bordeaux music producer,below_min_track_count,0,0,4
jane bordeaux musicbrainz,jane bordeaux musicbrainz,below_min_track_count,0,0,4
jane bordeaux musician,jane bordeaux musician,below_min_track_count,0,0,4
jane bordeaux musician band,jane bordeaux musician band,below_min_track_count,0,0,4
jane bordeaux official live concert,jane bordeaux official live concert,below_min_track_count,0,0,4
jane bordeaux official website,jane bordeaux official website,below_min_track_count,0,0,4
jane bordeaux pop music,jane bordeaux pop music,below_min_track_count,0,0,4
jane bordeaux rap music,jane bordeaux rap music,below_min_track_count,0,0,4
jane bordeaux romancing a stone,jane bordeaux romancing a stone,below_min_track_count,0,0,4
jane bordeaux singer,jane bordeaux singer,below_min_track_count,0,0,4
jane bordeaux songwriter,jane bordeaux songwriter,below_min_track_count,0,0,4
janebordeaux,janebordeaux,below_min_track_count,0,0,4
janineandthemixtape,janineandthemixtape,below_min_track_count,0,0,4
janky,janky,below_min_track_count,0,0,1
japanese folk music,japanese folk music,below_min_track_count,0,0,1
japanese hip-hop,japanese hip-hop,below_min_track_count,0,0,3
japanese idol,japanese idol,below_min_track_count,0,0,2
japanese jazztronica,japanese jazztronica,below_min_track_count,0,0,3
japanese synth-pop,japanese synth-pop,below_min_track_count,0,0,1
jar oficial,jar oficial,below_min_track_count,0,0,4
jazz influences,jazz influences,below_min_track_count,0,0,1
jazz instrumentalist,jazz instrumentalist,below_min_track_count,0,0,1
jazz-funk fusion,jazz-funk fusion,below_min_track_count,0,0,5
jazzmetal,jazzmetal,below_min_track_count,0,0,1
jazzu,jazzu,below_min_track_count,0,0,7
je te promet,je te promet,below_min_track_count,0,0,17
jefferson airplane,jefferson airplane,below_min_track_count,0,0,1
jephtha,jephtha,below_min_track_count,0,0,2
jeroen,jeroen,below_min_track_count,0,0,1
jesse markin,jesse markin,below_min_track_count,0,0,1
jesus adrian romero,jesus adrian romero,below_min_track_count,0,0,4
jesus adrian romero oficial,jesus adrian romero oficial,below_min_track_count,0,0,4
jij,jij,below_min_track_count,0,0,1
john foxx,john foxx,below_min_track_count,0,0,1
jorja smith,jorja smith,below_min_track_count,0,0,1
josh ramsay,josh ramsay,below_min_track_count,0,0,2
juan david villacrez · saxofon.,juan david villacrez · saxofon.,below_min_track_count,0,0,2
juarez,juarez,below_min_track_count,0,0,1
jules de martino,jules de martino,below_min_track_count,0,0,2
jump,jump,below_min_track_count,0,0,2
jumpstyle drum & bass,jumpstyle drum & bass,below_min_track_count,0,0,14
jxtm,jxtm,below_min_track_count,0,0,4
k.i.d,k.i.d,below_min_track_count,0,0,3
kalevala,kalevala,below_min_track_count,0,0,26
kansas,kansas,below_min_track_count,0,0,1
karlsruhe,karlsruhe,below_min_track_count,0,0,4
katie white,katie white,below_min_track_count,0,0,2
kemenagan cinta,kemenagan cinta,below_min_track_count,0,0,7
kennedy,kennedy,below_min_track_count,0,0,1
kim falo,kim falo,below_min_track_count,0,0,3
kinected recordings,kinected recordings,below_min_track_count,0,0,1
kissel,kissel,below_min_track_count,0,0,1
kolschrock,kolschrock,below_min_track_count,0,0,1
komsu,komsu,below_min_track_count,0,0,8
korbach,korbach,below_min_track_count,0,0,1
korea,korea,below_min_track_count,0,0,1
korean hip hop,korean hip hop,below_min_track_count,0,0,1
korean underground,korean underground,below_min_track_count,0,0,1
kpop idols,kpop idols,below_min_track_count,0,0,2
krishnacore,krishnacore,below_min_track_count,0,0,1
krisvosa ent,krisvosa ent,below_min_track_count,0,0,1
kyle,kyle,below_min_track_count,0,0,3
l,l,below_min_track_count,0,0,2
l.t,l.t,below_min_track_count,0,0,1
la escena,la escena,below_min_track_count,0,0,1
la florida,la florida,below_min_track_count,0,0,2
la quinta estacion,la quinta estacion,below_min_track_count,0,0,3
la voix,la voix,below_min_track_count,0,0,20
laika,laika,below_min_track_count,0,0,5
landscapes,landscapes,below_min_track_count,0,0,3
latin disco,latin disco,below_min_track_count,0,0,10
latin salsa,latin salsa,below_min_track_count,0,0,1
lds,lds,below_min_track_count,0,0,3
lees and seas,lees and seas,below_min_track_count,0,0,7
leon athens,leon athens,below_min_track_count,0,0,1
leon of athens,leon of athens,below_min_track_count,0,0,1
leon somos,leon somos,below_min_track_count,0,0,7
leon somos & jazzu,leon somos & jazzu,below_min_track_count,0,0,7
leon veremis,leon veremis,below_min_track_count,0,0,1
letitrun,letitrun,below_min_track_count,0,0,4
lgbt,lgbt,below_min_track_count,0,0,2
lider,lider,below_min_track_count,0,0,3
liedermacherin,liedermacherin,below_min_track_count,0,0,1
lithuanian band,lithuanian band,below_min_track_count,0,0,7
lithuanian deep house,lithuanian deep house,below_min_track_count,0,0,6
lithuanian downtempo,lithuanian downtempo,below_min_track_count,0,0,12
lithuanian experimental,lithuanian experimental,below_min_track_count,0,0,7
lithuanian traditional pop,lithuanian traditional pop,below_min_track_count,0,0,2
littlebit,littlebit,below_min_track_count,0,0,4
live electronic,live electronic,below_min_track_count,0,0,10
live instrumentation,live instrumentation,below_min_track_count,0,0,1
live ride,live ride,below_min_track_count,0,0,1
living in a box,living in a box,below_min_track_count,0,0,1
lo mejor de jesus adrian romero,lo mejor de jesus adrian romero,below_min_track_count,0,0,4
loddefjord,loddefjord,below_min_track_count,0,0,1
look after you,look after you,below_min_track_count,0,0,3
looping,looping,below_min_track_count,0,0,5
loriel,loriel,below_min_track_count,0,0,3
los rios,los rios,below_min_track_count,0,0,1
love songs,love songs,below_min_track_count,0,0,1
love to come see you,love to come see you,below_min_track_count,0,0,2
lower than the ground,lower than the ground,below_min_track_count,0,0,7
lucid moments,lucid moments,below_min_track_count,0,0,4
ludwig suthaus,ludwig suthaus,below_min_track_count,0,0,1
lw recordings,lw recordings,below_min_track_count,0,0,1
lynyrd skynyrd,lynyrd skynyrd,below_min_track_count,0,0,4
m2m,m2m,below_min_track_count,0,0,1
madeira,madeira,below_min_track_count,0,0,1
madgesdiqceg,madgesdiqceg,below_min_track_count,0,0,25
maestro,maestro,below_min_track_count,0,0,1
mahalia,mahalia,below_min_track_count,0,0,1
mahbub islam,mahbub islam,below_min_track_count,0,0,2
makatapop,makatapop,below_min_track_count,0,0,1
make yourself,make yourself,below_min_track_count,0,0,3
malaysian,malaysian,below_min_track_count,0,0,11
male vocal dance,male vocal dance,below_min_track_count,0,0,7
maliqndessentials,maliqndessentials,below_min_track_count,0,0,16
mallorca,mallorca,below_min_track_count,0,0,2
mamamoo,mamamoo,below_min_track_count,0,0,12
mando diao unplugged,mando diao unplugged,below_min_track_count,0,0,6
maracibo,maracibo,below_min_track_count,0,0,8
marathi soundtrack,marathi soundtrack,below_min_track_count,0,0,5
marcus vere,marcus vere,below_min_track_count,0,0,1
mariana s,mariana s,below_min_track_count,0,0,2
marillion,marillion,below_min_track_count,0,0,3
martial industrial,martial industrial,below_min_track_count,0,0,3
mastering,mastering,below_min_track_count,0,0,12
math,math,below_min_track_count,0,0,1
math pop,math pop,below_min_track_count,0,0,3
mbs-4009,mbs-4009,below_min_track_count,0,0,1
mcs fight night,mcs fight night,below_min_track_count,0,0,1
mcs fight night 2005,mcs fight night 2005,below_min_track_count,0,0,1
mcs fight night 2007,mcs fight night 2007,below_min_track_count,0,0,1
mcs fight night 2009,mcs fight night 2009,below_min_track_count,0,0,1
mcs fight night champion,mcs fight night champion,below_min_track_count,0,0,1
mcyt,mcyt,below_min_track_count,0,0,15
medley a b,medley a b,below_min_track_count,0,0,8
mehdi ayoubi,mehdi ayoubi,below_min_track_count,0,0,1
melancholy,melancholy,below_min_track_count,0,0,1
melodic death doom,melodic death doom,below_min_track_count,0,0,26
melodic death-doom metal,melodic death-doom metal,below_min_track_count,0,0,26
melodic heavy metal,melodic heavy metal,below_min_track_count,0,0,26
melodic trance,melodic trance,below_min_track_count,0,0,1
melodica,melodica,below_min_track_count,0,0,1
melodifestivalen 2025,melodifestivalen 2025,below_min_track_count,0,0,1
melodramatic,melodramatic,below_min_track_count,0,0,5
merecumbe,merecumbe,below_min_track_count,0,0,2
merge into [anonymous,merge into [anonymous,below_min_track_count,0,0,3
mestizo,mestizo,below_min_track_count,0,0,5
metamorph seismic,metamorph seismic,below_min_track_count,0,0,1
mexican composer,mexican composer,below_min_track_count,0,0,8
mexicanos,mexicanos,below_min_track_count,0,0,1
mich. rap,mich. rap,below_min_track_count,0,0,1
michigan,michigan,below_min_track_count,0,0,1
micropop,micropop,below_min_track_count,0,0,1
mike damhesel,mike damhesel,below_min_track_count,0,0,5
minnesota,minnesota,below_min_track_count,0,0,2
miroslav zbirka,miroslav zbirka,below_min_track_count,0,0,9
miss sun,miss sun,below_min_track_count,0,0,1
misshitsu kei,misshitsu kei,below_min_track_count,0,0,1
missing releases,missing releases,below_min_track_count,0,0,2
mixed-gender band,mixed-gender band,below_min_track_count,0,0,2
mixed-gender group,mixed-gender group,below_min_track_count,0,0,2
moldova,moldova,below_min_track_count,0,0,1
moments,moments,below_min_track_count,0,0,3
mongolian folk rock,mongolian folk rock,below_min_track_count,0,0,5
mongolian rock,mongolian rock,below_min_track_count,0,0,5
monster neos,monster neos,below_min_track_count,0,0,1
monster tunes,monster tunes,below_min_track_count,0,0,1
moon taxi,moon taxi,below_min_track_count,0,0,1
mormon,mormon,below_min_track_count,0,0,3
murder folk,murder folk,below_min_track_count,0,0,1
music director,music director,below_min_track_count,0,0,2
music of israel,music of israel,below_min_track_count,0,0,3
music-rock,music-rock,below_min_track_count,0,0,11
musica chilena,musica chilena,below_min_track_count,0,0,4
musica cristiana,musica cristiana,below_min_track_count,0,0,4
musica de alabanza,musica de alabanza,below_min_track_count,0,0,4
musica fronteriza,musica fronteriza,below_min_track_count,0,0,1
musica latina,musica latina,below_min_track_count,0,0,2
musica popular brasileira,musica popular brasileira,below_min_track_count,0,0,1
muted techno,muted techno,below_min_track_count,0,0,1
muzika mizrahit,muzika mizrahit,below_min_track_count,0,0,2
my morning jacket,my morning jacket,below_min_track_count,0,0,3
mysterious,mysterious,below_min_track_count,0,0,1
myungsoo,myungsoo,below_min_track_count,0,0,2
nadia malm,nadia malm,below_min_track_count,0,0,1
nane · teclados,nane · teclados,below_min_track_count,0,0,2
nashville,nashville,below_min_track_count,0,0,1
nathan nicholson,nathan nicholson,below_min_track_count,0,0,1
nbt,nbt,below_min_track_count,0,0,5
nbt id,nbt id,below_min_track_count,0,0,5
nbt lyrics,nbt lyrics,below_min_track_count,0,0,5
nea,nea,below_min_track_count,0,0,1
neal casal,neal casal,below_min_track_count,0,0,1
needs disambiguation,needs disambiguation,below_min_track_count,0,0,1
neil young,neil young,below_min_track_count,0,0,1
neo kyma,neo kyma,below_min_track_count,0,0,1
neo rockabilly,neo rockabilly,below_min_track_count,0,0,2
neo-medieval folk,neo-medieval folk,below_min_track_count,0,0,14
neo-millennial jazz,neo-millennial jazz,below_min_track_count,0,0,25
neo-rockabilly,neo-rockabilly,below_min_track_count,0,0,1
neo-trad,neo-trad,below_min_track_count,0,0,9
neu-noir,neu-noir,below_min_track_count,0,0,1
new roots,new roots,below_min_track_count,0,0,2
new wave music,new wave music,below_min_track_count,0,0,1
new york hardcore,new york hardcore,below_min_track_count,0,0,4
newcastle,newcastle,below_min_track_count,0,0,2
newcomer,newcomer,below_min_track_count,0,0,1
newfoundland,newfoundland,below_min_track_count,0,0,1
ngs,ngs,below_min_track_count,0,0,1
ngs-todo,ngs-todo,below_min_track_count,0,0,2
nick drake,nick drake,below_min_track_count,0,0,1
nick kemp-bystrzycki,nick kemp-bystrzycki,below_min_track_count,0,0,5
nicolai fella · vocal,nicolai fella · vocal,below_min_track_count,0,0,2
nils frahm,nils frahm,below_min_track_count,0,0,2
nilufer,nilufer,below_min_track_count,0,0,3
no matter what i do,no matter what i do,below_min_track_count,0,0,4
nocturnal,nocturnal,below_min_track_count,0,0,26
noir wave,noir wave,below_min_track_count,0,0,1
norm ender,norm ender,below_min_track_count,0,0,22
norm ender aura,norm ender aura,below_min_track_count,0,0,22
norm ender facebook,norm ender facebook,below_min_track_count,0,0,22
norm ender icinde patlar,norm ender icinde patlar,below_min_track_count,0,0,22
norm ender twitter,norm ender twitter,below_min_track_count,0,0,22
normlife,normlife,below_min_track_count,0,0,22
norvege,norvege,below_min_track_count,0,0,1
norvegien,norvegien,below_min_track_count,0,0,1
norwegian soprano,norwegian soprano,below_min_track_count,0,0,1
not as good as metallica,not as good as metallica,below_min_track_count,0,0,11
not colourful records,not colourful records,below_min_track_count,0,0,4
note2,note2,below_min_track_count,0,0,1
nothing but thieves,nothing but thieves,below_min_track_count,0,0,5
nothing but thieves emergency,nothing but thieves emergency,below_min_track_count,0,0,5
nothing but thieves full album,nothing but thieves full album,below_min_track_count,0,0,5
nothing but thieves graveyard whistling,nothing but thieves graveyard whistling,below_min_track_count,0,0,5
nothing but thieves itch,nothing but thieves itch,below_min_track_count,0,0,5
nothing but thieves last orders,nothing but thieves last orders,below_min_track_count,0,0,5
nothing but thieves live,nothing but thieves live,below_min_track_count,0,0,5
nothing but thieves lover please stay,nothing but thieves lover please stay,below_min_track_count,0,0,5
nothing but thieves lyrics,nothing but thieves lyrics,below_min_track_count,0,0,5
nothing but thieves trip switch,nothing but thieves trip switch,below_min_track_count,0,0,5
nothing but thieves vevo,nothing but thieves vevo,below_min_track_count,0,0,5
nova canco,nova canco,below_min_track_count,0,0,1
noyz narcos & fritz da cat,noyz narcos & fritz da cat,below_min_track_count,0,0,53
nu:chain music,nu:chain music,below_min_track_count,0,0,1
nueva cancion espanola,nueva cancion espanola,below_min_track_count,0,0,1
nueva cancion latinoamericana,nueva cancion latinoamericana,below_min_track_count,0,0,1
nueva cumbia chilena,nueva cumbia chilena,below_min_track_count,0,0,31
nuevo flamenco,nuevo flamenco,below_min_track_count,0,0,4
ny,ny,below_min_track_count,0,0,3
oc remixer,oc remixer,below_min_track_count,0,0,4
occultism,occultism,below_min_track_count,0,0,5
odm,odm,below_min_track_count,0,0,1
old pop,old pop,below_min_track_count,0,0,1
old school hip-hop,old school hip-hop,below_min_track_count,0,0,3
old-school hip-hop,old-school hip-hop,below_min_track_count,0,0,1
old-time,old-time,below_min_track_count,0,0,2
oliver petersen,oliver petersen,below_min_track_count,0,0,1
olli petersen,olli petersen,below_min_track_count,0,0,1
once once,once once,below_min_track_count,0,0,1
operetta,operetta,below_min_track_count,0,0,1
orchestral music,orchestral music,below_min_track_count,0,0,1
orem,orem,below_min_track_count,0,0,1
original pilipino music (opm,original pilipino music (opm,below_min_track_count,0,0,3
original score,original score,below_min_track_count,0,0,3
oshare kei,oshare kei,below_min_track_count,0,0,2
other,other,below_min_track_count,0,0,2
outrun,outrun,below_min_track_count,0,0,3
pagan,pagan,below_min_track_count,0,0,1
pagan folk,pagan folk,below_min_track_count,0,0,16
pagodao,pagodao,below_min_track_count,0,0,3
pagode romantico,pagode romantico,below_min_track_count,0,0,1
pakistani fusion,pakistani fusion,below_min_track_count,0,0,2
pakistani semi-classical,pakistani semi-classical,below_min_track_count,0,0,3
pakistani traditional,pakistani traditional,below_min_track_count,0,0,1
pasillo,pasillo,below_min_track_count,0,0,1
perfecto fluoro,perfecto fluoro,below_min_track_count,0,0,1
perfecto records,perfecto records,below_min_track_count,0,0,1
persian blues music,persian blues music,below_min_track_count,0,0,1
personal struggles,personal struggles,below_min_track_count,0,0,3
perth,perth,below_min_track_count,0,0,5
peruvian cumbia,peruvian cumbia,below_min_track_count,0,0,1
phil spector,phil spector,below_min_track_count,0,0,4
phonetic phail,phonetic phail,below_min_track_count,0,0,2
pianiast,pianiast,below_min_track_count,0,0,1
pianiste,pianiste,below_min_track_count,0,0,1
piers hewitt,piers hewitt,below_min_track_count,0,0,1
pigfuck,pigfuck,below_min_track_count,0,0,1
pilon,pilon,below_min_track_count,0,0,2
pittsburgh,pittsburgh,below_min_track_count,0,0,1
playa linda,playa linda,below_min_track_count,0,0,1
podcast,podcast,below_min_track_count,0,0,2
poetic pop,poetic pop,below_min_track_count,0,0,8
polish conductor,polish conductor,below_min_track_count,0,0,1
polish pianist,polish pianist,below_min_track_count,0,0,1
polite society or murder,polite society or murder,below_min_track_count,0,0,1
political hip-hop,political hip-hop,below_min_track_count,0,0,6
politically charged,politically charged,below_min_track_count,0,0,2
politico,politico,below_min_track_count,0,0,1
politics,politics,below_min_track_count,0,0,1
polski,polski,below_min_track_count,0,0,3
pop female singer-songwriter,pop female singer-songwriter,below_min_track_count,0,0,1
pop rock country rock,pop rock country rock,below_min_track_count,0,0,1
pop-noir,pop-noir,below_min_track_count,0,0,1
pop-rap,pop-rap,below_min_track_count,0,0,5
poptones,poptones,below_min_track_count,0,0,1
populara,populara,below_min_track_count,0,0,1
pornocore,pornocore,below_min_track_count,0,0,1
post rock,post rock,below_min_track_count,0,0,2
post-pop,post-pop,below_min_track_count,0,0,1
postcard records,postcard records,below_min_track_count,0,0,1
pow,pow,below_min_track_count,0,0,1
power trance,power trance,below_min_track_count,0,0,1
powwow-step,powwow-step,below_min_track_count,0,0,1
prank calls,prank calls,below_min_track_count,0,0,3
pride,pride,below_min_track_count,0,0,3
progressive deathcore,progressive deathcore,below_min_track_count,0,0,1
progressive funk rock,progressive funk rock,below_min_track_count,0,0,1
progressive hip hop,progressive hip hop,below_min_track_count,0,0,3
progressive new age,progressive new age,below_min_track_count,0,0,1
protest,protest,below_min_track_count,0,0,1
protest song,protest song,below_min_track_count,0,0,1
proto-rock,proto-rock,below_min_track_count,0,0,1
provo,provo,below_min_track_count,0,0,1
psicodelia,psicodelia,below_min_track_count,0,0,1
psybient,psybient,below_min_track_count,0,0,11
psychedelic chillout,psychedelic chillout,below_min_track_count,0,0,1
psychedelic doom,psychedelic doom,below_min_track_count,0,0,1
psychedelic doom metal,psychedelic doom metal,below_min_track_count,0,0,1
psychedelic violence crime of visual shock,psychedelic violence crime of visual shock,below_min_track_count,0,0,1
psychill,psychill,below_min_track_count,0,0,1
psydub,psydub,below_min_track_count,0,0,1
pucon,pucon,below_min_track_count,0,0,1
punk metal,punk metal,below_min_track_count,0,0,1
pup,pup,below_min_track_count,0,0,1
racnhera,racnhera,below_min_track_count,0,0,4
raeen roes,raeen roes,below_min_track_count,0,0,1
raga,raga,below_min_track_count,0,0,2
raga rock,raga rock,below_min_track_count,0,0,2
raggamuffin,raggamuffin,below_min_track_count,0,0,1
ranchera chilena,ranchera chilena,below_min_track_count,0,0,4
rap hip-hop,rap hip-hop,below_min_track_count,0,0,1
rap uk,rap uk,below_min_track_count,0,0,9
raw,raw,below_min_track_count,0,0,1
raw hardstyle,raw hardstyle,below_min_track_count,0,0,1
rebellious,rebellious,below_min_track_count,0,0,1
redux digital,redux digital,below_min_track_count,0,0,1
redux recordings,redux recordings,below_min_track_count,0,0,1
redzone records,redzone records,below_min_track_count,0,0,2
reflexion,reflexion,below_min_track_count,0,0,1
regional,regional,below_min_track_count,0,0,16
religion,religion,below_min_track_count,0,0,1
rem,rem,below_min_track_count,0,0,1
reverb,reverb,below_min_track_count,0,0,3
rhapsody online,rhapsody online,below_min_track_count,0,0,4
richard bedford,richard bedford,below_min_track_count,0,0,2
richard darbyshire,richard darbyshire,below_min_track_count,0,0,1
ritual ambient,ritual ambient,below_min_track_count,0,0,9
river flows in you,river flows in you,below_min_track_count,0,0,1
rnb singer,rnb singer,below_min_track_count,0,0,2
rock & roll revival,rock & roll revival,below_min_track_count,0,0,1
rock andino,rock andino,below_min_track_count,0,0,2
rock demenziale,rock demenziale,below_min_track_count,0,0,3
rock pop,rock pop,below_min_track_count,0,0,3
rock-polo,rock-polo,below_min_track_count,0,0,1
rockn roll,rockn roll,below_min_track_count,0,0,2
roman,roman,below_min_track_count,0,0,1
romania,romania,below_min_track_count,0,0,13
room in your heart,room in your heart,below_min_track_count,0,0,1
root,root,below_min_track_count,0,0,1
rotterdam,rotterdam,below_min_track_count,0,0,3
rubwn bladws,rubwn bladws,below_min_track_count,0,0,1
rwanda,rwanda,below_min_track_count,0,0,1
rwandan gospel music,rwandan gospel music,below_min_track_count,0,0,1
sacd,sacd,below_min_track_count,0,0,1
sakamichi,sakamichi,below_min_track_count,0,0,2
salsa dura,salsa dura,below_min_track_count,0,0,2
samba funk,samba funk,below_min_track_count,0,0,1
samba pagode,samba pagode,below_min_track_count,0,0,1
satanism,satanism,below_min_track_count,0,0,8
saxophone,saxophone,below_min_track_count,0,0,3
scary octopus,scary octopus,below_min_track_count,0,0,5
schwabenrock,schwabenrock,below_min_track_count,0,0,1
schwobarock,schwobarock,below_min_track_count,0,0,1
scooter,scooter,below_min_track_count,0,0,10
scouse house,scouse house,below_min_track_count,0,0,1
script-hebr,script-hebr,below_min_track_count,0,0,1
scusami,scusami,below_min_track_count,0,0,15
sebastian panesso · guitarra,sebastian panesso · guitarra,below_min_track_count,0,0,2
seishun punk,seishun punk,below_min_track_count,0,0,6
seven,seven,below_min_track_count,0,0,2
shanties,shanties,below_min_track_count,0,0,1
sharik khan jr,sharik khan jr,below_min_track_count,0,0,6
sharik khan jr achalpur,sharik khan jr achalpur,below_min_track_count,0,0,6
shinjuku zulu,shinjuku zulu,below_min_track_count,0,0,4
shitgaze,shitgaze,below_min_track_count,0,0,1
showa kayou kei,showa kayou kei,below_min_track_count,0,0,1
showtunes,showtunes,below_min_track_count,0,0,1
shrewsbury,shrewsbury,below_min_track_count,0,0,1
simon-garfunkel,simon-garfunkel,below_min_track_count,0,0,2
sing,sing,below_min_track_count,0,0,2
singer-songwriter liedermacher,singer-songwriter liedermacher,below_min_track_count,0,0,1
skacore,skacore,below_min_track_count,0,0,3
skhillz,skhillz,below_min_track_count,0,0,1
skoop on somebody,skoop on somebody,below_min_track_count,0,0,2
skuba,skuba,below_min_track_count,0,0,1
sloth,sloth,below_min_track_count,0,0,1
slummin,slummin,below_min_track_count,0,0,3
smooth,smooth,below_min_track_count,0,0,1
smooth vocals,smooth vocals,below_min_track_count,0,0,1
solace,solace,below_min_track_count,0,0,1
somo,somo,below_min_track_count,0,0,1
songs based on games,songs based on games,below_min_track_count,0,0,3
songvakeppnin,songvakeppnin,below_min_track_count,0,0,7
songvakeppnin 2019,songvakeppnin 2019,below_min_track_count,0,0,7
sonngwriter,sonngwriter,below_min_track_count,0,0,1
sophisticated rock,sophisticated rock,below_min_track_count,0,0,1
soudtrack,soudtrack,below_min_track_count,0,0,1
soul-jazz,soul-jazz,below_min_track_count,0,0,2
soundrack,soundrack,below_min_track_count,0,0,6
south korean boyband,south korean boyband,below_min_track_count,0,0,2
south park,south park,below_min_track_count,0,0,24
south park character,south park character,below_min_track_count,0,0,24
space jungle,space jungle,below_min_track_count,0,0,3
spaces,spaces,below_min_track_count,0,0,3
spanish classical music,spanish classical music,below_min_track_count,0,0,1
spanish guitar,spanish guitar,below_min_track_count,0,0,1
spolariom,spolariom,below_min_track_count,0,0,7
st tropez,st tropez,below_min_track_count,0,0,1
state control records,state control records,below_min_track_count,0,0,1
step,step,below_min_track_count,0,0,1
stfu totally better than metallica,stfu totally better than metallica,below_min_track_count,0,0,11
stories,stories,below_min_track_count,0,0,3
straight edge,straight edge,below_min_track_count,0,0,1
straight-edge,straight-edge,below_min_track_count,0,0,1
strings,strings,below_min_track_count,0,0,1
strumbellas,strumbellas,below_min_track_count,0,0,1
stuck in the middle,stuck in the middle,below_min_track_count,0,0,1
suanda base,suanda base,below_min_track_count,0,0,1
suanda dark,suanda dark,below_min_track_count,0,0,1
suanda music,suanda music,below_min_track_count,0,0,1
suanda true,suanda true,below_min_track_count,0,0,1
summer dance party,summer dance party,below_min_track_count,0,0,1
sungjong,sungjong,below_min_track_count,0,0,2
sungkyu,sungkyu,below_min_track_count,0,0,2
sungyeol,sungyeol,below_min_track_count,0,0,2
sur de chile,sur de chile,below_min_track_count,0,0,1
surrey,surrey,below_min_track_count,0,0,2
svensk,svensk,below_min_track_count,0,0,1
swedish chamber orchestra,swedish chamber orchestra,below_min_track_count,0,0,1
swedish orchestra,swedish orchestra,below_min_track_count,0,0,1
swedish rap,swedish rap,below_min_track_count,0,0,1
swedish rock,swedish rock,below_min_track_count,0,0,6
swing revival,swing revival,below_min_track_count,0,0,1
symphonic deathcore,symphonic deathcore,below_min_track_count,0,0,1
synthesizer rock,synthesizer rock,below_min_track_count,0,0,1
synthie-pop,synthie-pop,below_min_track_count,0,0,4
synthpop uk,synthpop uk,below_min_track_count,0,0,1
t.c. matic,t.c. matic,below_min_track_count,0,0,1
taboo-breaking pop,taboo-breaking pop,below_min_track_count,0,0,2
taiwo olowu,taiwo olowu,below_min_track_count,0,0,1
tal,tal,below_min_track_count,0,0,10
tallinn,tallinn,below_min_track_count,0,0,2
taxexile,taxexile,below_min_track_count,0,0,1
tech,tech,below_min_track_count,0,0,2
technical thrash metal,technical thrash metal,below_min_track_count,0,0,27
technobanda,technobanda,below_min_track_count,0,0,4
tecnorumba,tecnorumba,below_min_track_count,0,0,1
telugu,telugu,below_min_track_count,0,0,8
teoman,teoman,below_min_track_count,0,0,3
terror,terror,below_min_track_count,0,0,1
teutonic thrash metal,teutonic thrash metal,below_min_track_count,0,0,1
thai-pop,thai-pop,below_min_track_count,0,0,9
the blue hearts,the blue hearts,below_min_track_count,0,0,6
the chamanas,the chamanas,below_min_track_count,0,0,1
the elder scrolls,the elder scrolls,below_min_track_count,0,0,1
the elgar society,the elgar society,below_min_track_count,0,0,2
thom monahan,thom monahan,below_min_track_count,0,0,1
thrash-metal,thrash-metal,below_min_track_count,0,0,2
timoleon veremis,timoleon veremis,below_min_track_count,0,0,1
todd howe,todd howe,below_min_track_count,0,0,1
tom manders,tom manders,below_min_track_count,0,0,1
tom waits,tom waits,below_min_track_count,0,0,1
tonada chilena,tonada chilena,below_min_track_count,0,0,1
tony tessari,tony tessari,below_min_track_count,0,0,5
toolroom records,toolroom records,below_min_track_count,0,0,1
traiguen,traiguen,below_min_track_count,0,0,1
trailer music,trailer music,below_min_track_count,0,0,2
tranen lugen nicht,tranen lugen nicht,below_min_track_count,0,0,15
tribe called red,tribe called red,below_min_track_count,0,0,1
tricky stewart,tricky stewart,below_min_track_count,0,0,2
tristan,tristan,below_min_track_count,0,0,1
tropical rock,tropical rock,below_min_track_count,0,0,4
tropicanibalismo,tropicanibalismo,below_min_track_count,0,0,1
trumpets,trumpets,below_min_track_count,0,0,4
tunbalism,tunbalism,below_min_track_count,0,0,3
tune,tune,below_min_track_count,0,0,4
turbo chalga,turbo chalga,below_min_track_count,0,0,1
turc,turc,below_min_track_count,0,0,1
turkey,turkey,below_min_track_count,0,0,1
turquie,turquie,below_min_track_count,0,0,1
tuva rock,tuva rock,below_min_track_count,0,0,5
tuvan,tuvan,below_min_track_count,0,0,5
tuvan rock,tuvan rock,below_min_track_count,0,0,5
twitch streamer,twitch streamer,below_min_track_count,0,0,3
uach,uach,below_min_track_count,0,0,1
ukf,ukf,below_min_track_count,0,0,1
under rated,under rated,below_min_track_count,0,0,2
union,union,below_min_track_count,0,0,1
upbeat,upbeat,below_min_track_count,0,0,1
upbeat pop,upbeat pop,below_min_track_count,0,0,1
utah,utah,below_min_track_count,0,0,2
valdivia,valdivia,below_min_track_count,0,0,1
valledupar,valledupar,below_min_track_count,0,0,5
van halen,van halen,below_min_track_count,0,0,2
vandit records,vandit records,below_min_track_count,0,0,1
vastago music,vastago music,below_min_track_count,0,0,4
vastago play,vastago play,below_min_track_count,0,0,4
vegas,vegas,below_min_track_count,0,0,2
verona,verona,below_min_track_count,0,0,12
versos en la boca,versos en la boca,below_min_track_count,0,0,1
vetiver,vetiver,below_min_track_count,0,0,1
vevo,vevo,below_min_track_count,0,0,5
vibey,vibey,below_min_track_count,0,0,5
vihuela,vihuela,below_min_track_count,0,0,3
villarrica,villarrica,below_min_track_count,0,0,1
viola,viola,below_min_track_count,0,0,1
vita spericolata,vita spericolata,below_min_track_count,0,0,17
vocal electronic,vocal electronic,below_min_track_count,0,0,1
volare,volare,below_min_track_count,0,0,1
wanessa,wanessa,below_min_track_count,0,0,1
warhammer,warhammer,below_min_track_count,0,0,3
warner,warner,below_min_track_count,0,0,1
we dress good,we dress good,below_min_track_count,0,0,1
webcore,webcore,below_min_track_count,0,0,1
weine nicht kleine eva,weine nicht kleine eva,below_min_track_count,0,0,3
wesley,wesley,below_min_track_count,0,0,1
where can i by your merchendise,where can i by your merchendise,below_min_track_count,0,0,2
whimsically inclined,whimsically inclined,below_min_track_count,0,0,7
white voice,white voice,below_min_track_count,0,0,1
wilco,wilco,below_min_track_count,0,0,1
williams,williams,below_min_track_count,0,0,1
windmill scene,windmill scene,below_min_track_count,0,0,2
woohyun,woohyun,below_min_track_count,0,0,2
woollim,woollim,below_min_track_count,0,0,2
world beats,world beats,below_min_track_count,0,0,1
worldmusic,worldmusic,below_min_track_count,0,0,1
wow,wow,below_min_track_count,0,0,1
xiv region,xiv region,below_min_track_count,0,0,1
ybn nahmir,ybn nahmir,below_min_track_count,0,0,4
yentle,yentle,below_min_track_count,0,0,1
yiddish,yiddish,below_min_track_count,0,0,2
york,york,below_min_track_count,0,0,3
you for me,you for me,below_min_track_count,0,0,2
youngbloodz,youngbloodz,below_min_track_count,0,0,2
youngbloodz new music,youngbloodz new music,below_min_track_count,0,0,2
youtube,youtube,below_min_track_count,0,0,2
zainichi korean,zainichi korean,below_min_track_count,0,0,2
zakkum,zakkum,below_min_track_count,0,0,3
zeuhl,zeuhl,below_min_track_count,0,0,1
zo,zo,below_min_track_count,0,0,1
ærmelunden,ærmelunden,below_min_track_count,0,0,12
боташе,боташе,below_min_track_count,0,0,1
девочка не спит (dj megantrop bootleg,девочка не спит (dj megantrop bootleg,below_min_track_count,0,0,6
девушки нам не дают,девушки нам не дают,below_min_track_count,0,0,6
на повторі,на повторі,below_min_track_count,0,0,1
пнх,пнх,below_min_track_count,0,0,1
птахи,птахи,below_min_track_count,0,0,1
реп,реп,below_min_track_count,0,0,1
сучасна музика,сучасна музика,below_min_track_count,0,0,1
украінськии реп,украінськии реп,below_min_track_count,0,0,1
украінські пісні,украінські пісні,below_min_track_count,0,0,1
хіп-хоп,хіп-хоп,below_min_track_count,0,0,1
עברי,עברי,below_min_track_count,0,0,1
اناشيد,اناشيد,below_min_track_count,0,0,3
رشيد طه‎,رشيد طه‎,below_min_track_count,0,0,7
نشيد,نشيد,below_min_track_count,0,0,3
인피니트,인피니트,below_min_track_count,0,0,2
こ当地アイトル,こ当地アイトル,below_min_track_count,0,0,1
アイトル,アイトル,below_min_track_count,0,0,7
