Genre,ResolvedTrackCount,TSOccurrenceCount,ArtistOccurrenceCount
pop,16842,4355,33470
hip hop,12618,2248,41701
reggaeton,11202,7921,20102
urbano latino,10056,7827,15629
trap latino,9233,7234,11663
rap,8811,3857,17560
trap,8457,2874,19046
rock,8167,1018,20296
pop rap,6500,1615,14758
pop urbaine,6450,5642,4107
german hip hop,6261,5569,5659
dance pop,6094,1518,10807
pop rock,5757,112,14600
french hip hop,5570,5324,1651
latin,5482,651,21645
r & b,5376,795,10290
electropop,4433,357,9201
contemporary r & b,4253,58,8548
latin pop,3771,1915,6597
k-pop,3702,2144,5494
electronic,3689,18,9564
afrobeats,3535,2266,4617
italian pop,3293,3214,453
italian hip hop,3137,3137,0
finnish pop,3089,2620,3616
edm,3088,1582,4486
alternative rock,2986,204,6594
classic pop and rock,2970,0,6952
uk,2970,0,6824
finnish hip hop,2709,2354,2359
southern hip hop,2623,862,3821
corrido,2542,1583,3364
country,2532,317,5070
dancehall,2513,912,3353
soul,2482,153,5873
synth pop,2429,90,6808
mandopop,2415,2222,2725
polish hip hop,2394,2342,207
rap francais,2388,2380,84
czsk hip hop,2386,2386,0
dance,2331,3,5940
dutch hip hop,2330,2328,7
j-pop,2296,1616,3336
danish pop,2250,2250,0
banda,2241,1343,2865
afropop,2230,1236,3809
house,2181,543,4516
música mexicana,2163,1329,2319
reggae,2086,395,4012
indie rock,2078,172,4837
electro house,2066,666,3568
jazz,2059,44,5921
classical,2042,31,5154
alternative r & b,2032,102,3867
indie pop,2017,72,4609
turkish pop,2009,1642,2464
art pop,1996,403,3781
folk pop,1993,511,3159
hard rock,1983,189,3903
afrobeat,1961,873,4117
sertanejo universitario,1950,1603,2093
sertanejo,1939,1503,2502
cumbia,1936,1538,3226
danish hip hop,1921,1921,0
v-pop,1898,1627,1972
amapiano,1871,1257,2781
swedish pop,1834,1693,1588
usa,1823,0,3682
french rap,1811,874,5685
russian hip hop,1809,1798,48
hip hop rnb and dance hall,1800,0,3931
pop soul,1775,127,3649
corridos tumbados,1770,1096,2316
egyptian pop,1739,1113,2543
finnish dance pop,1724,1724,0
pop and chart,1707,0,3543
metal,1702,184,3274
turkish hip hop,1698,1511,1647
arrocha,1695,1325,1892
classic rock,1682,328,3073
dembow,1674,1319,2323
cantopop,1649,1417,2092
norwegian pop,1600,1327,1781
filmi,1594,1024,2321
arabic hip hop,1594,908,2606
afropiano,1592,815,3632
soft rock,1588,190,2927
hardcore hip hop,1586,134,3190
folk,1569,49,4120
corridos belicos,1557,845,2425
rock and indie,1552,0,3721
sad sierreno,1541,960,1701
new wave,1537,128,3678
funk,1517,242,4108
r&b,1501,2,3405
sierreno,1490,969,1498
pop dance,1481,1481,0
indie,1470,110,3899
t-pop,1460,1162,2110
blues,1455,28,3745
blues rock,1451,48,3472
latin hip hop,1446,1251,713
swedish hip hop,1444,1444,0
alternative pop,1436,0,2751
2008 universal fire victim,1409,0,3247
teen pop,1373,28,2369
kizomba,1346,307,1775
norteno,1338,868,1619
rap conscient,1336,1336,0
has german audiobooks,1324,0,3175
punk,1315,51,3409
swedish trap pop,1310,1310,0
italian adult pop,1305,1305,0
melodic rap,1298,915,946
khaleeji,1296,426,1918
polish trap,1293,1268,140
east coast hip hop,1290,426,2392
trap italiana,1286,1286,0
german pop,1271,1127,1095
nigerian pop,1263,1263,0
ambient,1263,15,2678
r & b francais,1251,1251,0
soca,1251,428,1288
colombian pop,1232,960,1161
gospel,1232,184,2448
dutch rap pop,1231,1231,0
nuno,1230,0,2450
tropical house,1221,418,1739
czech hip hop,1218,1218,0
salsa,1217,663,1587
moroccan pop,1207,607,1912
reggaeton chileno,1197,878,2322
gangsta rap,1185,0,3067
greek trap,1183,1173,56
mizrahi,1176,714,2206
merengue,1154,503,1900
agronejo,1152,898,1272
progressive house,1142,332,2190
desi,1133,523,3251
rock and roll,1119,6,3329
folk rock,1118,62,2810
electro corridos,1117,552,1724
french r & b,1113,397,2495
manele,1108,857,1489
german,1091,0,5942
eurodance,1090,163,2171
experimental,1083,4,2299
conscious hip hop,1082,330,1729
disco,1075,145,2266
punk rock,1069,0,2520
afro soul,1065,552,1536
alternative,1059,1,2357
psychedelic rock,1057,62,2345
opera,1053,5,2757
iskelma,1045,845,1941
art rock,1030,111,2132
indonesian pop,1016,874,1051
pop punk,1011,53,2224
funk carioca,1010,799,718
indietronica,1005,422,1093
c-pop,995,746,3197
ranchera,993,628,1292
uk hip hop,990,901,224
ragga,988,88,1901
mahraganat,987,649,1819
zouk,983,149,1332
country rock,980,35,2252
west coast hip hop,965,241,1705
neo soul,962,130,1736
egyptian hip hop,954,732,1367
vietnamese hip hop,953,784,1195
thai pop,953,705,1541
bachata,948,538,1207
trance,948,107,2240
bollywood,942,368,3153
russian trap,931,931,0
punjabi pop,927,762,1208
chilean trap,927,642,2153
french pop,927,626,1173
christmas,918,243,2090
grupera,916,451,1229
bulgarian pop,914,914,0
afro r & b,911,399,1884
hindi pop,904,353,2779
techno,904,87,1388
afro house,902,269,1372
boy band,899,216,1579
rap maroc,883,883,0
electronica,883,194,1990
russelater,868,645,880
special purpose,866,0,1868
rap marseille,859,859,0
suomi rock,859,859,0
electro,856,41,2076
afroswing,854,465,1607
heavy metal,854,26,1580
modern bollywood,851,851,0
americain,851,0,1696
canadian hip hop,844,375,764
cloud rap,844,110,1848
europop,843,169,1807
lounge,843,127,1458
reggaeton colombiano,841,841,0
desi hip hop,833,661,1168
united states,832,0,1672
drum and bass,830,78,1909
italian trap,822,608,3469
laiko,820,623,987
gqom,818,483,1973
chamber pop,810,122,1252
country pop,808,29,1444
uk pop,807,806,4
atl hip hop,805,805,0
opm,802,665,891
alternative metal,801,250,984
modern rock,799,799,0
tech house,797,153,1299
swedish gangsta rap,796,796,0
progressive rock,791,73,1613
hungarian pop,789,789,0
chilean mambo,789,544,1930
instrumental,786,0,1767
greek hip hop,781,781,0
americana,778,0,1420
regional mexicano,771,0,2282
psychedelic pop,770,4,1674
world,769,15,1862
israeli pop,765,765,0
trap argentino,764,764,0
film soundtrack,763,0,1775
turkish trap,760,760,18
adult contemporary,760,0,1811
j-rock,758,510,1141
european,758,0,2257
indie folk,753,99,1335
spanish pop,749,742,9
deep house,747,111,1303
desi pop,745,625,725
drill,745,257,2206
80s,745,0,1910
rai,736,225,1233
downtempo,736,131,1389
experimental hip hop,732,7,1365
fix,731,0,1681
tejano,723,207,1429
luxury rap,714,0,1082
moroccan rap,712,234,1630
contemporary country,707,302,651
calypso,698,23,1460
lithuanian pop,695,507,691
forro,694,482,977
boom bap,691,76,1501
azonto,687,309,1147
3 step,677,387,1413
anime,676,432,1037
k-pop boy group,674,674,0
chalga,674,637,171
brazilian funk,673,321,1892
romanian trap,668,668,0
dembow belico,665,219,1348
swedish trap,663,663,0
90s,654,0,1457
rockabilly,652,28,1578
trap rap,651,0,1180
queer,648,0,1378
mambo,647,500,1455
ska,642,72,1427
kuduro,637,95,895
progressive trance,634,23,1530
hip hop tuga,632,628,54
afro adura,632,434,1124
sufi,630,248,1192
reggaeton flow,628,628,0
new age,620,11,1396
experimental rock,619,0,1248
emo rap,618,146,1198
ballad,618,0,2001
old school hip hop,617,387,692
alte,615,364,1011
k-rap,613,505,581
argentine trap,613,243,1538
greek drill,609,609,0
gangster rap,609,415,468
kompa,608,91,776
dansktop,604,412,1642
grime,603,394,1091
boy group,603,0,1621
cuarteto,602,474,992
acoustic rock,602,0,1338
musical,600,0,1375
punjabi hip hop,597,382,1284
candombe,595,91,1300
club,593,0,1442
likedis auto,590,0,1618
devotional,589,43,1391
rock en espanol,588,406,722
easy listening,585,95,1266
sertanejo pop,583,583,0
baroque pop,582,88,1014
vocal jazz,578,125,1307
arab pop,575,575,0
psytrance,571,1,1316
latin alternative,569,485,462
easy listening soundtracks and musicals,569,0,1715
bluegrass,566,5,1308
taiwan pop,565,565,0
film composer,561,0,1381
urbano chileno,548,548,0
urbano espanol,548,548,0
norwegian hip hop,548,352,708
mashup,548,1,1298
german drill,547,547,0
private school piano,547,313,1504
schlager,544,102,1467
glam rock,544,83,1017
rap rock,544,21,968
dream pop,543,54,938
argentine hip hop,541,541,0
turkish rock,541,541,0
jungle,541,5,1269
late 2000s,539,0,985
power pop,538,9,918
icelandic pop,536,526,24
portuguese hip hop,534,168,1181
dutch pop,532,530,73
worship,531,124,735
choral,531,11,1287
trip hop,525,78,868
latin rock,524,329,1053
riddim,522,201,505
phonk,521,148,889
rkt,520,341,945
latin house,519,112,715
israeli mediterranean,515,515,0
latin arena pop,513,513,0
post-grunge,511,142,689
acid techno,509,95,501
trap funk,508,287,1318
black metal,506,3,921
k-pop girl group,505,505,0
dutch house,503,379,591
chillout,502,0,1281
malaysian pop,499,431,532
dance and electronica,498,0,1176
slap house,497,289,424
piano rock,497,71,780
classic swedish pop,496,496,0
trap triste,496,496,0
nu metal,496,137,561
shatta,495,174,600
pop nacional,491,491,0
puerto rican pop,490,490,0
hiplife,489,225,858
bogus artist,487,0,858
rap dominicano,486,486,0
czech pop,484,484,0
bolero,484,128,948
tango,484,1,1209
fusion,483,0,1226
hamburg hip hop,481,481,0
hard techno,481,94,489
taiwanese pop,480,333,2290
goth,480,0,1204
french,478,0,1363
cumbia pop,477,477,12
psychobilly,477,1,1189
japan,475,0,1272
us,473,0,1015
piseiro,472,282,1171
funk rock,472,136,970
beethoven,472,0,1178
rap napoletano,467,467,0
canadian pop,466,445,26
rap us,466,0,682
alternative hip hop,464,59,915
fuzzy artist,464,0,1149
britpop,462,104,668
http:,462,0,1165
classic,462,0,1148
rhythm & blues,462,0,1081
cumbia nortena,460,327,610
lo-fi,460,9,777
folklore,460,0,1184
emo,459,25,828
berlin school,459,0,1151
swedish idol pop,458,458,0
egyptian trap,457,457,0
permanent wave,457,395,154
a filk artist,457,0,816
trap edm,457,0,762
meditation,456,1,1135
hillbilly,456,0,1142
chicago,456,0,1136
vietnam indie,455,325,1073
chinese r & b,454,336,998
make,454,0,3403
audiobook,454,0,1188
backstreet boys,454,0,1147
volkstumliche musik,454,0,1136
21 throwback jams,454,0,1135
absolute voices,454,0,1135
acoustic best,454,0,1135
bflaminio,454,0,1135
boot land,454,0,1135
cdnnnow128,454,0,1135
cdx,454,0,1135
celtic celebration,454,0,1135
compilatie,454,0,1135
dfree843,454,0,1135
driven by 80s anthems,454,0,1135
experience the classics,454,0,1135
fix‌me,454,0,1135
hollywood hits,454,0,1135
leaving on a jet plan,454,0,1135
legion of von,454,0,1135
michael jackson,454,0,1135
my sharona,454,0,1135
m‌ess,454,0,1135
ncs,454,0,1135
new generations,454,0,1135
new generations philip glass,454,0,1135
number 1,454,0,1135
put in brackets,454,0,1135
ronak bhatt,454,0,1135
sunshine,454,0,1135
tags,454,0,1135
the welcome committee,454,0,1135
trikitixa,454,0,1135
tunguska chillout grooves,454,0,1135
ultimatecore,454,0,1135
ussr ministry of culture chamber choir,454,0,1135
various,454,0,1135
ƒk₷m€,454,0,1135
101 moments in music,454,0,1134
2001 space odyssey,454,0,1134
50cents,454,0,1134
80 s fresh new,454,0,1134
a crooner collection,454,0,1134
absolute reggae,454,0,1134
adam beyer,454,0,1134
africa middle east,454,0,1134
alirio diaz,454,0,1134
andrade,454,0,1134
andre powels,454,0,1134
andrew york,454,0,1134
armin van buuren,454,0,1134
bareto,454,0,1134
basque,454,0,1134
billboard 1 hits,454,0,1134
binaural beats,454,0,1134
bioshock soundtrack,454,0,1134
birthday,454,0,1134
bravo hits,454,0,1134
bravo hits 82,454,0,1134
breakout artists,454,0,1134
casanovas,454,0,1134
celtic spirit vol 7,454,0,1134
classique,454,0,1134
classwar karaoke,454,0,1134
cobles,454,0,1134
dedicated to you vol 1,454,0,1134
desperado,454,0,1134
devotional buddhist chants,454,0,1134
die drei,454,0,1134
don t rate the va artist,454,0,1134
dresch,454,0,1134
educacion,454,0,1134
elc chritmas,454,0,1134
es lebe der punk,454,0,1134
fjord,454,0,1134
foreign language,454,0,1134
frederic chopin,454,0,1134
futebol,454,0,1134
gerard palaprat,454,0,1134
glass,454,0,1134
gospel religious,454,0,1134
grase,454,0,1134
groom to the gallows,454,0,1134
healing sixes,454,0,1134
hemi-sync,454,0,1134
hot hits,454,0,1134
ibiza,454,0,1134
infantil,454,0,1134
john coltrane,454,0,1134
josquin,454,0,1134
jucanto,454,0,1134
kinderchore,454,0,1134
kinderliedjes kapiteinwinokio humo,454,0,1134
klaus baumgart,454,0,1134
la grande sophie,454,0,1134
lil eazy-e,454,0,1134
liturgic,454,0,1134
liz,454,0,1134
liz andrade,454,0,1134
local music of iran,454,0,1134
los 24 grandes exitos de la zarzuela,454,0,1134
marilyn manson,454,0,1134
mary j blige,454,0,1134
mega,454,0,1134
mess,454,0,1134
mimicking birds,454,0,1134
miroque,454,0,1134
mohsen namjoo,454,0,1134
montuno,454,0,1134
more 70,454,0,1134
nederlands,454,0,1134
niroshima,454,0,1134
nitzer ebb,454,0,1134
not *every* artist,454,0,1134
nox,454,0,1134
old skool of rock disc 1,454,0,1134
oldest artist #1,454,0,1134
orthodox,454,0,1134
papeete,454,0,1134
pavarotti,454,0,1134
piosenka poetycka muzyka autorska,454,0,1134
practically all these tags are fail,454,0,1134
pzzqxnzt6snn ekrngheoblbupu-,454,0,1134
razieq,454,0,1134
rhythm del mundo,454,0,1134
shankar jaikishan,454,0,1134
shine 4,454,0,1134
shwetabh sucks,454,0,1134
sonic seducer cold hands vi,454,0,1134
soul cargo,454,0,1134
sprechgesang,454,0,1134
venezolana,454,0,1134
vera kaa,454,0,1134
visions,454,0,1134
wireharp,454,0,1134
z103 5 street mix 2k7,454,0,1134
zero t 51,454,0,1134
zweiohr,454,0,1134
мелодии рождества,454,0,1134
嫌われ松子の歌たち,454,0,1134
hungarian hip hop,452,452,0
girl group,452,125,1200
britannique,452,0,1086
s.a. souvenirs,446,0,1117
death metal,445,32,851
post-punk,440,19,1059
chanson,439,196,873
big room,437,324,430
tropical,434,408,160
coupe decale,434,213,294
rumba congolaise,431,75,443
greek pop,429,425,11
uk dance,428,428,0
polish pop,428,425,6
russian pop,425,420,5
pop urbano,425,245,701
vallenato,420,272,773
magyar trap,419,419,0
progressive electro house,416,416,0
taiwan singer-songwriter,415,415,0
trap soul,413,32,778
hardcore hip,413,0,573
bedroom pop,410,88,470
mexican pop,409,405,27
czech drill,407,407,0
arabesk,407,245,836
3rd gen k-pop,405,0,1020
swedish drill,404,404,0
thai hip hop,404,319,474
grunge,404,28,716
mariachi,401,129,679
funk consciente,393,256,749
funk pop,392,273,490
moombahton,392,108,850
trap boricua,391,391,0
tekno,391,78,382
epadunk,389,188,960
tamil pop,387,155,1001
neo-psychedelia,385,0,861
slovak hip hop,370,370,0
aor,370,13,707
ukrainian pop,366,350,21
hk-pop,364,364,0
aln-sh,364,0,955
bogus,364,0,676
alt z,363,363,0
panamanian pop,363,363,0
mergeme,363,0,673
fantasy,361,0,889
rap ivoire,360,203,228
albanian hip hop,359,359,0
drill francais,359,359,0
romanian pop,359,359,0
brazilian hip hop,357,213,798
author,356,0,936
roots reggae,355,50,463
norwegian pop rap,354,353,41
traditional pop,353,0,1067
cloud rap francais,349,349,0
german cloud rap,349,349,0
latin viral pop,349,349,0
thai rock,349,230,593
g-funk,349,179,473
argentine rock,348,282,555
blue-eyed soul,346,0,805
future bass,344,7,797
kollywood,341,115,961
orchestral,341,3,747
reino unido,341,0,686
pov: indie,339,339,0
metropopolis,338,337,2
contemporary folk,337,0,1075
band,336,0,598
music for soccer moms,335,0,852
icelandic hip hop,333,333,0
indian indie,333,229,553
hypnagogic pop,332,4,421
hyperpop,331,86,753
parlophone,329,0,463
persian pop,328,179,273
production music,326,0,669
album rock,325,199,482
united kingdom,324,0,813
nz reggae,323,154,335
underground hip hop,322,142,374
estados unidos,322,0,687
00s,321,0,729
belgian hip hop,320,320,0
nepo baby,318,0,427
future house,317,247,481
adult standards,317,245,334
hindi hip hop,317,183,735
film score,317,0,946
asakaa,315,176,408
french house,313,41,574
bacardi,312,156,574
bhangra,310,175,937
soul and reggae,309,0,595
bubblegum pop,307,11,601
uk drill,306,132,927
rap metal,306,65,351
detroit hip hop,304,176,269
dansk pop,302,278,67
malay,302,182,998
psychedelic,302,0,720
70s,301,0,1039
country-pop,301,0,365
arena rock,300,1,582
hp,300,0,359
re-recording,300,0,359
taylor-swift,300,0,359
nederpop,299,145,1026
vietnamese melodic rap,298,298,0
sholawat,297,76,723
england,297,0,568
france,297,0,534
cumbia sonidera,296,242,464
tropical music,296,206,427
server name,296,0,863
estonian pop,295,295,0
guaracha,294,172,571
christian hip hop,293,27,410
garage rock,292,86,494
brazilian phonk,289,93,497
russian drill,288,288,0
bongo flava,288,79,379
finnish trap,287,287,0
chicago rap,287,260,66
ambient pop,287,17,489
spamess,287,0,563
brazilian trap,286,91,892
merge,285,0,556
pbr & b,285,0,363
russian alt pop,284,284,0
flamenco urbano,284,208,404
p-pop,284,184,728
german indie,284,184,565
standards,284,0,868
turreo,282,160,644
quiet storm,282,56,396
pagode,280,201,418
tribal house,280,25,390
traditional,280,0,564
software company as artist,280,0,549
african gospel,279,28,795
latin ballad,279,0,574
merge me,279,0,553
cleanup,279,0,547
dumping ground,279,0,547
johny johny yes papa,279,0,547
kids hut,279,0,547
kids songs,279,0,547
lazy asses,279,0,547
nursery rhymes,279,0,547
nursery rhymes collection,279,0,547
nursery rhymes playlist,279,0,547
relaxation,279,0,547
rhymes,279,0,547
test merging tags test,279,0,547
wheels on the bus,279,0,547
variete francaise,278,108,496
chipmunk soul,278,0,464
hindi indie,277,167,516
roots rock,277,19,743
nigerian hip hop,276,276,0
rome indie,276,276,0
south african pop,276,276,0
post-rock,276,15,562
rage rap,275,150,234
melodic house,274,46,292
japanese teen pop,273,273,8
motown,273,78,316
korean,273,0,520
thai indie pop,271,253,301
nu disco,271,52,452
cancion melodica,271,43,404
funk rj,270,270,0
dembow dominicano,269,269,0
vinahouse,269,188,733
trap brasileiro,267,267,0
big band,267,26,912
horrorcore,267,14,590
leftfield,267,0,415
urban contemporary,266,242,35
new jack swing,266,35,336
neo mellow,264,264,6
australian pop,264,234,101
tamil dance,264,40,655
progressive pop,264,0,549
rap genovese,263,263,0
uk garage,263,20,569
sophisti-pop,263,17,549
criminal,263,0,464
miami hip hop,262,262,0
concerto,262,137,341
chillwave,262,13,468
electro latino,261,244,102
techengue,261,122,276
south african hip hop,260,260,0
albanian pop,259,251,8
bulgarian trap,258,258,0
rap belge,258,258,0
swedish pop rap,257,257,0
jazz pop,257,75,431
swing,257,28,926
favoritos,257,0,662
afro tech,256,114,271
4th gen k-pop,256,0,572
mainstream rock,256,0,467
portuguese pop,255,255,0
viral pop,255,255,0
lyricist,255,0,510
turkish,253,0,1308
corrido tumbado,253,0,609
frauenrap,252,252,0
maskandi,252,227,60
hip house,252,29,590
alternative dance,251,81,550
sadcore,251,1,462
traditional music,250,31,669
egyptian shaabi,249,124,525
latvian pop,248,246,6
pinoy hip hop,248,185,287
baroque,248,10,571
taiwan indie,247,247,0
turkce drill,246,246,0
tollywood,246,87,464
60s,246,0,508
tamil hip hop,245,115,357
pop argentino,244,244,0
neoperreo,244,146,364
non-musician,244,0,712
vgm,244,0,549
indie viet,241,241,0
khaliji,241,241,0
deu,240,0,681
queerphobe,240,0,681
terf,240,0,681
transphobe,240,0,681
lithuanian hip hop,239,177,274
ndombolo,239,90,196
chicha,238,182,415
heartland rock,238,53,431
progressive rap,238,0,391
instrumental hip hop,237,15,523
scandipop,236,236,0
jazz rap,236,46,501
brazilian pop,235,80,734
rage,235,0,602
dance-rock,234,0,648
soft pop,232,29,509
bulgarian hip hop,231,231,0
polish viral pop,231,231,0
moroccan chaabi,231,46,395
banda sinaloense,231,9,714
festival progressive house,230,0,613
lovers rock,229,33,281
score,228,1,476
beat music,227,0,457
modern alternative rock,226,226,0
lo-fi hip hop,226,4,460
new metal,226,0,298
german alternative rap,225,221,47
indonesian indie,225,159,468
pinoy r & b,225,146,389
funk mtg,224,224,0
modern classical,224,0,581
scottish,224,0,361
melodic drill,223,223,0
pop reggaeton,223,223,0
chinese indie,222,177,665
dangdut,222,97,586
mpb,222,87,445
estonian hip hop,221,221,0
bangla pop,221,23,349
south african trap,220,220,0
power metal,219,108,286
male vocalists,219,0,344
funk paulista,217,217,0
thai trap,217,177,240
electronic rock,217,3,317
trap tuga,216,216,0
czsk emo rap,215,215,0
singer-songwriter pop,215,215,0
finnish rock,215,116,1048
disco house,215,102,228
doom,215,0,266
turkish alt pop,214,214,0
telugu pop,214,44,452
bass house,213,109,279
glam metal,213,41,408
political hip hop,213,10,409
alternative country,213,5,338
columbia,213,0,625
korean r & b,212,212,0
k-ballad,212,129,508
spanish hip hop,210,210,0
rap latina,209,209,0
mexican hip hop,209,123,259
belgian pop,208,208,0
industrial rock,206,25,348
british composer,206,0,348
emo pop,206,0,346
milan indie,205,205,0
post-hardcore,205,8,412
lithuanian,205,0,731
lithuania,205,0,730
virginia,204,0,250
deep german hip hop,203,203,0
country road,203,199,6
electrocumbia,203,147,290
entehno,203,125,332
british invasion,203,29,352
southern rock,203,11,474
indian pop,203,0,457
arabic,203,0,378
idm,202,0,318
alabama thunderpussy,202,0,247
lamb of god,202,0,247
mugwart was a sludge,202,0,247
needs to be removed,202,0,247
sludge hardcore punk,202,0,247
and clutch. in 2011,202,0,246
damad,202,0,246
early‐2000s underground,202,0,246
fistula,202,0,246
foundational act of the virginia sludge,202,0,246
hardcore band from virginia beach,202,0,246
mugwart is regarded as a cult,202,0,246
sharing stages with grief,202,0,246
shifty records (sh09,202,0,246
skate scene,202,0,246
sofa king killer,202,0,246
tdr‐13,202,0,246
va,202,0,246
virginia beach,202,0,246
russian,200,0,350
aggro berlin,199,0,360
sad girl pop,199,0,244
reggae en espanol,198,188,22
greek underground rap,197,197,0
canzone napoletana,197,123,586
funky house,197,59,322
new romantic,196,66,465
symphonic rock,196,44,460
malay pop,195,110,633
italian indie pop,194,194,0
highlife,194,84,314
post-britpop,194,0,368
qawwali,193,84,341
boysband,193,0,288
sunshine pop,192,6,310
russian drain,191,191,0
pagode baiano,191,177,141
post-disco,191,22,277
guitar,191,0,374
pop venezolano,190,190,0
industrial,189,42,402
melodic techno,189,10,219
rif,188,188,0
crossover prog,188,0,395
brostep,187,116,122
contemporary pop,186,0,474
british rhythm & blues,186,0,368
california,186,0,321
death by murder,185,0,459
ghanaian hip hop,184,163,39
disco polo,184,93,315
ccm,184,50,196
merseybeat,184,8,349
dansk rap,183,170,33
shoegaze,183,21,353
ansage,183,0,209
aggro,183,0,208
country dreams,183,0,206
singeli,182,44,232
chanson francaise,182,0,454
chanteur,182,0,251
bossa nova,181,16,355
r & b en espanol,180,180,0
stutter house,180,72,264
hardcore techno,180,32,210
latin afrobeats,178,124,202
reggaeton mexa,178,96,310
academy award winner,178,0,628
big music,178,0,412
brega,177,89,478
smooth soul,177,0,426
post-teen pop,176,176,0
hip hop soul,176,0,271
korean pop,175,144,87
gothic metal,175,51,216
trap chileno,174,174,0
electroclash,174,13,378
audio drama,174,0,476
israeli hip hop,173,173,0
cantautor,173,172,1
childrens music,173,57,426
deutschrap,173,0,1188
compositeur,173,0,345
swedish electropop,172,172,0
turbo folk,172,171,1
classic soul,172,72,236
italian,172,0,791
drill espanol,171,171,0
indie poptimism,171,171,0
russian emo rap,171,171,0
kolumbien,171,0,553
garage,171,0,259
fotbollslatar,170,170,0
dubstep,170,25,399
kazakh hip hop,169,169,0
metalcore,169,39,231
japanese singer-songwriter,168,168,0
yacht rock,168,72,205
euro house,168,0,422
mexican rock,167,89,165
flamenco,167,45,819
dutch rock,166,166,0
soul blues,166,33,360
10s,166,0,303
cool,166,0,201
swedish eurodance,165,165,0
lo-fi indie,165,6,336
composers,165,0,474
australian indie,164,164,0
spanish rock,164,134,34
musicals,164,26,275
contemporary christian,164,0,245
azontobeats,163,163,0
hypertechno,163,102,153
groove metal,163,57,221
gothic rock,163,4,299
hungarian,163,0,519
hungary,163,0,519
magyar,163,0,519
parolier,163,0,320
hard alternative,163,0,208
dakke dak,162,162,0
finnish drill,162,162,0
electric blues,162,26,276
skate punk,162,12,315
latvian hip hop,161,161,0
spanish pop rock,161,161,0
brega funk,161,104,343
italo dance,161,93,383
boogie,160,1,218
scotland,160,0,241
latin talent show,159,159,0
multiple ipi,159,0,313
doom metal,158,14,258
synth funk,158,7,383
germany,158,0,708
the lost generation,158,0,361
canadian trap,157,157,0
uk grime,157,30,829
video game,157,0,423
anime rock,156,156,0
italian underground hip hop,156,156,0
dub,155,4,282
space rock,155,2,270
old school rap francais,154,154,0
post-bop,154,0,649
singers,154,0,422
pakistani hip hop,153,153,0
pop flamenco,153,153,0
slovak trap,153,153,0
chinese hip hop,153,115,409
russian dance,152,152,0
nova mpb,152,109,183
crunk,152,92,201
progressive metal,152,58,329
stoner rock,152,16,321
luk thung,151,72,300
thrash metal,151,40,242
glitch,151,0,372
mellow gold,150,147,7
taiwanese indie,150,111,547
basshall,149,149,0
singaporean pop,149,149,0
australian dance,149,148,21
travis scott,149,0,197
reggea,149,0,196
mambo chileno,148,148,0
russian grime,148,148,0
g-house,148,66,146
symphonic metal,148,62,247
game,148,0,361
folk-rock,148,0,220
seresta,147,75,267
german audiobook reader,147,0,324
guitarist,147,0,279
singaporean mandopop,146,146,0
popular colombian music,146,105,268
samba,146,59,364
glam,146,0,359
kosovan pop,145,145,0
hair metal,145,0,207
atl trap,144,144,0
funk ostentacao,144,138,45
flamenco pop,144,25,695
german dance,143,143,3
stomp and holler,143,103,83
chicago house,143,12,183
mbs-333,143,0,393
australia,143,0,281
liverpool,143,0,219
mainland chinese pop,142,142,0
dream-pop,142,0,216
psychedelic folk,141,1,366
future rave,141,0,252
los angeles,141,0,210
trap antillais,140,140,0
gnawa,140,24,205
noise music,140,11,366
soundtracks,140,0,338
vietnamese singer-songwriter,139,139,0
jazz fusion,139,3,528
australian,139,0,326
classical pop,139,0,232
psychedelia,139,0,197
progressive,138,0,394
pop edm,137,137,0
ghazal,137,33,231
video game music,137,16,240
pop reggae,137,0,260
drill italiana,136,136,0
nz pop,136,136,0
complextro,136,52,258
chicago drill,136,45,154
has german audio plays,136,0,303
classic italian pop,135,135,0
irish pop,135,135,0
romanian rap,135,135,0
swedish reggae,135,135,0
taiwan hip hop,135,135,0
thai indie rock,135,133,53
jangle pop,135,9,204
indian,135,0,578
beat,135,0,191
slowcore,134,5,254
death by heart attack,134,0,528
hip pop,133,133,0
israeli rock,133,133,0
pakistani pop,133,117,92
brooklyn drill,133,92,150
visual kei,133,38,202
outlaw country,133,19,187
belgian edm,132,132,0
trap maroc,132,132,0
phleng phuea chiwit,132,60,273
son cubano,132,56,195
experimental pop,132,9,296
german composer,132,0,433
rock roll,132,0,188
icelandic rock,131,131,0
indie liguria,131,131,0
lithuanian trap,131,108,145
villancicos,131,35,175
chopped and screwed,131,0,216
pop-metal,131,0,195
orchestral pop,131,0,191
abbey road,131,0,187
adult alternative pop rock,131,0,187
bbc,131,0,187
boys band,131,0,187
british psychedelia,131,0,187
europe,131,0,187
get back,131,0,187
instrumental pop,131,0,187
one beatles,131,0,187
overrated,131,0,187
the beatles-primal colours,131,0,187
the-beatles,131,0,187
tribute albums,131,0,187
ukrainian viral pop,130,130,0
reggae fusion,130,92,69
gengetone,130,41,148
avant-garde pop,130,0,384
rock music,130,0,254
independent artist,130,0,236
hard bop,129,3,593
vietnamese lo-fi,128,93,333
comedy rap,128,6,299
asian,128,0,540
post-emo,128,0,186
noise rock,127,2,240
seattle,127,0,284
+usa (new york:manhatten,127,0,164
hawaiian glam metal,127,0,164
next,127,0,164
pop. alternative,127,0,164
indonesian singer-songwriter,126,126,0
kazakh pop,126,126,0
mollywood,126,86,191
harana,126,78,420
dutch,126,0,443
dub techno,126,0,144
canadian contemporary r & b,125,125,0
gujarati pop,125,86,223
uk funky,125,56,156
romantic classical,125,0,271
gaana,125,0,223
southern thai music,124,64,174
christian pop,124,9,159
national folk,124,0,211
classic pakistani pop,123,123,0
london rap,123,123,0
pop virale italiano,123,123,0
salsa choke,123,98,161
jam band,123,3,322
japanese,123,0,486
reggae-pop,123,0,184
philly rap,122,122,0
neomelodico,122,72,501
austrian composer,122,0,311
balkan trap,121,121,0
cumbia villera,121,116,97
cumbia 420,120,120,0
dutch edm,120,120,0
german trap,120,120,0
khaleeji iraqi,120,120,0
pop lgbtq+ brasileira,120,120,0
pinoy indie,120,76,274
gujarati garba,120,49,324
breakbeat,120,23,204
jazz and blues,120,0,541
romanian,120,0,450
rap algerien,119,119,0
show tunes,119,28,270
ag4,119,0,178
late 2010s,119,0,149
classic icelandic pop,118,118,0
finnish metal,118,118,0
musica tocantinense,118,118,0
indie soul,118,96,33
greatest hits,118,0,275
vyrzukhisuc-artiest,118,0,240
to clean up,118,0,214
indonesian jazz,117,113,8
bhajan,117,32,227
contemporary classical,117,4,238
neo-soul,117,0,220
soukous,117,0,146
indian instrumental,116,116,0
modern salsa,116,116,0
ska punk,116,8,180
sierreno-banda,116,0,313
gradually watermelon,116,0,212
indonesian r & b,115,111,13
brass band,115,110,99
industrial metal,115,27,189
nature sounds,115,0,176
classic j-pop,114,114,0
música popular colombiana,114,114,0
russian gangster rap,114,114,0
post-punk revival,114,0,241
alt-country,114,0,192
crossover,114,0,159
polish drill,113,113,0
turkish singer-songwriter,113,113,0
world fusion,113,0,476
fictitious artist,113,0,355
producteur,113,0,320
mexican,113,0,298
arrochadeira,112,112,0
trap dominicano,112,112,0
urdu hip hop,112,112,0
latin jazz,112,30,286
symphony,112,0,307
melodic,112,0,295
as jailed,112,0,190
lil wayne,112,0,190
death by drug overdose,112,0,127
egyptian alternative,111,111,0
indie pop rap,111,111,0
modern country rock,111,111,0
queens hip hop,111,110,21
neo-psychedelic,111,48,112
punk rap,111,1,149
pop-punk,111,0,208
lustrum,110,110,0
minimal techno,110,16,146
central asian hip hop,109,109,0
lullaby,109,41,172
dark r & b,109,26,137
acid house,109,11,123
norwegian,109,0,429
electro-disco,109,0,247
austropop,108,108,5
malaysian mandopop,108,108,0
north carolina hip hop,108,108,0
j-rap,108,78,136
southern soul,108,17,266
polish,108,0,404
detroit,108,0,216
contemporary rnb,108,0,118
michael-jackson,108,0,118
hungarian rock,107,107,0
indonesian pop rock,107,107,0
rock uruguayo,107,107,0
bassline,107,29,137
big room house,107,0,496
austrian,107,0,283
want to listen,107,0,183
rapcore,107,0,178
argentine telepop,106,106,0
belarusian hip hop,106,106,0
zhongguo feng,106,104,6
drone,106,7,232
cool jazz,106,1,436
actors,106,0,265
midwest hip hop,106,0,209
female vocal,106,0,171
eletronic,106,0,107
new wave pop,105,101,25
drift phonk,105,66,148
gufeng,105,43,408
stoner metal,105,9,122
bachata dominicana,104,104,0
neo-synthpop,104,100,33
haryanvi pop,104,79,127
malayalam pop,104,60,188
hardcore punk,104,8,163
energetic,104,0,171
madchester,103,62,129
dutch trance,103,32,248
epic,103,0,141
honky-tonk,103,0,137
australian hip hop,102,102,6
shimmer pop,102,102,0
spanish indie pop,102,102,0
aussie drill,102,82,113
italian singer-songwriter,102,63,445
smooth jazz,102,14,149
romanian singer,102,0,366
eminem,102,0,205
nigerian drill,101,89,30
timba,101,42,153
latin r & b,101,28,176
classical period,101,0,294
colombia,101,0,268
dirty south,101,0,235
classic arab pop,100,100,0
bongo piano,100,66,50
8 mile,100,0,203
detroit hip-hop,100,0,203
kun,100,0,203
midwest hip-hop,100,0,203
rap god,100,0,203
v,100,0,203
memphis rap,100,0,130
pagode novo,99,99,0
british soul,99,93,10
russian rock,99,91,10
malayalam hip hop,99,62,147
celtic,99,43,158
actor,99,0,513
symphonic prog,99,0,281
west coast hip-hop,99,0,184
alternative rap,99,0,157
california punk,99,0,126
shaabi,98,90,30
icelandic indie,98,88,24
lithuanian indie,98,53,116
oyun havasi,98,44,146
afrogospel,98,43,72
death by suicide,98,0,243
television music,98,0,221
swedish indie rock,97,97,0
talentkonkurranse,97,97,0
french rock,97,75,29
melodic metalcore,97,24,118
complete,97,0,289
sonata,97,0,289
kazakh viral pop,96,96,0
magyar alternative,96,96,0
malay rap,96,73,225
dark pop,96,12,134
nu-metal,96,0,147
kundiman,95,64,294
dark ambient,95,4,162
ratchet music,95,0,197
classic israeli pop,94,94,0
salsa puertorriquena,94,94,0
schlagerparty,94,64,216
colombian,94,0,212
piano pop,94,0,150
classic pop punk,94,0,121
czsk viral pop,93,93,0
danish pop rock,93,93,0
turkish alternative rock,93,93,0
dirty south rap,93,89,6
french indie pop,93,63,105
organic house,93,4,106
vocal,93,0,209
spoken word,93,0,192
vallenato moderno,92,92,1
ukrainian rock,92,92,0
west coast rap,92,83,24
anatolian rock,92,47,266
funk metal,92,31,107
script-arab,92,0,207
alt-pop,92,0,143
czech rock,91,91,0
hong kong indie,91,91,0
n,91,53,122
cumbia chilena,90,89,68
5th gen k-pop,90,78,57
jazz house,90,8,94
hardcore,90,4,193
conductor,90,0,238
noise,90,0,190
nordic house,89,89,0
marathi pop,89,15,134
lo-fi house,89,14,101
avant-garde,89,0,254
atlantico,89,0,186
barranquilla,89,0,186
chapel,89,0,137
bay area,89,0,136
german r & b,88,88,0
icelandic singer-songwriter,88,88,0
australian rock,88,50,53
a cappella,88,32,104
nwobhm,88,14,128
brazilian bass,88,13,161
synthwave,88,12,152
bridge,88,0,239
christmas singles,88,0,239
immortality,88,0,239
twenty,88,0,239
romantic,88,0,187
swedish singer-songwriter,87,87,0
viral afropop,87,87,0
future garage,87,27,166
pop worship,87,14,127
kannada pop,87,12,166
classic country,87,6,162
berlin,87,0,402
mumble rap,87,0,162
new rave,86,52,102
nu jazz,86,35,116
jersey club,86,30,188
noise pop,86,8,193
bulgarian,86,0,261
nu-disco,86,0,246
trip-hop,86,0,181
cousin in trinidad wont get the vaccine,86,0,168
queen of rap,86,0,168
emo-pop,86,0,165
barcadi,85,85,0
norwegian indie,85,85,0
rock viet,85,85,0
axe,85,71,106
deconstructed club,85,2,216
la pop,84,84,0
lebanese pop,84,84,0
melbourne bounce,84,50,112
theatre,84,0,404
death by knife,84,0,222
euro-pop,84,0,221
new york hip hop,84,0,150
alternative electronic,84,0,90
north moroccan rap,83,83,0
urbano mexicano,83,83,0
vietnamese idol pop,83,83,0
vietnamese trap,83,83,0
tamil indie,83,31,131
fictitious-artist,83,0,262
norsk,83,0,220
nature,83,0,133
latin american,83,0,114
icelandic electronic,82,82,0
cumbia peruana,82,69,67
japanese indie,82,58,220
champeta,82,52,108
folktronica,82,2,166
video,82,0,218
death by gun,82,0,178
favourite,82,0,142
antilliaanse rap,81,81,0
australian electropop,81,81,0
j-pop boy group,81,81,0
pluggnb,81,81,0
rap canario,81,81,0
rap sardegna,81,81,0
tagalog rap,81,81,0
candy pop,81,60,26
italo disco,81,20,118
british blues,81,1,136
post-metal,81,1,115
euro-dance,81,0,218
alphaville,81,0,217
euro-rock,81,0,217
escape room,80,64,29
kleinkunst,80,63,28
k-rock,80,59,150
melodic death metal,80,45,105
greek,80,0,289
anitta,80,0,160
classic punk,80,0,98
belly dance,79,79,0
lagu timur,79,57,122
funkot,79,51,137
retro soul,79,4,91
honky tonk,79,3,176
mass,79,0,329
non-music,79,0,118
finnish indie,78,78,0
pop r & b,78,78,0
dance rock,78,70,38
speed metal,78,25,109
acid jazz,78,10,197
free jazz,78,0,276
eclectic,78,0,185
cinematic classical,78,0,162
rock opera,78,0,155
cadbury sisters,78,0,117
do not merge,78,0,117
merge into [no artist,78,0,117
needs merging,78,0,117
needs merging into [no artist,78,0,117
sound ideas 6000 aviation 2,78,0,117
why has this not been merged yet,78,0,117
contemporary r b,78,0,107
emo-trap,78,0,99
nu emo,78,0,99
pop rap brasileiro,77,77,0
russian viral rap,77,77,0
sheilat,77,77,0
venezuelan hip hop,77,77,0
huayno,77,45,148
hi-nrg,77,28,183
surf rock,77,5,213
ar-rahman,77,0,396
cham cham,77,0,396
female vocalists,77,0,234
sapes comme jamais,77,0,212
composition,77,0,202
sober,77,0,194
lil baby,77,0,168
clean up,77,0,131
lame,77,0,118
classic iskelma,76,76,0
desi trap,76,76,0
electronic trap,76,76,0
turkish deep house,76,76,0
deep tropical house,75,75,0
ohio hip hop,75,75,0
social media pop,75,74,1
spanish-language reggae,75,21,346
lo-fi beats,75,7,83
ambient house,75,3,243
requiem,75,2,199
poland,75,0,273
jazz-rock,75,0,222
pop star,75,0,103
bootleg,75,0,79
czech pop rock,74,74,0
hip hop quebecois,74,74,0
norwegian trap,74,74,0
baltic post-punk,74,58,39
q-pop,74,31,141
traditional country,74,10,160
swedish,74,0,579
campirano,74,0,206
piano,74,0,201
avant-garde metal,74,0,109
barbade,74,0,101
barbadian,74,0,101
barbadien,74,0,101
barbados,74,0,101
influential pop star,74,0,101
pop culture,74,0,101
rehab,74,0,101
rihanna,74,0,101
c'etait mieux avant,74,0,87
rap siciliano,73,73,0
trap colombiano,73,73,0
acoustic pop,73,68,39
cali rap,73,68,10
gabber,73,36,129
garage rock revival,73,4,203
つんく♂フロテュース,73,0,266
acoustic,73,0,255
political,73,0,162
writer,73,0,139
20th century,73,0,123
pity pop,73,0,81
canadian rock,72,72,1
trap queen,72,72,0
bikutsi,72,18,66
chinese,72,0,712
jazz rock,72,0,288
norteno-banda,72,0,215
campirano-banda,72,0,205
dj,72,0,203
ascanio in alba,72,0,197
complete mozart edition,72,0,197
gould,72,0,197
karl ristenpart,72,0,197
late symphonies,72,0,197
rothenberger,72,0,197
series-mozart-complete works-philips,72,0,197
volume 15,72,0,197
film,72,0,165
alt rock,72,0,137
jamaican,72,0,136
melancholic,72,0,131
not acoustic,72,0,114
not aggressive,72,0,114
not sad,72,0,114
aussietronica,71,71,0
israeli singer-songwriter,71,71,0
nederlandse hardstyle,71,71,0
plena uruguaya,71,71,0
r & b italiano,71,71,0
singaporean singer-songwriter,71,71,0
hollands,71,58,19
plugg,71,53,77
polka,71,14,84
dance-punk,71,7,145
christian rock,71,6,143
doujin,71,1,201
eurovision,71,0,262
new zealand,71,0,201
post-industrial,71,0,133
oxford,71,0,89
german rock,70,70,1
j-division,70,70,0
reggae uruguayo,70,70,0
swedish dancehall,70,70,0
sexy drill,70,14,101
screamo,70,3,141
cantata,70,0,266
yolandita monge,70,0,173
fictional,70,0,171
irish rock,69,69,0
kasi rap,69,69,0
melodipop,69,69,0
pittsburgh rap,69,69,0
polish viral rap,69,69,0
swedish alternative rock,69,69,0
mundart,69,65,11
jazz blues,69,32,147
brazilian gospel,69,30,97
hardstyle,69,10,175
soul jazz,69,7,175
bebop,69,2,298
funktronica,69,1,154
afro trap,69,0,347
alliteration,69,0,202
bubblegum bass,69,0,198
arranger,69,0,179
turbo-folk,69,0,176
horror,69,0,138
roxette,69,0,116
the greatest,69,0,116
australien,69,0,115
danish electronic,68,68,0
israeli trap,68,68,0
polish alternative,68,68,0
russian electronic,68,68,0
lagu jawa,68,53,86
sertanejo tradicional,68,38,134
classical crossover,68,3,110
country gospel,68,2,146
dylan bootleg series,68,0,261
greenwich village scene,68,0,261
pledging my time,68,0,261
rare,68,0,261
siple twist of fate,68,0,261
teater konsert,68,0,261
pc music,68,0,199
musica tropical,68,0,156
contemporary gospel,68,0,119
britrock,68,0,70
lolicore,68,0,70
new grave,68,0,70
nude,68,0,70
sacred cows,68,0,70
chinese viral pop,67,67,0
classic russian rock,67,67,0
dancefloor dnb,67,67,0
dutch indie,67,67,0
emo rap italiano,67,67,0
new school turkce rap,67,67,0
mexican indie,67,32,102
rock-and-roll,67,28,103
hyphy,67,15,109
ethiopian jazz,67,5,69
russian rap,67,0,315
mexico,67,0,219
best,67,0,162
birmingham,67,0,108
rhythmic,67,0,89
dfw rap,66,66,0
rap boricua,66,66,0
gym phonk,66,65,3
german indie pop,66,62,11
oakland hip hop,66,61,10
arabic rap,66,56,49
latin indie,66,12,129
industrial pop,66,3,240
uplifting trance,66,3,233
tryt,66,0,308
organist,66,0,270
hello project,66,0,256
irish,66,0,154
chilean rock,65,65,0
deep euro house,65,65,0
gen z singer-songwriter,65,65,0
kurdish hip hop,65,65,0
lgbtq+ hip hop,65,65,0
latin dance,65,5,121
texas,65,0,216
pop metal,65,0,119
afrikaans,64,64,1
german underground rap,64,64,0
swedish synthpop,64,64,0
tekk,64,64,0
uk contemporary r & b,64,64,0
indonesian hip hop,64,62,6
new york drill,64,26,124
funk de bh,64,16,171
batak,64,8,148
darkwave,64,2,170
abstract hip hop,64,1,163
edit,64,0,157
on writing,64,0,122
australie,64,0,109
girlpower,64,0,92
indie anthem-folk,63,63,0
paraguayan rock,63,63,0
scandinavian r & b,63,63,0
neue deutsche welle,63,27,138
vocaloid,63,25,76
britney spears,63,0,241
edge of glory,63,0,240
gata rahe mera dil,63,0,240
saxx dreams,63,0,240
the fame,63,0,240
classic mandopop,62,62,0
hong kong hip hop,62,62,0
pinoy trap,62,62,0
turkish trap pop,62,62,0
dansband,62,43,160
celtic rock,62,42,83
punta,62,26,177
bubblegum dance,62,6,175
nashville sound,62,6,108
eurovision 2024 artists,62,0,264
rock musicians,62,0,191
industrial techno,62,0,73
dutch drill,61,61,0
r & b brasileiro,61,61,0
rap criolo,61,61,0
memphis hip hop,61,58,5
folk metal,61,40,120
big beat,61,25,134
sludge metal,61,4,73
hello project groups,61,0,224
hello project kids,61,0,224
girl crush,61,0,134
nigo,61,0,119
chill,61,0,118
classic malaysian pop,60,60,0
gauze pop,60,60,0
j-acoustic,60,60,0
ukrainian hip hop,60,60,0
cubaton,60,53,33
rumba,60,35,101
fado,60,28,199
old school thrash,60,27,68
indie dance,60,17,76
lithuanian electronic,60,3,139
acoustic country,60,3,137
eurovision 2023 artists,60,0,208
shocking,60,0,91
birmingham grime,59,59,0
classic oklahoma country,59,59,0
dominican pop,59,59,0
japanese electropop,59,59,0
modern country pop,59,59,0
swedish soul,59,59,0
south african house,59,57,2
philly soul,59,32,59
liquid funk,59,10,155
reggae rock,59,10,99
gospel r & b,59,6,79
puerto rico,59,0,265
death by diabetes,59,0,220
party,59,0,142
ambient techno,59,0,108
new wave of british heavy metal,59,0,105
dance music,59,0,98
british-american,59,0,90
fleetwood mac,59,0,90
warp,59,0,82
punk pop,59,0,79
toronto,59,0,72
caesar,59,0,68
daniel,59,0,68
belgian indie,58,58,0
classic colombian pop,58,58,0
etherpop,58,58,0
new orleans rap,58,58,0
indie quebecois,58,53,12
brazilian rock,58,47,51
rap fr,58,0,392
lithuanian rap,58,0,269
new york,58,0,164
chinese singer-songwriter,57,57,0
danish rock,57,57,0
instrumental grime,57,57,0
italian alternative,57,57,0
pop chileno,57,57,0
suomirap,57,57,0
modern blues,57,16,66
doo-wop,57,11,135
psychedelic soul,57,5,225
deathcore,57,3,74
progressive folk,57,0,121
doujin circle,57,0,76
absolute,57,0,58
classic cantopop,56,56,0
folk brasileiro,56,56,0
norwegian singer-songwriter,56,56,0
college rock,56,0,156
bubblegum,56,0,91
argentine indie,55,55,0
drill chileno,55,55,0
hungarian edm,55,55,0
levenslied,55,40,45
northern soul,55,16,73
avant-garde jazz,55,0,276
sheffield,55,0,79
domino,55,0,76
gamer,55,0,76
german singer-songwriter,54,54,0
gothenburg indie,54,54,0
melbourne bounce international,54,54,0
rap conciencia,54,54,0
slovak pop,54,54,0
turkish alternative,54,54,0
uk alternative pop,54,54,0
lithuanian edm,54,33,50
maluku,54,28,88
country hip hop,54,3,96
bach,54,0,238
wagner,54,0,238
134a,54,0,237
bach double violin concerto,54,0,237
bertalan hock,54,0,237
cantata 147,54,0,237
gramophone selection,54,0,237
helmut walcha,54,0,237
mathauspassion,54,0,237
messe h-moll,54,0,237
motet,54,0,237
six,54,0,237
vox,54,0,237
boogie rock,54,0,235
free improvisation,54,0,207
lgbtqi,54,0,179
euro-disco,54,0,147
alternative hip-hop,54,0,116
italian composer,54,0,103
psicodelic rock,54,0,92
psychedellic rock,54,0,92
bay area punk,54,0,71
vaporwave,54,0,66
a,53,53,0
afrofuturismo brasileiro,53,53,0
manchester hip hop,53,53,0
moldovan pop,53,53,0
trova,53,37,93
rally house,53,22,65
christian r & b,53,9,52
look again,53,0,133
global warming meltdown,53,0,120
maltido,53,0,120
pitbull,53,0,120
anthemic,53,0,110
secret,53,0,68
tell me,53,0,68
belgian dance,52,52,0
nederreggae,52,52,0
rap montrealais,52,52,0
rap uruguayo,52,52,0
melancholia,52,51,3
traditional gospel,52,33,23
proto-punk,52,6,166
classical piano,52,4,89
polish rap,52,0,207
millennial,52,0,173
death by airplane,52,0,157
north african,52,0,123
alternative hardcore,52,0,120
soundtrack composer,52,0,112
musique regionale mexicaine,52,0,109
fail,52,0,69
gg,52,0,69
danspunk,51,51,0
kavkaz,51,51,0
polish alternative rap,51,51,0
rock kapak,51,51,0
salsa colombiana,51,51,0
turkce kadin rap,51,51,0
turkce slow sarkilar,51,51,0
vietnamese bolero,51,29,118
memphis soul,51,12,79
melodic hardcore,51,3,87
tech trance,51,1,178
country blues,51,1,114
finnish,51,0,431
sweden,51,0,328
francais,51,0,193
sound recording executives and producers,51,0,129
algerian,51,0,121
heavy,51,0,102
dark,51,0,91
uplifting,51,0,88
kevin haden,51,0,76
同人,51,0,69
同人サークル,51,0,69
fergie,51,0,67
will i am,51,0,67
funk bh,50,50,0
german techno,50,50,0
gruperas inmortales,50,50,0
indonesian folk,50,50,0
k-pop ballad,50,50,0
nyc rap,50,50,0
pop quebecois,50,50,0
south african pop dance,50,50,0
volkspop,50,50,0
medieval,50,32,85
grindcore,50,1,98
big room trance,50,0,166
awesome,50,0,86
falcom,50,0,69
arab alternative,49,49,0
czsk reggae,49,49,0
rap underground espanol,49,49,0
ska argentino,49,49,0
zhenskiy rep,49,49,0
folklore argentino,49,40,53
neue deutsche harte,49,19,45
rave,49,10,145
maloya,49,9,54
krautrock,49,3,138
acid rock,49,2,72
american composer,49,0,186
sillyname,49,0,175
rapist,49,0,99
praise & worship,49,0,79
corrido belico,49,0,73
dvd,49,0,65
funk rock tributo,49,0,65
use actual artists,49,0,50
australian trap,48,48,0
belgian rock,48,48,0
country dawn,48,48,0
egyptian viral pop,48,48,0
estonian rock,48,48,0
ghanaian pop,48,48,0
irish singer-songwriter,48,48,0
korean ost,48,48,0
norwegian country,48,48,0
salsa peruana,48,48,0
happy hardcore,48,27,74
karadeniz folk,48,22,86
torch song,48,10,142
witch house,48,10,93
uk r & b,48,6,86
algerian chaabi,48,4,63
math rock,48,1,129
francophone,48,0,207
vinyl,48,0,166
uk bass,48,0,163
alternative folk,48,0,158
automod ng,48,0,117
slow pop,48,0,117
western classical,48,0,109
deutschrock,48,0,92
awe︎some,48,0,84
piano pop rock,48,0,82
dnace-pop,48,0,80
miley-cyrus,48,0,80
field recording,48,0,77
dangerous,48,0,60
senegalese-american,48,0,60
balkan hip hop,47,47,0
cumbia paraguaya,47,47,0
florida rap,47,47,0
j-poprock,47,47,0
new french touch,47,47,0
nordnorsk musikk,47,47,0
trap metal italiana,47,47,0
parang,47,31,18
rocksteady,47,2,104
horspiel,47,0,192
remixes,47,0,163
tiesto traffic,47,0,163
guitarists,47,0,136
worldbeat,47,0,111
twerk,47,0,91
musician,47,0,86
lick,47,0,69
homophobe,47,0,66
multi-instrumentalist,47,0,66
japanese soul,46,46,1
beatlesque,46,46,0
chill r & b,46,46,0
colombian hip hop,46,46,0
dutch trap,46,46,0
filter house,46,46,0
italian reggae,46,46,0
kermis,46,46,0
polish indie,46,46,0
rap motywacja,46,46,0
russian rave,46,46,0
swiss hip hop,46,46,0
ukrainian indie,46,46,0
deep turkish pop,46,43,40
djent,46,24,63
salsa romantica,46,16,171
lithuanian rock,46,15,97
minimalism,46,6,135
long title,46,0,77
j-pop girl group,45,45,0
kentucky hip hop,45,45,0
r & drill,45,45,0
reparto,45,45,0
icelandic folk,45,35,24
traditional folk,45,1,87
surf,45,0,133
western classical music,45,0,75
modern,45,0,55
symphonies,45,0,55
japanese r & b,44,44,1
australian surf rock,44,44,0
canadian indie,44,44,0
classic danish pop,44,44,0
pop paraguayo,44,44,0
hipdut,44,37,20
hard house,44,12,55
vocal trance,44,1,120
london,44,0,185
jazz-funk,44,0,157
manchester,44,0,137
ur so fail,44,0,122
international,44,0,99
french singer,44,0,85
trip rock,44,0,75
2 pac,44,0,69
above the rim,44,0,69
eastcoast killa,44,0,69
temor a la muerte,44,0,69
unil the end of time,44,0,69
also fail,44,0,61
california gurls,44,0,61
camp,44,0,61
chesty,44,0,61
cute,44,0,61
failfail,44,0,61
gaaaaaayyyyyyyyy,44,0,61
gaymeme,44,0,61
im gay if i am shut up,44,0,61
im gay if i am⸲ shut up,44,0,61
katy perry,44,0,61
katy perry is gay,44,0,61
katy pery is dumb,44,0,61
lame lame lame lame,44,0,61
megafail,44,0,61
megalmaestupiddumb,44,0,61
nope still fail,44,0,61
srsly whats wrong with beign gay,44,0,61
still fail,44,0,61
total fail,44,0,61
uncool,44,0,61
ur so faaaail,44,0,61
ur so lame,44,0,61
‟ur so fail”,44,0,61
touhou,44,0,59
東方project,44,0,59
cowpunk,44,0,48
turkish folk,43,43,6
russian hyperpop,43,43,1
bases de freestyle,43,43,0
deep pop edm,43,43,0
funk viral,43,43,0
javanese dangdut,43,43,0
lilith,43,43,0
pakistani indie,43,43,0
phonk brasileiro,43,43,0
taiwan punk,43,43,0
pixel,43,31,29
texas country,43,13,114
latvian,43,0,217
pakistani,43,0,143
italia,43,0,123
proto-prog,43,0,82
traditional doom metal,43,0,76
acting,43,0,73
ominous,43,0,73
playful,43,0,69
popular music,43,0,53
british singer-songwriter,42,42,0
canadian singer-songwriter,42,42,0
deboxe,42,42,0
funk 150 bpm,42,42,0
japanese alternative rock,42,42,0
malaysian hip hop,42,42,0
muziek voor kinderen,42,42,0
thai indie,42,42,0
portuguese rock,42,37,5
japanese punk rock,42,36,7
pinoy rock,42,35,132
latin folk,42,18,91
retro pop,42,18,72
indie r & b,42,17,37
contemporary jazz,42,3,107
orchestra,42,2,136
series title as artist,42,0,187
french composer,42,0,123
lithuanian electropop,42,0,116
ibiza trance,42,0,101
satire,42,0,94
singing,42,0,72
black sabbath,42,0,71
heavy blues,42,0,71
proto doom,42,0,71
proto-doom,42,0,71
reunion,42,0,71
untied kingdom,42,0,71
bombastic,42,0,62
glorious,42,0,62
kind of magic,42,0,62
langham 1 studio bbc,42,0,62
medley,42,0,62
platinum,42,0,62
queen,42,0,62
queen family,42,0,62
rx27,42,0,62
sa-town anthem,42,0,62
cologne indie,41,41,0
finnish heavy metal,41,41,0
jamaican dancehall,41,41,0
sgija,41,41,0
orchestral soundtrack,41,35,12
nasheed,41,29,19
neoclassical,41,5,78
trap metal,41,3,124
canada,41,0,190
death by pneumonia,41,0,181
mezzo-soprano,41,0,121
trinidadian,41,0,104
chrismas,41,0,71
duets,41,0,71
garland,41,0,71
motion picture producers and directors,41,0,71
motion pictures--production and direction,41,0,71
my way,41,0,71
fabloo,41,0,68
gorillaz,41,0,68
virtual band,41,0,68
batidao romantico,40,40,3
anadolu rock,40,40,0
carnaval,40,40,0
dark trap,40,40,0
folk rock italiano,40,40,0
j-idol,40,40,0
latin afrobeat,40,40,0
neo-singer-songwriter,40,40,0
r & b argentino,40,40,0
jazz funk,40,15,40
battle rap,40,2,279
chamber music,40,2,70
essentials,40,0,150
mick jagger,40,0,150
some girls,40,0,150
the-rolling-stones,40,0,150
death by liver cancer,40,0,115
flop,40,0,111
scumbag,40,0,111
experimental electronic,40,0,103
caribbean queen,40,0,99
spanish composer,40,0,95
urban pop,40,0,80
blues-rock,40,0,67
crooner,40,0,67
vivo en el 6,40,0,62
matthew edward hall,40,0,41
australian talent show,39,39,0
chinese electropop,39,39,0
classic venezuelan pop,39,39,0
finnish punk,39,39,0
gaita zuliana,39,39,0
hong kong rock,39,39,0
j-pixie,39,39,0
peruvian rock,39,39,0
pop electronico,39,39,0
russian punk,39,39,0
slovak rock,39,39,0
swing music,39,20,117
red dirt,39,15,89
christian alternative rock,39,14,35
rap tunisien,39,14,33
latin folklore,39,11,78
texas blues,39,1,182
argentina,39,0,174
vocal pop,39,0,149
italy,39,0,115
art song,39,0,109
death by stroke,39,0,102
argentinian,39,0,87
religious,39,0,74
death-doom metal,39,0,69
death doom metal,39,0,43
cueca chilena,38,38,0
german viral rap,38,38,0
gothic symphonic metal,38,38,0
partyschlager,38,38,0
pop costarricense,38,38,0
swedish indie pop,38,38,0
t-pop girl group,38,38,0
forro de favela,38,37,1
chinese rock,38,24,253
twee pop,38,24,25
puerto rican,38,0,286
lithuanian r & b,38,0,147
death by lung cancer,38,0,141
nigeria,38,0,133
arrangers,38,0,113
glam rock music,38,0,113
glam rock musicians,38,0,113
add release,38,0,111
lithuanian alternative,38,0,103
spain,38,0,90
pop-soul,38,0,78
african,38,0,77
virtuoso,38,0,75
post punk,38,0,73
jose jose,38,0,59
soy asy,38,0,59
+australia (sydney,38,0,53
best rock,38,0,53
capa,38,0,53
not electronic,38,0,53
not happy,38,0,53
not party,38,0,53
relaxed,38,0,53
volts,38,0,53
bergamo indie,37,37,0
pop house,37,37,0
post-punk argentina,37,37,0
uk dancehall,37,37,0
viral trap,37,37,0
rock quebecois,37,29,31
city pop,37,18,162
golden age hip hop,37,16,57
anime rap,37,14,37
ethereal wave,37,9,47
country rap,37,4,35
hymns,37,2,39
poetry,37,0,222
eurovision 2022 artists,37,0,177
arrangeur,37,0,141
mc,37,0,137
death by heart failure,37,0,93
adult alternative pop,37,0,78
birdsong,37,0,59
glam punk,37,0,59
urbano,37,0,57
pop folk,37,0,49
music for people who dislike music,37,0,38
k-indie,36,36,4
indie rock italiano,36,36,0
jewish pop,36,36,0
modern bhajan,36,36,0
modern blues rock,36,36,0
nyc pop,36,36,0
rap mineiro,36,36,0
sunnlensk tonlist,36,36,0
taiwan idol pop,36,36,0
miami bass,36,17,72
j-r & b,36,12,179
italian tenor,36,6,173
piano blues,36,2,97
tenor,36,0,186
pop-folk,36,0,175
davido,36,0,109
davido adeleke,36,0,109
gobe,36,0,109
nigeria music,36,0,109
skelewu,36,0,109
wizkid,36,0,109
bb12b20e,36,0,102
avant-prog,36,0,89
french electro,36,0,80
progressive electronic,36,0,70
happy,36,0,64
alien lives matter,36,0,63
festival trap,36,0,62
y2k,36,0,55
oratorio,36,0,49
kurt cobain,36,0,38
legendary,36,0,38
nirvana,36,0,38
northwest,36,0,38
norteno sax,35,35,5
australian reggae fusion,35,35,0
bolobedu house,35,35,0
finnish reggae,35,35,0
funk das antigas,35,35,0
igbo pop,35,35,0
indonesian folk pop,35,35,0
latvian indie,35,35,0
swedish metal,35,35,0
viet chill rap,35,35,0
ambient folk,35,28,10
french jazz,35,4,42
nerdcore,35,3,115
czech,35,0,157
cast recordings,35,0,135
torch songs,35,0,135
hardcore rap,35,0,88
b7005bb9-fcd9-4d06-8c39-c5ef11275ef1,35,0,86
classic metal,35,0,86
knebworth,35,0,86
today,35,0,86
vocal surf,35,0,86
angry,35,0,82
n2,35,0,82
death by pulmonary embolism,35,0,77
colombian reggaeton,35,0,69
bob-marley,35,0,61
the wailers,35,0,61
+usa (california:los angeles,35,0,55
patience,35,0,55
rock urbano,35,0,42
album oriented rock,35,0,41
funk mandelao,34,34,0
hungarian indie,34,34,0
karadeniz turkuleri,34,34,0
modern folk rock,34,34,0
tennessee hip hop,34,34,0
venezuelan rock,34,34,0
austrian pop,34,32,7
baton rouge rap,34,31,5
hands up,34,20,35
cha cha cha,34,13,50
rapping,34,0,348
contemporary,34,0,200
hungarian rap,34,0,105
chamber folk,34,0,90
french touch,34,0,75
traditional heavy metal,34,0,62
not relaxed,34,0,61
split me up,34,0,61
the beatles,34,0,49
keyboardist,34,0,47
elton-john,34,0,43
death rock,34,0,40
warm,34,0,36
indonesian rock,33,33,3
canzone dautore,33,33,0
charva,33,33,0
cumbia uruguaya,33,33,0
cyber metal,33,33,0
korean underground rap,33,33,0
laulaja-lauluntekija,33,33,0
rap cearense,33,33,0
rap uliczny,33,33,0
swedish country,33,33,0
uk americana,33,33,0
nouvelle chanson francaise,33,24,54
koplo,33,23,18
exotica,33,19,62
chiptune,33,2,96
chicago blues,33,2,44
pub rock,33,1,45
suecia,33,0,160
fuzzy artist-series,33,0,140
instrumental rock,33,0,126
balada romantica,33,0,108
eddie rubin,33,0,95
consistency,33,0,94
acoustic porridge,33,0,89
prog rock,33,0,86
rio,33,0,85
rock in opposition,33,0,85
american thrash metal,33,0,68
classic thrash metal,33,0,68
death doom,33,0,59
midwest rap,33,0,59
80s thrash metal,33,0,57
southern metal,33,0,57
gothic doom metal,33,0,33
danish alternative rock,32,32,0
deep underground hip hop,32,32,0
estonian electronic,32,32,0
korean indie rock,32,32,0
rap politico,32,32,0
reggae tuga,32,32,0
seattle hip hop,32,32,0
kwaito,32,28,7
vocal house,32,18,23
murga,32,15,143
turntablism,32,6,59
comedy rock,32,2,47
lyricists,32,0,137
italiano,32,0,84
prog folk,32,0,84
rock progresivo italiano,32,0,84
rpi,32,0,84
espana,32,0,74
partynextdoor,32,0,66
jellyroll,32,0,34
believe in nothing,32,0,32
dark synth rock,32,0,32
host,32,0,32
pacific reggae,32,0,32
indian singer-songwriter,31,31,0
musica angolana,31,31,0
rap baiano,31,31,0
reggaeton mexicano,31,31,0
stomp pop,31,31,0
trap baiano,31,31,0
underground amapiano,31,31,0
gulf hip hop,31,30,1
uzbek pop,31,29,2
sandalwood,31,10,43
uk post-punk,31,7,32
melodic bass,31,5,58
chicago punk,31,1,103
edm trap,31,1,67
southern gospel,31,1,44
funk bruxaria,31,1,33
madonna,31,0,130
star wars,31,0,85
post-dubstep,31,0,76
booka-shade,31,0,72
ma baker,31,0,72
thrash,31,0,66
ethnic,31,0,62
duetos,31,0,59
80s metal,31,0,55
90s metal,31,0,55
a bit overrated,31,0,55
amerikansk,31,0,55
crap,31,0,55
destroyer,31,0,55
douchebag metal,31,0,55
hardnheavy,31,0,55
metallica,31,0,55
pessimistic,31,0,55
pompous asses,31,0,55
progressive thrash metal,31,0,55
stopped being good after 88,31,0,55
stopped being good after 97,31,0,55
teen metal,31,0,55
the unforgiving,31,0,55
trash,31,0,55
trash metal,31,0,55
jdanton2,31,0,49
sabrinafan,31,0,49
finnish death metal,30,30,0
finnish melodeath,30,30,0
finnish power metal,30,30,0
la indie,30,30,0
musica madeirense,30,30,0
rap angolano,30,30,0
rap calme,30,30,0
rave funk,30,30,0
talentkonkurrence,30,30,0
toronto rap,30,30,0
trap catala,30,30,0
trot,30,30,0
operatic pop,30,24,29
indorock,30,21,125
new mpb,30,9,24
rap chretien,30,5,28
breakcore,30,2,45
danish,30,0,246
brazilian,30,0,108
arrolladora,30,0,106
arrolladora limon,30,0,106
banda el limon,30,0,106
la arrolladora,30,0,106
limon,30,0,106
love,30,0,88
dark wave,30,0,84
prog related,30,0,82
avant-folk,30,0,72
the sims,30,0,62
afro-pop,30,0,57
southern gothic,30,0,47
if you seek amy,30,0,44
atmospheric,30,0,43
gratuitous heavy metal umlaut,30,0,39
jizz jazz,30,0,32
classic czech pop,29,29,0
classic norwegian pop,29,29,0
cumbia salvadorena,29,29,0
dancehall queen,29,29,0
electronica argentina,29,29,0
gothenburg hip hop,29,29,0
k-pop reality show,29,29,0
karadeniz pop,29,29,0
norske viser,29,29,0
rap catala,29,29,0
ritmo kombina,29,29,0
syrian pop,29,29,0
thai viral pop,29,29,0
trap venezolano,29,29,0
vapor soul,29,27,7
chanson quebecoise,29,20,23
horror punk,29,14,51
comedy,29,4,70
payner,29,0,152
third stream,29,0,146
afro-fusion,29,0,136
detective,29,0,132
icelandic,29,0,97
shock rock,29,0,88
electronic dance,29,0,87
black gospel,29,0,83
early r & b,29,0,83
international fusion,29,0,83
trainwreck,29,0,80
lithuanian dance,29,0,76
ukrainian,29,0,70
ddr,29,0,44
engel,29,0,44
german industrial,29,0,44
german industrial metal,29,0,44
high german,29,0,44
tanzmetall,29,0,44
death by drowning,29,0,40
tunisia,29,0,37
engineer,29,0,31
missing allmusic links,29,0,30
canadian electronic,28,28,0
classic belgian pop,28,28,0
classic greek pop,28,28,0
dangdut koplo,28,28,0
deep groove house,28,28,0
german reggae,28,28,0
kazakh indie,28,28,0
malaysian indie,28,28,0
salsa venezolana,28,28,0
ukg revival,28,28,0
mathcore,28,23,30
electro swing,28,15,40
chamame,28,13,59
folk punk,28,9,48
modal jazz,28,0,146
punjabi,28,0,116
anthology,28,0,96
jazz poetry,28,0,85
meek mill,28,0,84
american idol,28,0,76
cowboy,28,0,75
jungle terror,28,0,67
hamaki,28,0,64
mohamed hamaki,28,0,64
jerry lee lewis,28,0,61
sun box,28,0,61
the best of jerry lee lewis,28,0,61
gothic,28,0,56
whistle register,28,0,56
girl,28,0,55
dusseldorf,28,0,53
thomas bangalter,28,0,50
vocoder,28,0,50
wp musicians,28,0,50
sentimental,28,0,37
tunisian,28,0,36
broken transmission,28,0,30
contemporary vocal jazz,27,27,6
bedroom r & b,27,27,0
chinese idol pop,27,27,0
g funk,27,27,0
greek fem rap,27,27,0
polish alternative rock,27,27,0
pop peruano,27,27,0
rai algerien,27,27,0
rap espanol,27,27,0
romanian house,27,27,0
sky room,27,27,0
swedish americana,27,27,0
swedish power metal,27,27,0
swedish tropical house,27,27,0
thai ost,27,27,0
tontipop,27,27,0
trancecore,27,26,13
duranguense,27,22,36
nueva trova,27,15,74
kayokyoku,27,14,122
jazz beats,27,2,38
swamp rock,27,2,28
delta blues,27,1,34
beat poetry,27,0,84
suboptimal credits,27,0,77
saga,27,0,76
roblox,27,0,75
polish hip-hop,27,0,67
lithuanian indie pop,27,0,66
ascetic,27,0,63
pakistani qawwali,27,0,61
deep purple family,27,0,57
german-lyrics,27,0,52
welsh,27,0,50
producer tag-pharrell,27,0,43
cabo zouk kizomba,27,0,38
arab,27,0,35
rough trade,27,0,32
spike,27,0,32
barbadian pop,26,26,0
canadian electropop,26,26,0
classic canadian rock,26,26,0
egyptian rock,26,26,0
finnish alternative rock,26,26,0
nu-cumbia,26,26,0
pop boliviano,26,26,0
techno remix,26,26,0
virginia hip hop,26,26,0
viking metal,26,24,21
houston rap,26,24,4
dabke,26,19,8
otacore,26,14,29
drumstep,26,4,65
cantonese,26,0,144
country soul,26,0,75
moombahcore,26,0,64
ukraine,26,0,46
playback singer,26,0,43
group,26,0,42
this is the time,26,0,34
deutschpunk,26,0,30
o happy day,26,0,30
id artist,26,0,28
signalwave,26,0,28
80s punk,26,0,27
90s punk,26,0,27
epitaph,26,0,27
antideutsche,25,25,2
afro drill,25,25,0
asian american hip hop,25,25,0
azeri rap,25,25,0
brazilian reggae,25,25,0
channel pop,25,25,0
comic,25,25,0
deep rai,25,25,0
dutch cabaret,25,25,0
finnish progressive metal,25,25,0
gaming edm,25,25,0
latin christian,25,25,0
progressive thrash,25,25,0
rap chileno,25,25,0
russian trap metal,25,25,0
sepedi pop,25,25,0
sheffield indie,25,25,0
t-pop boy group,25,25,0
viral rap,25,25,0
ye ye,25,25,0
riot grrrl,25,21,15
japanese pop punk,25,19,7
new orleans bounce,25,18,28
nueva cancion,25,16,13
minneapolis sound,25,7,125
nightcore,25,7,55
arkansas country,25,5,55
ebm,25,4,43
el principe,25,0,144
crime,25,0,141
oldies,25,0,104
rumba flamenca,25,0,67
iceland,25,0,65
trailer,25,0,51
black-metal,25,0,36
epic black metal,25,0,36
christian country,25,0,32
musica adventista,25,0,32
rock rap,25,0,27
compositional ambient,24,24,3
cantautora mexicana,24,24,0
classic russian pop,24,24,0
cypriot pop,24,24,0
danish post-punk,24,24,0
electra,24,24,0
kyrgyz hip hop,24,24,0
modern indie pop,24,24,0
naija worship,24,24,0
polish underground rap,24,24,0
rap antillais,24,24,0
swiss rock,24,24,0
swiss trap,24,24,0
vlaamse kinderliedje,24,24,0
protopunk,24,4,41
frenchcore,24,3,56
impressionism,24,3,27
pop country,24,1,71
hamburg,24,0,122
minimal,24,0,104
organ,24,0,92
32 sonatas,24,0,91
alicia de larrocha,24,0,91
beethoven gardiner,24,0,91
klavierwerke,24,0,91
lo spirito,24,0,91
masterworks,24,0,91
opus 57,24,0,91
piano concerto no. 5,24,0,91
reader s,24,0,91
sertaneja,24,0,86
grand tour,24,0,81
flaming,24,0,78
if you talk in your sleep,24,0,78
in the studio,24,0,78
live in concert,24,0,69
the way i feel,24,0,69
netherlands,24,0,54
voice actor,24,0,46
private tag 1,24,0,39
added for google code-in 2017,24,0,38
west coast rock,24,0,36
transgender,24,0,27
2000er,24,0,26
am,24,0,26
interview,24,0,24
barnmusik,23,23,0
brighton indie,23,23,0
canadian folk,23,23,0
cdo indie,23,23,0
chinese indie rock,23,23,0
christian music,23,23,0
classic latvian pop,23,23,0
dutch indie rock,23,23,0
josei rap,23,23,0
kindermusik,23,23,0
korean old school hip hop,23,23,0
pacific islands pop,23,23,0
pinoy singer-songwriter,23,23,0
russian indie,23,23,0
russian plugg,23,23,0
russian reggae,23,23,0
singaporean hip hop,23,23,0
swiss reggae,23,23,0
trap mexicano,23,23,0
new americana,23,22,1
funk melody,23,19,12
new jersey rap,23,18,19
rap quebecois,23,14,32
detroit trap,23,12,22
freestyle,23,6,41
cyberpunk,23,5,21
liedermacher,23,4,30
rumba catalana,23,1,47
girlsband,23,0,212
slovak,23,0,96
southern rap,23,0,75
covers,23,0,63
argentine rap,23,0,62
hammond organ,23,0,54
messiah of rock and roll,23,0,54
swinger-songwriter,23,0,54
collection,23,0,53
deep purple,23,0,53
hammond,23,0,53
chanson a texte,23,0,41
female fronted,23,0,36
farther,23,0,31
melodic black metal,23,0,30
in jail,23,0,26
top 100,23,0,26
australian alternative pop,22,22,0
british indie rock,22,22,0
bulgarian r & b,22,22,0
carnaval cadiz,22,22,0
chanson virale,22,22,0
graz indie,22,22,0
hare krishna,22,22,0
hawaiian hip hop,22,22,0
igbo rap,22,22,0
krushfunk,22,22,0
mississippi hip hop,22,22,0
norwegian rap,22,22,0
norwegian rock,22,22,0
pinoy idol pop,22,22,0
thai folk rock,22,22,0
funana,22,20,2
melodic dubstep,22,7,19
alt country,22,6,72
britain,22,0,178
dissolved,22,0,178
gb,22,0,178
great britain,22,0,178
cumbia mexicana,22,0,153
nl,22,0,146
poggers,22,0,105
death by cirrhosis,22,0,98
country music,22,0,83
lithuanian soul,22,0,82
ireland,22,0,73
awesomename,22,0,50
oye com va,22,0,47
pedophile,22,0,31
iraqi music,22,0,29
alternative rnb,22,0,27
bon jovi,22,0,25
hard fm,22,0,25
complete violin wind,22,0,24
cabo verde,22,0,22
peak time techno,22,0,22
belarusian pop,21,21,0
boom bap espanol,21,21,0
canadian indie rock,21,21,0
classic texas country,21,21,0
cumbia ranchera,21,21,0
electro bailando,21,21,0
folklore paraguayo,21,21,0
german pop rock,21,21,0
indonesian alternative rock,21,21,0
modern reggae,21,21,0
north east england indie,21,21,0
okinawan pop,21,21,0
skansk musik,21,21,0
slovak punk,21,21,0
uk melodic rap,21,21,0
viet lo-fi,21,21,0
welsh rock,21,21,0
afrofuturism,21,13,9
fuji,21,12,26
cold wave,21,9,40
novelty,21,4,23
glitch hop,21,3,34
ocean,21,1,114
urban music,21,0,224
thai,21,0,116
switzerland,21,0,95
eyes on me,21,0,90
french language,21,0,90
great voice,21,0,90
skilled vocals,21,0,90
industrial hip hop,21,0,71
mumble rapper,21,0,53
occult rock,21,0,53
eire,21,0,49
lol,21,0,47
noisecore,21,0,45
relative-cousin,21,0,42
skrillex,21,0,38
chaotic hardcore,21,0,28
bubblegum punk,21,0,26
extreme metal,21,0,26
mall punk,21,0,26
phil collins hits cd2,21,0,26
teen punk,21,0,26
top 10,21,0,23
orange county,21,0,22
orange county punk,21,0,22
jive,21,0,21
ozymandias,21,0,21
russian composer,21,0,21
african rock,20,20,0
barnemusikk,20,20,0
britpop revival,20,20,0
canadian country,20,20,0
electro-pop francais,20,20,0
florida drill,20,20,0
german indie folk,20,20,0
german metal,20,20,0
hokkaido indie,20,20,0
indian edm,20,20,0
indonesian pop punk,20,20,0
italian pop rock,20,20,0
japanese trap,20,20,0
kolsche karneval,20,20,0
musica chihuahuense,20,20,0
portuguese indie,20,20,0
progressive doom,20,20,0
solo wave,20,20,0
trap carioca,20,20,0
traphall,20,20,0
irish folk,20,16,19
pinoy alternative,20,13,126
pentecostal,20,4,39
art punk,20,1,52
scandinavian,20,0,191
enfp,20,0,100
utaite,20,0,90
roots,20,0,57
cuba,20,0,56
vocal dance,20,0,56
favorite,20,0,55
harmonica players,20,0,55
johnny cash rock island,20,0,55
little,20,0,55
osteraker,20,0,55
oriental ballad,20,0,52
50s,20,0,50
female vocal dance,20,0,49
dance trance,20,0,48
ostschlager,20,0,41
euro trance,20,0,38
rock groups,20,0,32
arab hip-hop,20,0,28
arab rap,20,0,28
hip-hip,20,0,28
trap pop,20,0,25
parocktikum,20,0,24
epic music,20,0,22
boston,20,0,21
massachusetts,20,0,21
avante garde,20,0,20
batida,19,19,0
childrens choir,19,19,0
indie electropop,19,19,0
israeli indie,19,19,0
neomelodici,19,19,0
nz hip hop,19,19,0
oldschool deutschrap,19,19,0
opera metal,19,19,0
russian punk rock,19,19,0
russian viral pop,19,19,0
thai folk,19,19,0
thai pop rap,19,19,0
turkish jazz,19,19,0
vapor twitch,19,19,0
sami,19,18,1
idol,19,13,24
bitpop,19,12,27
gregorian chant,19,10,26
bhojpuri pop,19,10,22
norteno-sax,19,9,63
anti-folk,19,9,34
tecnobrega,19,5,109
ballet,19,2,27
christian reggae,19,2,18
piano jazz,19,0,163
romanian dance-pop,19,0,91
x,19,0,72
vilnius,19,0,69
italo-disco,19,0,68
poetics,19,0,67
lithuanian synth-pop,19,0,62
ambient dub,19,0,59
italian rap,19,0,55
l2b,19,0,46
new haven,19,0,46
trance pop,19,0,46
abstract,19,0,45
female vocal trance,19,0,45
world music,19,0,44
sort me out,19,0,41
death,19,0,40
hindi,19,0,40
fun-punk,19,0,38
japanese band,19,0,38
乐队组合,19,0,38
riddim dubstep,19,0,34
keyboard,19,0,32
chamber orchestra,19,0,31
urban,19,0,31
add named after,19,0,28
travis barker,19,0,28
bass trap,18,18,0
brazilian edm,18,18,0
brisbane indie,18,18,0
brooklyn indie,18,18,0
chill pop,18,18,0
classic indonesian rock,18,18,0
danish electropop,18,18,0
danish metal,18,18,0
desi emo rap,18,18,0
ecuadorian pop,18,18,0
fantasy metal,18,18,0
german jazz rap,18,18,0
meme rap,18,18,0
morelos indie,18,18,0
norwegian folk rock,18,18,0
pinoy reggae,18,18,0
rap df,18,18,0
russian post-punk,18,18,0
sad lo-fi,18,18,0
sad rap,18,18,0
shiver pop,18,18,0
speedrun,18,18,0
tatar pop,18,18,0
urbano ecuatoriano,18,18,0
venda pop,18,18,0
chill phonk,18,17,13
indie surf,18,17,5
gypsy jazz,18,15,7
afro-cuban jazz,18,6,47
indie electronic,18,4,35
azeri pop,18,4,15
chillstep,18,2,47
1970s hong kong debut,18,0,222
instrumental jazz,18,0,83
bro-country,18,0,69
fantezi,18,0,64
afro-beat,18,0,54
juju,18,0,54
mande,18,0,54
drumless,18,0,52
accordion,18,0,50
city,18,0,33
northern irish,18,0,29
house music,18,0,28
heavy psych,18,0,26
tropicalia,18,0,25
las vegas,18,0,22
ostmetal,18,0,22
hustle,18,0,21
seoul,18,0,20
celtic new age,18,0,19
enya,18,0,19
austrian actor,18,0,18
chinese melodic rap,17,17,0
classic country pop,17,17,0
estonian indie,17,17,0
finnish electro,17,17,0
finnish pop punk,17,17,0
greek house,17,17,0
huzunlu sarkilar,17,17,0
karneval,17,17,0
kingston on indie,17,17,0
korean trap,17,17,0
latin worship,17,17,0
latvian rock,17,17,0
maluku pop,17,17,0
polish reggae,17,17,0
quebec indie,17,17,0
rock nacional brasileiro,17,17,0
russian folk rock,17,17,0
south carolina hip hop,17,17,0
trondersk musikk,17,17,0
neon pop punk,17,16,1
oyun havası,17,5,15
wonky,17,2,75
darksynth,17,2,42
speedcore,17,2,39
sea shanties,17,2,25
country christian,17,2,17
hong kong cultural icon,17,0,269
2nd gen k-pop,17,0,247
royalty free,17,0,144
anniversary,17,0,122
james scutt,17,0,122
pretzelbodylogic,17,0,122
prince revolution,17,0,122
robin,17,0,122
mexican cumbia,17,0,118
inna,17,0,85
cedm,17,0,74
portugal,17,0,69
creepy pop,17,0,60
blackgaze,17,0,59
many names,17,0,59
russia,17,0,57
death by covid-19,17,0,54
duo,17,0,52
jam,17,0,50
discogs,17,0,48
soprano,17,0,48
drake,17,0,45
lithuanian alternative rock,17,0,41
many singles,17,0,41
geek rock,17,0,39
deep soul,17,0,35
iswcs pending,17,0,35
script-deva,17,0,32
eurotrance,17,0,31
avant-pop,17,0,25
death by cardiac arrest,17,0,19
the police,17,0,19
acoustic opm,16,16,0
black americana,16,16,0
chanson quebecois,16,16,0
chilean indie,16,16,0
cruise,16,16,0
eau claire indie,16,16,0
ectofolk,16,16,0
el paso indie,16,16,0
epa dunk,16,16,0
greek swing,16,16,0
indie triste,16,16,0
modern hard rock,16,16,0
musica santomense,16,16,0
nottingham hip hop,16,16,0
oulu metal,16,16,0
oxford indie,16,16,0
portuguese indie rock,16,16,0
raspe,16,16,0
traditional blues,16,16,0
ukrainian folk rock,16,16,0
ukrainian post-punk,16,16,0
broadway,16,14,14
son jarocho,16,13,16
classic schlager,16,12,5
j-punk,16,10,8
mexican ska,16,3,29
acoustic blues,16,1,94
forro tradicional,16,1,29
zouglou,16,1,19
idol solo,16,0,139
electro-industrial,16,0,116
malaysia,16,0,95
atif,16,0,79
atif aslam,16,0,79
doorie,16,0,79
jal pari,16,0,79
added for google code-in 2016,16,0,75
motorik,16,0,72
wir sind helden,16,0,72
best of,16,0,56
ethereal,16,0,55
serenity,16,0,55
the lost prophecy,16,0,50
ye-ye,16,0,47
yg,16,0,44
cabaret,16,0,43
lithuanian indie rock,16,0,42
vocals,16,0,42
lithuanian post-punk,16,0,39
lithuanian punk,16,0,39
lithuanian dance-pop,16,0,37
pop trance,16,0,37
aria,16,0,29
baroque music,16,0,29
kings college,16,0,29
menuhin,16,0,29
opera seria,16,0,29
utrecht,16,0,29
variete,16,0,28
christian edm,16,0,21
deejay,16,0,21
christian bluegrass,16,0,18
not a bogus artist,16,0,17
stoner doom,16,0,17
auckland indie,15,15,0
australian alternative rock,15,15,0
bedroom soul,15,15,0
chilean hardcore,15,15,0
french indietronica,15,15,0
hamburg electronic,15,15,0
hard bass,15,15,0
haryanvi hip hop,15,15,0
indie extremena,15,15,0
korean dream pop,15,15,0
korean drill,15,15,0
norrlandsk hip hop,15,15,0
ontario indie,15,15,0
pinoy alternative rap,15,15,0
pinoy pop punk,15,15,0
pixie,15,15,0
polish old school hip hop,15,15,0
pop catracho,15,15,0
russian dance pop,15,15,0
russian ska,15,15,0
south african gospel,15,15,0
turkish psych,15,15,0
ukrainian edm,15,15,0
vapor pop,15,15,0
early music,15,14,9
sigilkore,15,12,3
neo-classical,15,9,7
brazilian jazz,15,5,14
chicago bop,15,5,11
bass music,15,4,16
british orchestra,15,2,19
post-minimalism,15,2,19
finland,15,0,113
#trapstar,15,0,106
progressive soul,15,0,88
todo-works,15,0,88
glitch pop,15,0,86
romanian band,15,0,75
bbb,15,0,55
eclectic prog,15,0,42
goth rock,15,0,40
classical folk,15,0,39
synth rock,15,0,39
technical,15,0,39
death by plane crash,15,0,37
german voice actor,15,0,34
minimal wave,15,0,34
synth punk,15,0,34
domestic abuser,15,0,22
algeria,15,0,20
symphony orchestra,15,0,20
caribbean,15,0,17
trumpet,15,0,16
argentine reggae,14,14,0
australian house,14,14,0
bandung indie,14,14,0
classic romanian pop,14,14,0
crank wave,14,14,0
deep talent show,14,14,0
dutch americana,14,14,0
german alternative rock,14,14,0
merengue tipico,14,14,0
middle east hip hop,14,14,0
musica tradicional cubana,14,14,0
palestinian hip hop,14,14,0
quantum sound,14,14,0
rock alternativo espanol,14,14,0
rock andaluz,14,14,0
rogaland musikk,14,14,0
russian metal,14,14,0
ska chileno,14,14,0
zxc,14,14,0
dainuojamoji poezija,14,13,3
german punk,14,13,1
folclor andino,14,7,25
renaissance,14,4,27
native american music,14,3,13
death by bleeding ulcer,14,0,90
space ambient,14,0,89
poets,14,0,84
dirty rap,14,0,78
stay awake,14,0,74
the netherlands,14,0,60
blue eyed soul,14,0,54
george gershwin,14,0,54
had feet,14,0,54
midnight,14,0,54
miles davis,14,0,54
trumpeter,14,0,54
philippines,14,0,51
psy-trance,14,0,46
egyptian,14,0,39
lithuanian contemporary r & b,14,0,33
1st gen k-pop,14,0,32
techno kayo,14,0,31
kreisais krasts,14,0,30
portuguese,14,0,29
2 tone,14,0,23
strange,14,0,23
wagnerian rock,14,0,23
trash speed metal,14,0,22
#kingkiba,14,0,19
new orleans r & b,14,0,19
rockstar4000,14,0,19
sony music,14,0,19
sony music africa,14,0,19
violinist,14,0,18
lies,14,0,17
power soca,14,0,17
laid back,14,0,16
major,14,0,16
ambient americana,14,0,15
aygun kazimova,14,0,15
aygun kazımova,14,0,15
azerbaijani female artist,14,0,15
azerbaijani pop singer,14,0,15
azeri jazz,14,0,15
azeri singer,14,0,15
death by electrocution,14,0,15
diva,14,0,15
acoustic cover,13,13,0
baltic folk,13,13,0
barnsagor,13,13,0
chill drill,13,13,0
cumbia boliviana,13,13,0
festigal,13,13,0
folklore chileno,13,13,0
french synthpop,13,13,0
indian folk,13,13,0
jamaican hip hop,13,13,0
krushclub,13,13,0
latvian folk,13,13,0
minnesota hip hop,13,13,0
modern alternative pop,13,13,0
musica nicaraguense,13,13,0
musica tlaxcalteca,13,13,0
neue neue deutsche welle,13,13,0
nz christian,13,13,0
palestinian pop,13,13,0
perth indie,13,13,0
pop rock brasileiro,13,13,0
puerto rican rock,13,13,0
rap lyonnais,13,13,0
russian indie rock,13,13,0
scottish singer-songwriter,13,13,0
turkce trap metal,13,13,0
uk metalcore,13,13,0
celtic punk,13,12,19
hardwave,13,11,14
gothenburg metal,13,8,13
drumless hip hop,13,7,11
japanese vgm,13,5,15
midwest emo,13,2,27
zolo,13,2,27
indie game soundtrack,13,1,29
footwork,13,1,12
quebec,13,0,105
2020s hong kong debut,13,0,87
ndw,13,0,84
afrorave,13,0,66
greek rap,13,0,59
irlandais,13,0,56
irlande,13,0,56
euro-trance,13,0,55
dad rock,13,0,54
defacing,13,0,54
roger waters,13,0,54
rolling stones,13,0,54
adele,13,0,49
blues-pop,13,0,49
space,13,0,45
aternative dance,13,0,35
seconds,13,0,35
gold,13,0,34
south american,13,0,34
musical comedy,13,0,30
bristol,13,0,29
get dumb,13,0,29
twelve-tone,13,0,29
politician,13,0,28
spiritual jazz,13,0,25
brasil,13,0,19
rock argentino,13,0,19
sxsw,13,0,18
lgbtqia+,13,0,17
senegalese,13,0,16
kizzy,13,0,15
kizzy mchugh,13,0,15
tiktok,13,0,15
surreal,13,0,14
texan,13,0,14
contemporary worship,13,0,13
former musician,13,0,13
top 5,13,0,13
cumbia santafesina,12,12,7
aesthetic rap,12,12,0
alabama rap,12,12,0
australian indie rock,12,12,0
austrian indie,12,12,0
birmingham hip hop,12,12,0
classic finnish pop,12,12,0
danish indie pop,12,12,0
danish singer-songwriter,12,12,0
deep german indie,12,12,0
discofox,12,12,0
electropowerpop,12,12,0
estonian folk,12,12,0
finnish jazz,12,12,0
hopebeat,12,12,0
japanese dance pop,12,12,0
japanese pop rap,12,12,0
korean city pop,12,12,0
latmiya,12,12,0
no beat,12,12,0
perreo,12,12,0
pinoy city pop,12,12,0
polish rock,12,12,0
rock alternativo brasileiro,12,12,0
russian edm,12,12,0
russian underground rap,12,12,0
samba reggae,12,12,0
scottish rock,12,12,0
socal pop punk,12,12,0
spanish new wave,12,12,0
taiwan rock,12,12,0
tallava,12,12,0
tipico,12,12,0
tunisian pop,12,12,0
turkish modern jazz,12,12,0
ukrainian psychedelic,12,12,0
new beat,12,11,3
balkan beats,12,10,2
jazztronica,12,10,2
semba,12,9,3
bounce,12,7,14
musica andina,12,6,6
norsk rock,12,5,12
pop quebecoise,12,5,9
zydeco,12,3,22
dark folk,12,1,19
ai,12,1,11
mainstream jazz,12,0,123
wu-tang,12,0,88
fiction,12,0,82
novelists,12,0,82
activists,12,0,71
beautiful,12,0,71
biggest,12,0,71
confetti,12,0,71
dna,12,0,71
feminists,12,0,71
get weird,12,0,71
girl band,12,0,71
girl-group,12,0,71
glory days,12,0,71
jade thirlwall,12,0,71
jesy nelson,12,0,71
kind,12,0,71
kindest,12,0,71
kweens,12,0,71
leigh-anne pinnock,12,0,71
lm5,12,0,71
perrie edwards,12,0,71
queens,12,0,71
rca,12,0,71
richest,12,0,71
salute,12,0,71
standard group,12,0,71
supporter,12,0,71
checkme recordings,12,0,66
jahseh onfroy,12,0,64
xxxtentacion,12,0,64
funky,12,0,61
electronic dance music,12,0,59
neo-progressive rock,12,0,55
frat rap,12,0,52
science fiction,12,0,43
country folk,12,0,39
belgian,12,0,37
west coast jazz,12,0,37
androgynous vocals,12,0,35
hindustani classical,12,0,34
cuban,12,0,31
16-bit,12,0,30
afro fusion,12,0,30
contemporary african,12,0,30
digital fusion,12,0,30
euro pop,12,0,30
palindrome,12,0,30
sequencer & tracker,12,0,30
video game developer,12,0,29
electonic,12,0,27
jamaica,12,0,26
poete,12,0,25
alternative singer,12,0,24
in the mood,12,0,23
my blue heaven,12,0,23
new york shit,12,0,23
snoop dogg,12,0,23
sweet bands,12,0,23
love u sonu,12,0,22
sonu nigam,12,0,22
c81,12,0,21
electric folk,12,0,21
gary moore,12,0,21
rap musicians,12,0,20
dancefloor drum and bass,12,0,18
breaks,12,0,15
death by automobile,12,0,15
god,12,0,15
triphop,12,0,15
ambient jazz,12,0,13
oldest artist #4,12,0,13
puro corazon,12,0,13
uk street soul,12,0,13
dunedin sound,12,0,12
pakistani rock,11,11,1
weirdcore,11,11,1
adoracao,11,11,0
afghan pop,11,11,0
australian indigenous music,11,11,0
birmingham metal,11,11,0
boston hip hop,11,11,0
canadian indigenous music,11,11,0
cha-cha-cha,11,11,0
chinese minyao,11,11,0
classic finnish rock,11,11,0
concepcion indie,11,11,0
cuban rumba,11,11,0
ghanaian alternative,11,11,0
ghent indie,11,11,0
glasgow indie,11,11,0
grave wave,11,11,0
guatemalan pop,11,11,0
indie hip hop,11,11,0
indonesian city pop,11,11,0
indonesian idol pop,11,11,0
kiwi rock,11,11,0
korean singer-songwriter,11,11,0
manguebeat,11,11,0
modern j-rock,11,11,0
pinoy drill,11,11,0
rap underground argentino,11,11,0
reggae catala,11,11,0
schweizer rap,11,11,0
scottish indie rock,11,11,0
spanish synthpop,11,11,0
thai folk pop,11,11,0
thai teen pop,11,11,0
vancouver indie,11,11,0
yemeni pop,11,11,0
punk blues,11,8,28
swedish death metal,11,8,3
space music,11,6,18
morna,11,3,8
christian folk,11,1,21
crossover thrash,11,1,11
furry,11,0,102
british hip hop,11,0,64
norway,11,0,52
27 club,11,0,44
great songs,11,0,37
lithuanian alternative pop,11,0,36
indian classical,11,0,33
8-bit,11,0,29
comedy music,11,0,29
naxos piano trios,11,0,29
flute sonata,11,0,26
i grandi concerti,11,0,26
l olimpiade,11,0,26
orlado furioso,11,0,26
orlando furioso spinosi,11,0,26
wiener akademie,11,0,26
dance metal,11,0,24
electronic metal,11,0,24
factory records,11,0,24
trance metal,11,0,24
coldwave,11,0,22
death by breast cancer,11,0,22
modern country,11,0,18
two-tone,11,0,18
minimalist,11,0,17
nepalese,11,0,17
rock blues,11,0,15
indi pop,11,0,14
poet,11,0,14
rabindra sangeet,11,0,14
left-field pop,11,0,12
string quartet,11,0,12
tanbi kei,11,0,12
alternative reggaeton,11,0,11
disc jockeys,11,0,11
elektronische musik,11,0,11
elephant 6,11,0,11
exprimental,11,0,11
folk-fuzz,11,0,11
australian country,10,10,0
australian indie folk,10,10,0
australian r & b,10,10,0
belgian singer-songwriter,10,10,0
brega romantico,10,10,0
bronx drill,10,10,0
bruneian pop,10,10,0
canadian celtic,10,10,0
canadian contemporary country,10,10,0
classic turkish pop,10,10,0
cologne hip hop,10,10,0
comic metal,10,10,0
deep neofolk,10,10,0
folclor colombiano,10,10,0
indonesian lo-fi pop,10,10,0
indonesian reggae,10,10,0
irish hip hop,10,10,0
japanese viral pop,10,10,0
jawaiian,10,10,0
lagu sabahan,10,10,0
monterrey indie,10,10,0
musica canaria,10,10,0
naat,10,10,0
old school atlanta hip hop,10,10,0
plugg francais,10,10,0
salsa urbana,10,10,0
slovenian pop,10,10,0
south african r & b,10,10,0
speed up brasileiro,10,10,0
swedish jazz,10,10,0
tropical alternativo,10,10,0
turkish edm,10,10,0
uk alternative hip hop,10,10,0
uk house,10,10,0
uppsala indie,10,10,0
dixieland,10,4,45
bhojiwood,10,4,14
slacker rock,10,3,39
shibuya-kei,10,3,34
idol kayo,10,3,29
proto-hyperpop,10,2,27
indie punk,10,2,11
newgrass,10,1,17
scandinave,10,0,95
scandinavia,10,0,95
scandinavie,10,0,95
paul barnes,10,0,76
afro pop,10,0,74
idol group,10,0,59
cologne,10,0,56
greek hip-hop,10,0,56
trap shaabi,10,0,49
baggy,10,0,47
serrieno-banda,10,0,45
4ad,10,0,42
yo no me doy por vencido,10,0,41
lithuanian house,10,0,38
folclore,10,0,36
john mayer,10,0,35
middle east,10,0,34
incomplete remix,10,0,30
death by overdose,10,0,28
jamaican ska,10,0,28
crunkcore,10,0,27
arabic jazz,10,0,17
hong kong actor,10,0,17
mali,10,0,17
psychedelic arabic jazz,10,0,17
celtic fusion,10,0,16
crunk & b,10,0,16
introspective,10,0,16
dallas,10,0,15
brony,10,0,14
film score composer,10,0,14
congolese rumba,10,0,13
night and day,10,0,12
reggae pop,10,0,11
wafuu kei,10,0,11
american string quartet,10,0,10
instrumentalists,10,0,10
latin american classical music,10,0,10
sentimento,10,0,10
german house,9,9,3
scenecore,9,9,1
afghan rap,9,9,0
afrikaans hip hop,9,9,0
auteur-compositeur-interprete quebecois,9,9,0
bayerischer rap,9,9,0
birmingham indie,9,9,0
brill building pop,9,9,0
canadian metal,9,9,0
chill house,9,9,0
chutney,9,9,0
classic bollywood,9,9,0
classic disco polo,9,9,0
classic greek rock,9,9,0
classic opm,9,9,0
dominican indie,9,9,0
early romantic era,9,9,0
fremantle indie,9,9,0
german soundtrack,9,9,0
glitchcore,9,9,0
icelandic punk,9,9,0
indonesian indie rock,9,9,0
klubowe,9,9,0
maltese pop,9,9,0
minimal tech house,9,9,0
musica costarricense,9,9,0
nantes indie,9,9,0
nohay,9,9,0
pop teen brasileiro,9,9,0
rap congolais,9,9,0
rap portuense,9,9,0
rock chapin,9,9,0
russian alternative rock,9,9,0
seattle indie,9,9,0
spanish modern rock,9,9,0
turin indie,9,9,0
turkish instrumental,9,9,0
turkish punk,9,9,0
womens music,9,9,0
medieval metal,9,8,4
rebetiko,9,6,8
classic soundtrack,9,5,6
italian soundtrack,9,5,6
rock nacional,9,4,7
parody,9,3,86
enka,9,3,20
nintendocore,9,3,9
psychedelic trance,9,2,32
chicago soul,9,2,15
neofolk,9,1,38
1980s hong kong debut,9,0,169
deutsch,9,0,123
mandarin,9,0,105
death by kidney failure,9,0,95
bilder,9,0,78
sido,9,0,78
september,9,0,72
suede,9,0,70
suedois,9,0,70
filipino,9,0,45
sertanejo romantico,9,0,38
electropunk,9,0,35
garage music,9,0,33
cananda,9,0,22
heavy prog,9,0,21
hit squad,9,0,21
sri lankan,9,0,18
jersey drill,9,0,17
deathrock,9,0,16
ultimate,9,0,16
percussionist,9,0,15
vegan,9,0,15
cape jazz,9,0,14
eurovision song contest,9,0,14
guitariste,9,0,14
polish composer,9,0,14
mr. big,9,0,13
jojo,9,0,12
dark electro,9,0,11
garage house,9,0,11
aromani,9,0,10
dirty south hip hop,9,0,10
mbalax,9,0,10
shit,9,0,10
sludge,9,0,10
sweet,9,0,10
today is your birthday,9,0,10
adult contemporary r & b,9,0,9
asimakmal,9,0,9
brasileiro,9,0,9
game soundtrack,9,0,9
progressive metalcore,9,0,9
rhythm and blues music,9,0,9
picopop,8,8,3
aggressive phonk,8,8,0
alternative pop rock,8,8,0
arabesque,8,8,0
belarusian rock,8,8,0
bronx hip hop,8,8,0
bulgarian rock,8,8,0
chinese audiophile,8,8,0
classic hardstyle,8,8,0
dalarna indie,8,8,0
dangdut remix,8,8,0
dutch r & b,8,8,0
english indie rock,8,8,0
euphoric hardstyle,8,8,0
finnish idol pop,8,8,0
finnish new wave,8,8,0
finnish soul,8,8,0
flemish folk,8,8,0
german metalcore,8,8,0
gym hardstyle,8,8,0
hard rock brasileiro,8,8,0
himachali pop,8,8,0
inuit pop,8,8,0
irish indie rock,8,8,0
irish post-punk,8,8,0
jalsat,8,8,0
jazz trio,8,8,0
korean talent show,8,8,0
macedonian hip hop,8,8,0
musica andina chilena,8,8,0
pop romantico,8,8,0
portland hip hop,8,8,0
psychedelic hip hop,8,8,0
rap feminino nacional,8,8,0
reggae peruano,8,8,0
romanian rock,8,8,0
south african alternative,8,8,0
south african deep house,8,8,0
st louis rap,8,8,0
swedish indie folk,8,8,0
swedish melodeath,8,8,0
swiss indie,8,8,0
swiss pop,8,8,0
thai bl ost,8,8,0
turkish soundtrack,8,8,0
veracruz indie,8,8,0
vietnamese pop,8,8,0
world worship,8,8,0
chicano rap,8,6,4
vintage italian soundtrack,8,4,6
dark disco,8,4,5
wave,8,3,19
eurobeat,8,2,7
japanese garage rock,8,2,7
stride,8,1,24
samba-rock,8,1,12
vincy soca,8,1,7
fix whosampled dupe url,8,0,80
da,8,0,57
g)i-dle,8,0,57
gidle,8,0,57
i-dle,8,0,57
idle,8,0,57
k,8,0,57
kda,8,0,57
미연,8,0,57
민니,8,0,57
소연,8,0,57
수진,8,0,57
슈화,8,0,57
여자)아이들,8,0,57
우기,8,0,57
전소연,8,0,57
큐브,8,0,57
큐브엔터테인먼트,8,0,57
pop music,8,0,55
alternative-rock,8,0,50
melodic punk,8,0,47
aslı,8,0,41
ozzy,8,0,40
ozzy osbourne,8,0,40
political rap,8,0,38
goa trance,8,0,35
groovy,8,0,34
session,8,0,32
math metal,8,0,31
electro shaabi,8,0,30
lil pump,8,0,28
lithuanian electro,8,0,28
tabla,8,0,27
box set,8,0,26
performance name,8,0,26
tina-turner,8,0,26
no wave,8,0,25
children s,8,0,22
estonian,8,0,21
persian,8,0,21
country yodeling,8,0,20
musique concrete,8,0,19
vocal group,8,0,19
childrenofdos,8,0,18
neo classical,8,0,18
do not split,8,0,17
fuck ali project,8,0,17
gothic lolita,8,0,17
soul shakedown party (silk's downunder mix,8,0,17
trust,8,0,17
greek folk,8,0,16
border reiver,8,0,15
filmi sangeet,8,0,15
complex,8,0,14
death by throat cancer,8,0,14
limerick,8,0,14
the queen of soul,8,0,14
urban cowboy,8,0,14
baritone,8,0,13
coupe-decale,8,0,13
south african jazz,8,0,13
swiss,8,0,13
cellist,8,0,12
christian rap,8,0,12
midtempo bass,8,0,12
not based,8,0,12
plunderphonics,8,0,12
samba-cancao,8,0,12
42 dugg,8,0,11
church music,8,0,11
katmandu,8,0,11
musica classica,8,0,11
sinfonia,8,0,11
beholder,8,0,10
indie jazz,8,0,10
komponist,8,0,10
arabic pop,8,0,9
astral jazz,8,0,9
coke rap,8,0,9
fado de coimbra,8,0,9
progressive r & b,8,0,9
uzbekistan,8,0,9
10 cd,8,0,8
aberdeen,8,0,8
black lantern music,8,0,8
burmese,8,0,8
coladeira,8,0,8
file,8,0,8
halftime,8,0,8
hard dance,8,0,8
monumentally stupid band names,8,0,8
path,8,0,8
performance art,8,0,8
punk-pop,8,0,8
j-indie,7,7,1
sovietwave,7,7,1
alberta country,7,7,0
australian garage punk,7,7,0
balochi pop,7,7,0
bc underground hip hop,7,7,0
belarusian indie,7,7,0
canadian drill,7,7,0
canadian latin,7,7,0
chinese drama ost,7,7,0
christian afrobeat,7,7,0
christian indie,7,7,0
circuit,7,7,0
classic peruvian pop,7,7,0
covertronica,7,7,0
czech folk,7,7,0
czech punk,7,7,0
drill dominicano,7,7,0
experimental r & b,7,7,0
finnish blues,7,7,0
fvnky rimex,7,7,0
greek indie,7,7,0
icelandic post-punk,7,7,0
indian fusion,7,7,0
indie curitibano,7,7,0
indonesian emo,7,7,0
jazz venezolano,7,7,0
kizomba antigas,7,7,0
malaysian punk,7,7,0
melanesian pop,7,7,0
musica costena,7,7,0
musica hondurena,7,7,0
musica sinaloense,7,7,0
musical advocacy,7,7,0
musiikkia lapsille,7,7,0
nordic post-rock,7,7,0
nottingham indie,7,7,0
ottawa rap,7,7,0
persian electronic,7,7,0
polish electronica,7,7,0
pop emo,7,7,0
rap cristiano,7,7,0
rap italiano old school,7,7,0
rock brasiliense,7,7,0
russian synthpop,7,7,0
south african rock,7,7,0
stomp and flutter,7,7,0
strut,7,7,0
swedish punk,7,7,0
talentschau,7,7,0
trap pesado,7,7,0
xitsonga pop,7,7,0
zoomergaze,7,7,0
zouk riddim,7,7,0
rautalanka,7,6,6
traprun,7,6,3
american folk revival,7,6,1
channel islands indie,7,5,7
scorecore,7,5,5
queercore,7,4,10
hawaiian,7,4,5
japanese classical,7,3,15
cello,7,3,11
brit funk,7,3,9
christian reggaeton,7,2,5
folk quebecois,7,1,32
budots,7,1,16
ballroom vogue,7,1,10
fake,7,1,9
violin,7,1,8
japanese girl punk,7,1,7
underground,7,0,107
cumbia argentina,7,0,89
bonn,7,0,74
albanian,7,0,61
canadien,7,0,53
mb artist credit,7,0,47
yg family,7,0,46
children,7,0,44
pinoy pop,7,0,39
the allman brothers band,7,0,39
virtual group,7,0,36
belgium,7,0,33
lofi,7,0,29
drama,7,0,27
hebrew,7,0,27
maxproduction,7,0,27
brazil,7,0,24
futurepop,7,0,23
manserock,7,0,23
fresh,7,0,22
death by stomach cancer,7,0,21
maher zain the n1 for us,7,0,20
psychedelic rap,7,0,20
gay pop,7,0,18
lithuanian contemporary,7,0,17
lithuanian contemporary pop,7,0,17
marseille,7,0,17
british folk rock,7,0,15
desert rock,7,0,15
hard trance,7,0,15
marina the diamonds,7,0,15
weird america,7,0,15
90s r & b,7,0,14
ambient noise wall,7,0,14
british asian,7,0,14
candy,7,0,14
death by fall,7,0,14
harsh noise,7,0,14
harsh noise wall,7,0,14
minimal synth,7,0,14
nsfw cover art,7,0,14
soulful,7,0,14
traditional arabic pop,7,0,13
nct,7,0,12
playwright,7,0,12
powerviolence,7,0,12
alemanha,7,0,11
guitar god,7,0,11
philosophical,7,0,11
pirkanmaa,7,0,11
ufw,7,0,11
ylojarvi,7,0,11
herleo muntu,7,0,10
novelist,7,0,10
playback,7,0,10
romancier,7,0,10
appear on hong kong postage stamps,7,0,9
drummer,7,0,9
foxtown,7,0,9
music producer,7,0,9
songs,7,0,9
viola da gamba,7,0,9
disney,7,0,8
jersey club rap,7,0,8
knack am,7,0,8
ttrpg,7,0,8
wrong,7,0,8
александр горячев,7,0,8
hotpack riddim,7,0,7
one life,7,0,7
shornbeats,7,0,7
south carolina,7,0,7
tunisie,7,0,7
vincy dancehall,7,0,7
wonky techno,7,0,7
даваидаша,7,0,7
boogaloo,6,6,2
pakistani folk,6,6,1
afrikaans gqom,6,6,0
ambient lo-fi,6,6,0
austrian hip hop,6,6,0
bachata pop,6,6,0
belo horizonte indie,6,6,0
boom bap brasileiro,6,6,0
bosnian pop,6,6,0
british alternative rock,6,6,0
bubble trance,6,6,0
canadian blues,6,6,0
canadian old school hip hop,6,6,0
cape town indie,6,6,0
cartoon,6,6,0
chill abstract hip hop,6,6,0
classic city pop,6,6,0
classic girl group,6,6,0
classic k-pop,6,6,0
classic nz pop,6,6,0
cook islands pop,6,6,0
cowboy western,6,6,0
czech singer-songwriter,6,6,0
diva house,6,6,0
edmonton indie,6,6,0
emo trap italiana,6,6,0
fijian pop,6,6,0
filthstep,6,6,0
finnish hard rock,6,6,0
gaming dubstep,6,6,0
grupero romantico,6,6,0
hoerspiel,6,6,0
hungarian folk,6,6,0
hungarian metal,6,6,0
igbo trap,6,6,0
indiecoustica,6,6,0
kizomba cabo-verdiana,6,6,0
lapland hip hop,6,6,0
limerick indie,6,6,0
malang indie,6,6,0
musica catalana,6,6,0
new age piano,6,6,0
nl folk,6,6,0
norrbotten indie,6,6,0
norwegian house,6,6,0
okinawan folk,6,6,0
organic electronic,6,6,0
p funk,6,6,0
palm desert scene,6,6,0
philly indie,6,6,0
piratenmuziek,6,6,0
polca paraguaya,6,6,0
polish post-punk,6,6,0
porro,6,6,0
punk tuga,6,6,0
punta rock,6,6,0
rap baixada fluminense,6,6,0
scam rap,6,6,0
sleep,6,6,0
smutny rap,6,6,0
somali pop,6,6,0
surinamese pop,6,6,0
syrian hip hop,6,6,0
transpop,6,6,0
trap peruano,6,6,0
vegas indie,6,6,0
viet remix,6,6,0
washington indie,6,6,0
kurdish pop,6,5,4
sung poetry,6,5,3
french reggae,6,5,1
new orleans jazz,6,5,1
fidget house,6,4,9
j-metal,6,4,5
latin funk,6,4,3
armenian pop,6,4,2
bisrock,6,3,29
baltimore club,6,3,8
kawaii metal,6,3,7
catholic music,6,3,6
balearic,6,3,3
samba-jazz,6,2,26
progressive bluegrass,6,2,6
boogie-woogie,6,1,21
classic blues,6,1,7
huapango,6,1,5
jackin house,6,1,5
korean ballad,6,0,110
1990s hong kong debut,6,0,99
dmv,6,0,98
bbq reggae,6,0,68
narcocorrido,6,0,66
sm,6,0,66
german rap,6,0,64
vietnamese,6,0,52
radioman,6,0,46
new prog,6,0,40
adult alternative,6,0,31
mento,6,0,31
future pop,6,0,30
thailand,6,0,28
stadium rock,6,0,27
east coast hip-hop,6,0,25
regional mexican,6,0,25
mod,6,0,24
lyrical genius,6,0,23
bop,6,0,20
denmark,6,0,18
gaelic,6,0,18
scientology,6,0,18
synthesizer,6,0,17
entekhno,6,0,16
duran,6,0,15
funk soul,6,0,15
new romantics,6,0,15
x factor,6,0,15
castlevania,6,0,14
impressionist,6,0,14
new weird america,6,0,14
sri lanka,6,0,13
indus,6,0,12
oriental,6,0,12
proto punk,6,0,12
techno hardcore,6,0,12
+finland (helsinki,6,0,11
electro-soul,6,0,11
eurovision song contest 1985,6,0,11
love metal,6,0,11
pagan black metal,6,0,11
tantrumjas,6,0,11
outsider,6,0,10
uk hardcore,6,0,10
ambient post rock,6,0,9
impro for vomir,6,0,9
needs merging into anon.,6,0,9
probably needs merging,6,0,9
troll,6,0,9
19th century,6,0,8
arcangel,6,0,8
death by poison,6,0,8
deep tech,6,0,8
early 20th century,6,0,8
electroacoustic,6,0,8
fransk,6,0,8
music critic,6,0,8
nengo flow,6,0,8
spy,6,0,8
stephen kovacevich*-beethovestephen kovacevich plays beethoven,6,0,8
symbolist,6,0,8
tilson,6,0,8
virtual youtuber,6,0,8
candombe beat,6,0,7
classic hardcore punk,6,0,7
japan punk,6,0,7
los angeles punk,6,0,7
moe song,6,0,7
worldwide,6,0,7
akiba-pop,6,0,6
broken,6,0,6
club dance,6,0,6
creation records,6,0,6
czech composer,6,0,6
dan dan,6,0,6
dance music hall of fame,6,0,6
delete,6,0,6
deltarune,6,0,6
denpa,6,0,6
jakim,6,0,6
merge into anon or another [spa,6,0,6
musical theater,6,0,6
muzika yehudit mekorit,6,0,6
needs merging into [anonymous,6,0,6
never use this,6,0,6
nuevo cancionero,6,0,6
pagan metal,6,0,6
please dont use this,6,0,6
religious garbage,6,0,6
rock musical,6,0,6
romanian musician,6,0,6
seriously,6,0,6
simon rattle,6,0,6
taarab,6,0,6
tunisian rap,6,0,6
undertale,6,0,6
von weber,6,0,6
wrong artist,6,0,6
ابو اصيل,6,0,6
ابو بكر سالم,6,0,6
ابو بكر سالم بلفقيه,6,0,6
اغاني يمنية,6,0,6
محضاريات,6,0,6
south african underground rap,5,5,4
punto guajiro,5,5,2
anime score,5,5,1
arab electronic,5,5,0
austindie,5,5,0
australian singer-songwriter,5,5,0
azeri traditional,5,5,0
baltic classical,5,5,0
bergen indie,5,5,0
brega paraense,5,5,0
canadian pop punk,5,5,0
canadian punk,5,5,0
cantautora argentina,5,5,0
classic bulgarian pop,5,5,0
classic thai pop,5,5,0
classical tenor,5,5,0
corridos alternativos,5,5,0
czsk electropop,5,5,0
deep disco house,5,5,0
deep tech house,5,5,0
detroit trap brasileiro,5,5,0
drill tuga,5,5,0
electronic classical,5,5,0
float house,5,5,0
folkmusik,5,5,0
football,5,5,0
fourth world,5,5,0
german baroque,5,5,0
german hard rock,5,5,0
gregorian dance,5,5,0
harlem renaissance,5,5,0
healing hz,5,5,0
icelandic experimental,5,5,0
indian lo-fi,5,5,0
indian rock,5,5,0
indie siciliano,5,5,0
intelligent dance music,5,5,0
italian progressive rock,5,5,0
jazz trumpet,5,5,0
jewish hip hop,5,5,0
jordanian pop,5,5,0
kompa gouyad,5,5,0
leipzig electronic,5,5,0
lund indie,5,5,0
modern jazz piano,5,5,0
montreal indie,5,5,0
murcia indie,5,5,0
musica andina colombiana,5,5,0
musica aragonesa,5,5,0
musique pour enfants,5,5,0
new weird finland,5,5,0
panamanian rock,5,5,0
peruvian indie,5,5,0
poezja spiewana,5,5,0
polish jazz,5,5,0
polish phonk,5,5,0
post-romantic era,5,5,0
rock independant francais,5,5,0
rock urbano mexicano,5,5,0
russian witch house,5,5,0
shabad,5,5,0
ska mexicano,5,5,0
slowed and reverb,5,5,0
smooth saxophone,5,5,0
trap ecuatoriano,5,5,0
turkce remix,5,5,0
viking folk,5,5,0
xhosa hip hop,5,5,0
yodeling,5,5,0
dark techno,5,4,16
rap nacional,5,4,4
dark rock,5,4,1
sudanese hip hop,5,4,1
kabarett,5,3,4
microhouse,5,2,9
jovem guarda,5,2,5
dmv rap,5,1,10
dream trance,5,1,10
oi,5,1,8
rubby perez,5,0,55
lukas graham,5,0,52
japan pop,5,0,47
urban blues,5,0,47
modern laiko,5,0,44
jump blues,5,0,43
need cleanup,5,0,40
tidy,5,0,38
anxious,5,0,33
south africa,5,0,33
dinamo,5,0,32
neighbours,5,0,30
comedy hip hop,5,0,27
dark psytrance,5,0,26
la luz,5,0,26
paisa,5,0,26
heavenly voice,5,0,25
stell,5,0,25
stelljun,5,0,25
anarcho-punk,5,0,24
clean,5,0,23
horbuchserie,5,0,23
mumm der kopflose,5,0,23
super,5,0,23
simon and,5,0,22
collective pseudonym,5,0,21
forest psytrance,5,0,20
anthony newman,5,0,17
electronicore,5,0,17
fuzz pop,5,0,17
james levine,5,0,17
loren maazel,5,0,17
pittsburgh symphony orchestra,5,0,17
funk-rock,5,0,16
wu fam,5,0,16
3a46633b-26ed-4418-a029-ab77de3ccfae,5,0,15
60th anniversary,5,0,15
ace of base,5,0,15
anarchiste,5,0,15
andrews sisters,5,0,15
monaco,5,0,15
monegasque,5,0,15
punk-rock,5,0,15
no doubt,5,0,14
rodrigo interpreta a rodrigo,5,0,14
ara music,5,0,13
gothenburg,5,0,13
electric texas blues,5,0,12
hollywood records,5,0,12
murdered,5,0,12
noah cyrus,5,0,12
observational comedy,5,0,12
peace,5,0,12
surreal humour,5,0,12
bexleyheath,5,0,11
kent,5,0,11
nerd rock,5,0,11
nihilism,5,0,11
pennsylvania,5,0,11
psychedelic rock music,5,0,11
vocal music,5,0,11
wuthering heights,5,0,11
appalachian folk,5,0,10
armenian,5,0,10
athens,5,0,10
christian metal,5,0,10
georgia,5,0,10
jeepster,5,0,10
mobb music,5,0,10
trio,5,0,10
austin city limits,5,0,9
italian classic,5,0,9
missing va releases,5,0,9
noisegrind,5,0,9
the voice,5,0,9
abdu kiar,5,0,8
addis ababa,5,0,8
amharic music,5,0,8
carnatic classical,5,0,8
conscious rap,5,0,8
crash,5,0,8
easycore,5,0,8
ethiopian music,5,0,8
ethiopian singer,5,0,8
folk music,5,0,8
hillsong,5,0,8
khiar,5,0,8
kids,5,0,8
kiyar,5,0,8
lata-mangeshkar,5,0,8
library music,5,0,8
lucy,5,0,8
melbourne shuffle,5,0,8
merkato sefere,5,0,8
minew shewa,5,0,8
play,5,0,8
post-baggy,5,0,8
san francisco,5,0,8
wips,5,0,8
freak folk,5,0,7
gen z,5,0,7
hijo de la luna,5,0,7
northern ireland,5,0,7
bad music,5,0,6
blackened thrash metal,5,0,6
c86,5,0,6
changes,5,0,6
death by liver failure,5,0,6
experimental jazz,5,0,6
faul,5,0,6
faul & wad,5,0,6
faul & wad ad,5,0,6
faulandwad,5,0,6
faulandwadad,5,0,6
faulmusic,5,0,6
game composer,5,0,6
gospel rap,5,0,6
latin freestyle,5,0,6
list,5,0,6
pnau,5,0,6
tour d amour,5,0,6
waltz,5,0,6
african traditions,5,0,5
al-qaysar,5,0,5
atlantic,5,0,5
bluegrass country alternative,5,0,5
christian lo-fi,5,0,5
contemporary bluegrass,5,0,5
en public,5,0,5
greenville,5,0,5
hair band,5,0,5
isle of wight,5,0,5
marketing lebsians,5,0,5
misanthropy,5,0,5
modinha,5,0,5
mongolian rock band,5,0,5
post-alternative,5,0,5
praise,5,0,5
pt,5,0,5
punkrock,5,0,5
ralph records,5,0,5
religious propaganda,5,0,5
russian techno,5,0,5
sardinia,5,0,5
saturday night live,5,0,5
serbian,5,0,5
spiritual,5,0,5
top 50,5,0,5
township bubblegum,5,0,5
tunisian hip hop,5,0,5
west african,5,0,5
zoblazo,5,0,5
القيصر,5,0,5
campursari,4,4,4
halloween,4,4,1
abstract beats,4,4,0
american contemporary classical,4,4,0
antiviral pop,4,4,0
arab groove,4,4,0
australian psych,4,4,0
balkan punk,4,4,0
brisbane hip hop,4,4,0
canto popular uruguayo,4,4,0
chanson humoristique,4,4,0
chicago indie,4,4,0
chihuahua indie,4,4,0
chinese jazz,4,4,0
classic french pop,4,4,0
classic polish pop,4,4,0
classical era,4,4,0
classify,4,4,0
countrygaze,4,4,0
cumbia amazonica,4,4,0
czech alternative rap,4,4,0
dancehall guyanaise,4,4,0
danseband,4,4,0
dark cabaret,4,4,0
dark clubbing,4,4,0
dutch singer-songwriter,4,4,0
early modern classical,4,4,0
ecm-style jazz,4,4,0
folclor afrocolombiano,4,4,0
french indie folk,4,4,0
gogeo,4,4,0
gotlandsk musik,4,4,0
groove room,4,4,0
guadalajara indie,4,4,0
gypsy punk,4,4,0
hamilton on indie,4,4,0
high vibe,4,4,0
hjemmesnekk,4,4,0
hokkien pop,4,4,0
hungarian underground rap,4,4,0
hyperpop italiano,4,4,0
indie dream pop,4,4,0
indonesian post-hardcore,4,4,0
instrumental funk,4,4,0
japanese ska,4,4,0
jazz cubano,4,4,0
jordanian alternative,4,4,0
kabyle,4,4,0
kentucky indie,4,4,0
kentucky roots,4,4,0
korean superband,4,4,0
latin classical,4,4,0
latin soundtrack,4,4,0
lds youth,4,4,0
liverpool indie,4,4,0
lo-fi product,4,4,0
macedonian pop,4,4,0
mande pop,4,4,0
memphis phonk,4,4,0
modern dream pop,4,4,0
musica para ninos,4,4,0
musique urbaine kinshasa,4,4,0
nashville singer-songwriter,4,4,0
noel quebecois,4,4,0
northern irish indie,4,4,0
nz electronic,4,4,0
pakistani electronic,4,4,0
palestinian alternative,4,4,0
peruvian hip hop,4,4,0
polish classical,4,4,0
polish indie rock,4,4,0
pop violin,4,4,0
popping,4,4,0
portuguese folk,4,4,0
punjabi lo-fi,4,4,0
rhode island rap,4,4,0
russian pop punk,4,4,0
scottish new wave,4,4,0
sda a cappella,4,4,0
sesotho hip hop,4,4,0
sesotho pop,4,4,0
ska espanol,4,4,0
ska jazz,4,4,0
slow game,4,4,0
small room,4,4,0
soviet synthpop,4,4,0
spanish punk,4,4,0
springfield mo indie,4,4,0
svensk progg,4,4,0
taiwanese indigenous music,4,4,0
tamazight,4,4,0
trance brasileiro,4,4,0
trap beats,4,4,0
tuna,4,4,0
uk dnb,4,4,0
uk reggae,4,4,0
ukrainian phonk,4,4,0
uwielbienie,4,4,0
uyghur pop,4,4,0
venezuelan indie,4,4,0
vintage cantonese pop,4,4,0
viral pop brasileiro,4,4,0
waiata maori,4,4,0
west bengali pop,4,4,0
old school bassline,4,3,9
western swing,4,3,2
digital hardcore,4,3,1
ghettotech,4,3,1
classic persian pop,4,2,2
microtonal,4,2,2
neo-traditional country,4,1,6
afrikaans pop,4,1,5
braindance,4,1,4
christian jazz,4,1,3
melodic power metal,4,1,3
persian rock,4,1,3
nekfeu,4,0,78
antifa,4,0,76
umk 2025,4,0,76
finnish singer,4,0,72
israeli,4,0,69
sm entertainment,4,0,59
nortena,4,0,56
finnish rap,4,0,53
israeli rap,4,0,50
korean music,4,0,50
nz,4,0,49
qi-western releases,4,0,43
brill building,4,0,41
politic rap,4,0,41
schottland,4,0,40
filmore,4,0,37
everlong,4,0,35
dsds,4,0,33
kr,4,0,33
alternative progressive,4,0,30
muse,4,0,30
pinoy,4,0,29
original,4,0,28
boyband,4,0,26
idols,4,0,26
music icons,4,0,26
punk jazz,4,0,25
#sb19,4,0,24
#sb19poprise,4,0,24
#sb19ppoprise,4,0,24
alab,4,0,24
all 5: dancers-choreographers,4,0,24
all 5: singers-songwriters,4,0,24
all 5:dancers-choreographers,4,0,24
atin,4,0,24
band ok but the fans suck,4,0,24
best group in ph,4,0,24
best male performer,4,0,24
choreographer,4,0,24
dont hate them,4,0,24
f this tag breaking shit,4,0,24
fashion model,4,0,24
freezer,4,0,24
future jazz,4,0,24
go up,4,0,24
handsome,4,0,24
haters not allowed duh,4,0,24
i love sb19,4,0,24
ihawan,4,0,24
josh,4,0,24
justin,4,0,24
justin de dios,4,0,24
kamaisan,4,0,24
ken,4,0,24
kentin,4,0,24
lit dancers,4,0,24
lit songs,4,0,24
nasejun,4,0,24
ot5,4,0,24
p-pop idols,4,0,24
poultry,4,0,24
ppop,4,0,24
rappers,4,0,24
rising pop,4,0,24
sb1,4,0,24
sb19,4,0,24
sb19 ppop idol,4,0,24
sejun,4,0,24
spam,4,0,24
stop breaking our rating mechanism,4,0,24
stop breaking our rating mechanism seriously,4,0,24
strawberry,4,0,24
support ppop,4,0,24
swag,4,0,24
sylvester,4,0,24
trending,4,0,24
unbreakable sb19,4,0,24
vocalists and dancers,4,0,24
why is there so many tags,4,0,24
world domination,4,0,24
you guys suck,4,0,24
young artist,4,0,24
에스비19,4,0,24
ethio-jazz,4,0,23
kids music,4,0,22
yuck,4,0,22
background vocalist,4,0,21
melbourne,4,0,21
urban folk,4,0,21
animals,4,0,20
becky hill,4,0,20
feel good,4,0,20
gecko,4,0,20
gecko (overdrive,4,0,20
martin garrix,4,0,20
michelle,4,0,20
oliver heldens,4,0,20
robin thicke,4,0,20
葉加瀬太郎,4,0,20
crossover jazz,4,0,19
2000s hong kong debut,4,0,18
canary islands,4,0,18
supremo,4,0,18
world pop,4,0,18
kolsch,4,0,17
osama,4,0,17
osama rapper,4,0,17
osama taiym,4,0,17
brown-eyed soul,4,0,16
designer graphique,4,0,16
graphic designer,4,0,16
ninja tune,4,0,16
tex-mex,4,0,16
audio engineer,4,0,15
biography,4,0,15
eerie,4,0,15
new york punk,4,0,15
alternative indy folk,4,0,14
barrel,4,0,14
clavieriste,4,0,14
italian orchestra,4,0,14
lebanese,4,0,14
tape music,4,0,14
electro-funk,4,0,13
esperanto,4,0,12
hong kong actress,4,0,12
jerk rap,4,0,12
speed garage,4,0,12
television composer,4,0,12
ethnic electronica,4,0,11
freakbeat,4,0,11
mid-school hip hop,4,0,11
stoner,4,0,11
80s pop,4,0,10
arabic classical music,4,0,10
egyptian music,4,0,10
iranian pop singers,4,0,10
crooners,4,0,9
ghana new artist,4,0,9
ghanaian singer,4,0,9
ghanaian top singer,4,0,9
sound engineer,4,0,9
vietnam,4,0,9
alternative hard rock,4,0,8
bollywood playback,4,0,8
death by sleeping pills,4,0,8
ingenieur du son,4,0,8
max,4,0,8
mil besos,4,0,8
monstercat,4,0,8
neoclassical metal,4,0,8
philly club,4,0,8
raggae,4,0,8
self-titled,4,0,8
ajab gazab,4,0,7
anti-religion,4,0,7
chigaco blues,4,0,7
country-rock,4,0,7
detroit blues,4,0,7
drone metal,4,0,7
fort apache sound,4,0,7
glasgow,4,0,7
houston sound,4,0,7
houston texas music,4,0,7
irvine,4,0,7
janet jackson escapade,4,0,7
janet-jackson,4,0,7
japan jam,4,0,7
melodic rock,4,0,7
pop rock brasil,4,0,7
powerful,4,0,7
rock brasil,4,0,7
samoan,4,0,7
sexy,4,0,7
software as artist,4,0,7
solo project,4,0,7
space age pop,4,0,7
the queen,4,0,7
weezer,4,0,7
गजल,4,0,7
72 meters,4,0,6
absolute music,4,0,6
acid breaks,4,0,6
adult orientated rock,4,0,6
ambient music,4,0,6
country singer,4,0,6
gui la testa,4,0,6
hereford,4,0,6
italian conductor,4,0,6
lebanon,4,0,6
led zeppelin,4,0,6
nation,4,0,6
persistence,4,0,6
person,4,0,6
rasta,4,0,6
spaghetti western,4,0,6
the scarlet and the black,4,0,6
zoo,4,0,6
add serie,4,0,5
amadeus quartet & emil gilels,4,0,5
bad,4,0,5
belgian singer,4,0,5
burmese stereo,4,0,5
businesspeople,4,0,5
electro rock,4,0,5
elevator,4,0,5
from vkei to non-vkei,4,0,5
grateful dead,4,0,5
grateful dead berkley,4,0,5
hanoi,4,0,5
legends,4,0,5
multiple countries,4,0,5
musikproduzent,4,0,5
progressive death metal,4,0,5
record producer,4,0,5
singstimme,4,0,5
smurf music,4,0,5
space rock revival,4,0,5
technical death metal,4,0,5
thank you,4,0,5
tramp pa en smurf,4,0,5
us power metal,4,0,5
ai generated,4,0,4
anti-christian,4,0,4
balasevic,4,0,4
balearic trance,4,0,4
balkan,4,0,4
cast,4,0,4
christian liturgical music,4,0,4
cleaned up,4,0,4
desert blues,4,0,4
drum & bass,4,0,4
estonian composer,4,0,4
eurovision 2026,4,0,4
garage jazz,4,0,4
gumbe,4,0,4
holy hip hop,4,0,4
kazakh,4,0,4
lambada,4,0,4
lemures & legends selected,4,0,4
lied,4,0,4
lieder,4,0,4
life,4,0,4
lirics,4,0,4
luxembourg,4,0,4
maskanda,4,0,4
media composer,4,0,4
moldovan,4,0,4
panonski mornar,4,0,4
persian music,4,0,4
pierre rausch,4,0,4
plague,4,0,4
pop-dance,4,0,4
psychedelic blues,4,0,4
rita lee,4,0,4
serbia,4,0,4
shiverspine,4,0,4
should lanterns shine,4,0,4
srso,4,0,4
summer song,4,0,4
summernightbrand,4,0,4
summernightbrand record sales office,4,0,4
summernightbrand record sales office (srso,4,0,4
to go,4,0,4
vtuber,4,0,4
wigan,4,0,4
wolof,4,0,4
đole,4,0,4
nasyid,3,3,8
japanese soundtrack,3,3,3
dariacore,3,3,2
neoclassical darkwave,3,3,1
nordic folk,3,3,1
vegan straight edge,3,3,1
alberta hip hop,3,3,0
alt-idol,3,3,0
anime lo-fi,3,3,0
anthem worship,3,3,0
argentine alternative rock,3,3,0
argentine ambient,3,3,0
armenian hip hop,3,3,0
assamese pop,3,3,0
atlanta bass,3,3,0
australian underground hip hop,3,3,0
baglama,3,3,0
balkan brass,3,3,0
banjo,3,3,0
bisaya rap,3,3,0
bosnian indie,3,3,0
bossbeat,3,3,0
boston rock,3,3,0
brazilian emo,3,3,0
brazilian evangelical music,3,3,0
british folk,3,3,0
bubblegrunge,3,3,0
c-pop girl group,3,3,0
cambridgeshire indie,3,3,0
canadian indie folk,3,3,0
canadian indigenous hip hop,3,3,0
cantonese worship,3,3,0
charanga,3,3,0
childrens folk,3,3,0
chilena,3,3,0
chinese new year,3,3,0
christmas instrumental,3,3,0
clap and tap,3,3,0
collage pop,3,3,0
colombian indie,3,3,0
colombian rock,3,3,0
color noise,3,3,0
comedie musicale,3,3,0
corecore,3,3,0
corridos clasicos,3,3,0
coverchill,3,3,0
cuatro venezolano,3,3,0
cumbia del sureste,3,3,0
cumbia ecuatoriana,3,3,0
czech metal,3,3,0
danish indie,3,3,0
dark synthpop,3,3,0
deep uplifting trance,3,3,0
detroit rock,3,3,0
draga,3,3,0
dreamo,3,3,0
dubsteppe,3,3,0
dutch moombahton,3,3,0
electronica chilena,3,3,0
english baroque,3,3,0
experimental vocal,3,3,0
finlandssvenska musik,3,3,0
finnish edm,3,3,0
firenze indie,3,3,0
focus,3,3,0
funky tech house,3,3,0
galician folk,3,3,0
german country,3,3,0
german hyperpop,3,3,0
german indie rock,3,3,0
german romanticism,3,3,0
guaracha santiaguena,3,3,0
haitian gospel,3,3,0
hip-hop experimental,3,3,0
hyperpop en espanol,3,3,0
icelandic classical,3,3,0
idol rock,3,3,0
indie catala,3,3,0
indonesian edm,3,3,0
indonesian emo rap,3,3,0
irish electronic,3,3,0
israeli folk,3,3,0
italian techno,3,3,0
japanese alternative pop,3,3,0
japanese indie pop,3,3,0
kansas city hip hop,3,3,0
kashmiri pop,3,3,0
korean electropop,3,3,0
latin metal,3,3,0
latin viral rap,3,3,0
latintronica,3,3,0
lebanese indie,3,3,0
lo-fi chill,3,3,0
lo-fi emo,3,3,0
lo-fi sleep,3,3,0
luxembourgian pop,3,3,0
magyar retro dance,3,3,0
mexican classic rock,3,3,0
mexican edm,3,3,0
modern indie folk,3,3,0
modern jazz trio,3,3,0
musica afroperuana,3,3,0
musica bajacaliforniana,3,3,0
musica de intervencao,3,3,0
musica popular uruguaya,3,3,0
musica portuguesa contemporanea,3,3,0
musica sonorense,3,3,0
muzica moldoveneasca,3,3,0
nerdcore brasileiro,3,3,0
new delhi indie,3,3,0
new jersey underground rap,3,3,0
nice indie,3,3,0
norwegian classical,3,3,0
nu gabber,3,3,0
nz dnb,3,3,0
nz singer-songwriter,3,3,0
odia pop,3,3,0
oktoberfest,3,3,0
orebro indie,3,3,0
orlando indie,3,3,0
oslo indie,3,3,0
oud,3,3,0
palestinian traditional,3,3,0
papuri,3,3,0
polynesian hip hop,3,3,0
preschool childrens music,3,3,0
quran,3,3,0
rap moldovenesc,3,3,0
rap nacional antigo,3,3,0
rap paraguayo,3,3,0
redneck,3,3,0
reggae maghreb,3,3,0
reggae tico,3,3,0
relaxative,3,3,0
rock alternatif francais,3,3,0
rock catala,3,3,0
rock mineiro,3,3,0
russian pixel,3,3,0
semarang indie,3,3,0
sierra leonean pop,3,3,0
slovak indie,3,3,0
south african choral,3,3,0
speed plug brasileiro,3,3,0
sudanese pop,3,3,0
swedish garage rock,3,3,0
swedish hardcore,3,3,0
swedish post-hardcore,3,3,0
taiwan campus folk,3,3,0
tanzanian pop,3,3,0
taraneem,3,3,0
thai post-rock,3,3,0
trap angolano,3,3,0
trap boliviano,3,3,0
trinibad,3,3,0
uk desi rap,3,3,0
uk doom metal,3,3,0
uk pop punk,3,3,0
ukrainian folk,3,3,0
umea hardcore,3,3,0
vintage french electronic,3,3,0
vintage swedish pop,3,3,0
virgin islands reggae,3,3,0
visor,3,3,0
warrington indie,3,3,0
yoruba worship,3,3,0
surf punk,3,2,6
musica criolla,3,2,5
melodic metal,3,2,2
old school dancehall,3,2,1
copla,3,1,12
emocore,3,1,5
classic house,3,1,4
harmonica blues,3,1,4
deep funk,3,1,3
future funk,3,1,3
ambient guitar,3,1,2
indie garage rock,3,1,2
jump up,3,1,2
pirate metal,3,1,2
juicy ibiza,3,0,77
sezen aksu,3,0,69
forro eletronico,3,0,62
garage punk,3,0,58
greek pop-rock,3,0,48
indonesia,3,0,47
quebecois,3,0,47
drag queen,3,0,45
hong.kong,3,0,42
flumestep,3,0,41
turkish pop music,3,0,40
turkish pop singers,3,0,40
childrens pop,3,0,39
cantopop boy group member,3,0,35
venezuela,3,0,34
chiphop,3,0,33
dungeon synth,3,0,33
groove me,3,0,31
death-metal,3,0,30
argentinian rock,3,0,27
latin american rock,3,0,27
symphonic,3,0,26
singer-sonwriter,3,0,25
nhac vang,3,0,24
dutch post-punk,3,0,22
nigerian songwriter,3,0,22
commercial,3,0,21
israelites,3,0,21
symphonic power metal,3,0,21
clarinet,3,0,19
drugs,3,0,19
rhyming slang,3,0,17
no fences,3,0,16
claudia jung,3,0,15
joik,3,0,15
sexual,3,0,15
star trek soundtracks,3,0,15
tango singer,3,0,15
all-time greatest hits,3,0,14
bgyo,3,0,14
trojanowska,3,0,14
ukg,3,0,14
aussie,3,0,13
cumbias,3,0,13
cypriot,3,0,13
kosmische musik,3,0,13
lily,3,0,13
lithuanian vocal pop,3,0,13
rock-pop,3,0,13
ambient trance,3,0,12
conscious,3,0,12
german-pop,3,0,12
twee,3,0,12
atari,3,0,11
lo-fi r & b,3,0,11
akai s1000 timestretch,3,0,10
cantopop girl group,3,0,10
depressive,3,0,10
drumfunk,3,0,10
illinois,3,0,10
london sessions,3,0,10
mutant disco,3,0,10
techno pop,3,0,10
wu-tang clan,3,0,10
afrique du sud,3,0,9
alternative music,3,0,9
electric guitar,3,0,9
greek rock,3,0,9
guitar synthesizer,3,0,9
marathi,3,0,9
omaha,3,0,9
progressive rock music,3,0,9
saddle creek,3,0,9
south african,3,0,9
sud-africain,3,0,9
wip,3,0,9
adam levine,3,0,8
aggressive,3,0,8
disambiguation spam,3,0,8
greek artistic music,3,0,8
hasta,3,0,8
homeit,3,0,8
klangkarussell,3,0,8
one-hit wonder,3,0,8
performer,3,0,8
po.st,3,0,8
ringo starr,3,0,8
sonnentanz,3,0,8
sun dont shine,3,0,8
will heard,3,0,8
24 nights,3,0,7
clapton,3,0,7
death by brain hemorrhage,3,0,7
eric clapton,3,0,7
fletcher heal,3,0,7
german baritone,3,0,7
hybrid trap,3,0,7
maori,3,0,7
mbaqanga,3,0,7
montreux,3,0,7
nwothm,3,0,7
p-funk,3,0,7
post hardcore,3,0,7
promessa,3,0,7
remixer,3,0,7
splitme,3,0,7
techstep,3,0,7
acid,3,0,6
apologetics,3,0,6
bandleader,3,0,6
barber beats,3,0,6
cbgb scene,3,0,6
color: #9adbe8,3,0,6
color: #e1523d,3,0,6
doo wop,3,0,6
entexno,3,0,6
euro disco,3,0,6
field recordings,3,0,6
french pianist,3,0,6
guaguanco,3,0,6
italodisco,3,0,6
march,3,0,6
miguel bose,3,0,6
negro spiritual,3,0,6
neo-traditionalist country,3,0,6
neoprog,3,0,6
neurofunk,3,0,6
original songs,3,0,6
post-punk 2k,3,0,6
r b,3,0,6
retro,3,0,6
saxophonist,3,0,6
symphonic-metal,3,0,6
synth-punk,3,0,6
wales,3,0,6
bay area rap,3,0,5
bittersweet,3,0,5
bob marley,3,0,5
chain reaction,3,0,5
cinematic,3,0,5
croatia,3,0,5
dupe recordings 2013,3,0,5
hindustani classical music,3,0,5
ilemonati,3,0,5
ilkay sencan,3,0,5
jigg,3,0,5
kingston,3,0,5
legiao urbana,3,0,5
longing,3,0,5
melodifestivalen,3,0,5
poetic,3,0,5
post bop,3,0,5
progressive country,3,0,5
rap & roll,3,0,5
rap-rock,3,0,5
rasta love,3,0,5
rastafarian,3,0,5
retrowave,3,0,5
revival,3,0,5
rock alternativo,3,0,5
rodrigo fomins,3,0,5
sevillanas,3,0,5
si tu no vuelves,3,0,5
side project,3,0,5
surfer music,3,0,5
ahmed chawki,3,0,4
am pop,3,0,4
anne sylvestre,3,0,4
annees 1960,3,0,4
annees 1970,3,0,4
annees 1980,3,0,4
annees 1990,3,0,4
annees 2000,3,0,4
annees 2010,3,0,4
asha-bhosle,3,0,4
auteur-compositeur-interprete,3,0,4
beata vergine,3,0,4
bizet,3,0,4
brahms solti requiem,3,0,4
cabarets,3,0,4
carmen,3,0,4
chamath sangeeth,3,0,4
chanson de qualite,3,0,4
character: renard queenston,3,0,4
chawki,3,0,4
conga,3,0,4
dance hall,3,0,4
deathstep,3,0,4
dinesh kanagaratnam,3,0,4
dose nzdose dnb drum bass nz,3,0,4
drill and bass,3,0,4
el caballero de la cumbia,3,0,4
finnish artist,3,0,4
gambist,3,0,4
hong kong,3,0,4
hyper raggacore,3,0,4
ipswich,3,0,4
iraj weeraratne,3,0,4
jazz musicians,3,0,4
melodifestivalen 2026,3,0,4
murder,3,0,4
my sweet lord,3,0,4
neo-acoustic,3,0,4
parrott,3,0,4
passionate,3,0,4
piano sonata,3,0,4
r & b alternative,3,0,4
radio dj,3,0,4
raggacore,3,0,4
remstered hits,3,0,4
rive gauche,3,0,4
sci-fi,3,0,4
singapore,3,0,4
spanish tenor,3,0,4
stockholm,3,0,4
street punk,3,0,4
underground rap,3,0,4
war,3,0,4
african blues,3,0,3
alternative country-rock,3,0,3
anti-christianity,3,0,3
archives,3,0,3
art music,3,0,3
artificial intelligence,3,0,3
artwork,3,0,3
avant-rock,3,0,3
bas,3,0,3
beyoung the gates 2026,3,0,3
blasphemy,3,0,3
boogie woogie,3,0,3
cock robin,3,0,3
cormak,3,0,3
country boogie,3,0,3
dark ages,3,0,3
deelight,3,0,3
disclosure,3,0,3
diy,3,0,3
electric gospel,3,0,3
euphoric,3,0,3
fav,3,0,3
galimatias,3,0,3
hatred,3,0,3
hololive,3,0,3
iran,3,0,3
iran dance music,3,0,3
iran music,3,0,3
iran pop music,3,0,3
iran traditional music,3,0,3
italian violinist,3,0,3
kate bush,3,0,3
kaunas,3,0,3
kaya,3,0,3
kote kei,3,0,3
kroeger,3,0,3
kygo,3,0,3
laymedown,3,0,3
malian,3,0,3
malien,3,0,3
music concrete,3,0,3
nepali,3,0,3
night,3,0,3
okeshou kei,3,0,3
persian dance music,3,0,3
post-genre,3,0,3
progressive black metal,3,0,3
progrock,3,0,3
psych folk,3,0,3
saint petersburg,3,0,3
sang poetry,3,0,3
soft visual,3,0,3
soundscape,3,0,3
soviet,3,0,3
soviet rock,3,0,3
speed-kraut,3,0,3
st petersburg,3,0,3
steve,3,0,3
storytelling,3,0,3
suno,3,0,3
suno ai,3,0,3
test,3,0,3
trad,3,0,3
traditionnel,3,0,3
uk indie,3,0,3
western european traditions,3,0,3
working class,3,0,3
рок-н-ролл,3,0,3
melodic thrash,2,2,11
supergroup,2,2,11
canto r & b,2,2,9
cajun,2,2,5
keroncong,2,2,4
jazz guitar,2,2,2
pastoral,2,2,1
volksmusik,2,2,1
afro house angolano,2,2,0
afrobeat brasileiro,2,2,0
alabama indie,2,2,0
alaska indie,2,2,0
albanian alternative,2,2,0
alpine yodeling,2,2,0
ambient worship,2,2,0
anime cv,2,2,0
anime phonk,2,2,0
anthem,2,2,0
arab folk,2,2,0
arab trap,2,2,0
argentine heavy metal,2,2,0
argentine punk,2,2,0
arkansas hip hop,2,2,0
assyrian pop,2,2,0
atlanta indie,2,2,0
atlantic canada hip hop,2,2,0
australian americana,2,2,0
australian childrens music,2,2,0
australian metalcore,2,2,0
baltic choir,2,2,0
baltimore hip hop,2,2,0
baltimore indie,2,2,0
barnalog,2,2,0
bboy,2,2,0
beach house,2,2,0
bhojpuri folk,2,2,0
bluegrass gospel,2,2,0
bomba,2,2,0
botswana pop,2,2,0
bouncy house,2,2,0
brazilian boogie,2,2,0
british soundtrack,2,2,0
calming instrumental,2,2,0
canadian americana,2,2,0
canadian childrens music,2,2,0
cape breton folk,2,2,0
carnaval limburg,2,2,0
cdmx indie,2,2,0
chaabi marocain,2,2,0
chasidic pop,2,2,0
childrens story,2,2,0
chill beats,2,2,0
chill breakcore,2,2,0
chinese reggae,2,2,0
chinese soundtrack,2,2,0
chinese traditional,2,2,0
christchurch indie,2,2,0
christian trap,2,2,0
christmas product,2,2,0
classic hungarian rock,2,2,0
classic kollywood,2,2,0
classic uk pop,2,2,0
college a cappella,2,2,0
comptine,2,2,0
concurso de talentos argentino,2,2,0
croatian pop,2,2,0
cuban alternative,2,2,0
czsk hyperpop,2,2,0
danish jazz,2,2,0
deep folk metal,2,2,0
detskie pesni,2,2,0
dikir barat,2,2,0
drikkelek,2,2,0
dutch tech house,2,2,0
early avant garde,2,2,0
ecuadorian alternative rock,2,2,0
ecuadorian indie,2,2,0
electro jazz,2,2,0
electrofox,2,2,0
elektropunk,2,2,0
emo punk,2,2,0
emo trap en espanol,2,2,0
epicore,2,2,0
eritrean pop,2,2,0
fingerstyle,2,2,0
finnish post-punk,2,2,0
flamenco fusion,2,2,0
folclore salteno,2,2,0
folclore santiagueno,2,2,0
folklore peruano,2,2,0
french movie tunes,2,2,0
french tech house,2,2,0
french techno,2,2,0
funk mexicano,2,2,0
funky breaks,2,2,0
gainesville indie,2,2,0
gambian hip hop,2,2,0
german jazz,2,2,0
german show tunes,2,2,0
german trance,2,2,0
gospel amapiano,2,2,0
gospel drill,2,2,0
halifax indie,2,2,0
hard motivation,2,2,0
harlem hip hop,2,2,0
healing,2,2,0
hip hop cubano,2,2,0
horror synth,2,2,0
icelandic metal,2,2,0
indiana hip hop,2,2,0
indie psych-pop,2,2,0
indie tico,2,2,0
indonesian indie pop,2,2,0
indonesian viral pop,2,2,0
instrumental lullaby,2,2,0
irish indie,2,2,0
irish pub song,2,2,0
islamic recitation,2,2,0
italian baroque,2,2,0
italian jazz,2,2,0
italian post-hardcore,2,2,0
italian trance,2,2,0
j-reggae,2,2,0
japanese folk,2,2,0
japanese metalcore,2,2,0
japanese post-hardcore,2,2,0
japanese shoegaze,2,2,0
japanese underground rap,2,2,0
japanese vtuber,2,2,0
joseon pop,2,2,0
judaica,2,2,0
kenyan hip hop,2,2,0
kenyan pop,2,2,0
kinderliedjies,2,2,0
kleine hoerspiel,2,2,0
kora,2,2,0
korean electronic,2,2,0
korean indie folk,2,2,0
korean instrumental,2,2,0
kyushu indie,2,2,0
lambadao,2,2,0
lao pop,2,2,0
leicester indie,2,2,0
libyan pop,2,2,0
livetronica,2,2,0
lo-fi vgm,2,2,0
maithili,2,2,0
maltese hip hop,2,2,0
melbourne indie,2,2,0
men chika,2,2,0
modern power pop,2,2,0
montenegrin pop,2,2,0
motivation,2,2,0
munich indie,2,2,0
musica nortena chilena,2,2,0
musica tradicional dominicana,2,2,0
musiqi-ye zanan,2,2,0
musique guadeloupe,2,2,0
musique pour enfant quebecois,2,2,0
muzica etno,2,2,0
nashville americana,2,2,0
neo classical metal,2,2,0
neo r & b,2,2,0
neue volksmusik,2,2,0
nordic folk metal,2,2,0
nordic soundtrack,2,2,0
norsk lovsang,2,2,0
norwegian alternative rock,2,2,0
norwegian americana,2,2,0
norwegian jazz,2,2,0
nova musica carioca,2,2,0
nu-metalcore,2,2,0
nursery,2,2,0
oklahoma country,2,2,0
oth indie,2,2,0
panamanian indie,2,2,0
paraguayan indie,2,2,0
piano cover,2,2,0
pinoy indie rock,2,2,0
polish synthpop,2,2,0
pop ambient,2,2,0
prog quebec,2,2,0
progressive trance house,2,2,0
proto-metal,2,2,0
puerto rican folk,2,2,0
puirt-a-beul,2,2,0
qanun,2,2,0
quebec punk,2,2,0
rap feminino chileno,2,2,0
rap francais nouvelle vague,2,2,0
rap geek,2,2,0
rap liegeois,2,2,0
rap sureno chileno,2,2,0
rap tuga underground,2,2,0
rap underground colombiano,2,2,0
rebel blues,2,2,0
rock cristiano,2,2,0
rock drums,2,2,0
rock nica,2,2,0
rogaland indie,2,2,0
romanian electronic,2,2,0
rune folk,2,2,0
russian folk,2,2,0
salzburg indie,2,2,0
san diego rap,2,2,0
san marcos tx indie,2,2,0
saskatchewan indie,2,2,0
scouse rap,2,2,0
shamanic,2,2,0
sichuanese hip hop,2,2,0
slack-key guitar,2,2,0
slayer,2,2,0
spectra,2,2,0
surinamese hip hop,2,2,0
swedish ballads,2,2,0
swedish classical,2,2,0
swedish hard rock,2,2,0
swedish melodic rock,2,2,0
swedish underground rap,2,2,0
tamaulipas rap,2,2,0
telugu folk,2,2,0
thai vtuber,2,2,0
toronto indie,2,2,0
trad quebecois,2,2,0
turkish experimental,2,2,0
turkish reggae,2,2,0
uk experimental electronic,2,2,0
ukrainian alternative rock,2,2,0
upstate ny rap,2,2,0
vispop,2,2,0
voetbal,2,2,0
west african jazz,2,2,0
westcoast flow,2,2,0
white noise,2,2,0
yoik,2,2,0
york indie,2,2,0
jumpstyle,2,1,21
makossa,2,1,12
manila sound,2,1,6
spacegrunge,2,1,5
middle earth,2,1,3
early us punk,2,1,2
bolero mexicano,2,1,1
canterbury scene,2,1,1
drain,2,1,1
finnish tango,2,1,1
ostrock,2,1,1
purple sound,2,1,1
skramz,2,1,1
wisin y yandel,2,0,67
砂の惑星,2,0,58
neapolitan,2,0,56
remember,2,0,51
moko amargo,2,0,49
salamanca,2,0,49
nigerian,2,0,48
tuga,2,0,45
faroese,2,0,43
italian folk,2,0,40
leon larregui,2,0,40
zoe,2,0,40
cumbia colombiana,2,0,37
italian rock,2,0,35
french music,2,0,34
gaita,2,0,32
zulia,2,0,32
harsh vocals,2,0,30
group turned solo project,2,0,29
bms,2,0,28
brendon urie,2,0,28
brent wilson,2,0,28
close harmony,2,0,28
jon walker,2,0,28
ryan ross,2,0,28
spence smith,2,0,28
bahasa melayu,2,0,26
qi-patronymic,2,0,26
technical prog metal,2,0,26
macorina,2,0,25
maracaibo,2,0,24
hardcore breaks,2,0,23
idol pop,2,0,23
nu style gabber,2,0,22
handsup,2,0,21
groove-metal,2,0,20
nederbeat,2,0,20
epic metal,2,0,19
tracks,2,0,19
frasigan beats,2,0,18
frasigan music,2,0,18
duke box,2,0,17
islandais,2,0,17
islande,2,0,17
newport,2,0,17
breakbeat hardcore,2,0,16
headphones,2,0,16
jazzy reggae,2,0,16
macau,2,0,16
pretentious,2,0,16
puerto rico reggae roots,2,0,16
reggae roots,2,0,16
rock steady,2,0,16
lithuanian electronica,2,0,15
snap,2,0,15
andres ciro,2,0,14
andres ciro martinez,2,0,14
brutal prog,2,0,14
church of scientology,2,0,14
ciro,2,0,14
ciro martinez,2,0,14
ciro y los persas,2,0,14
cult leader,2,0,14
east asian,2,0,14
figoshin,2,0,14
imprint not nayutawave,2,0,14
los piojos,2,0,14
needs dupe credits cleaned on backend,2,0,14
nouvelle star,2,0,14
schlagersangerin,2,0,14
the 1st japan arena tour: shoujo jidai,2,0,14
accouples,2,0,13
bay area thrash metal,2,0,13
brussels,2,0,13
caroline,2,0,13
co-ed group,2,0,13
lithuanian pop rock,2,0,13
marka,2,0,13
mondains,2,0,13
palingsound,2,0,13
avantgarde,2,0,12
estrada,2,0,12
sebnem ferah,2,0,12
sebo,2,0,12
baiao,2,0,11
british guitarist,2,0,11
brutal death metal,2,0,11
death by huntingtons disease,2,0,11
israel,2,0,11
political music,2,0,11
romanian choir,2,0,11
uk electronic,2,0,11
western,2,0,11
wobbly,2,0,11
2000s cantopop group,2,0,10
atlanta hip hop,2,0,10
cantopop duo,2,0,10
katie perry,2,0,10
not easy listening,2,0,10
not god-damn easy listening,2,0,10
score composer,2,0,10
southern hip-hop,2,0,10
todo,2,0,10
bass,2,0,9
bobo sinclair,2,0,9
chacarera,2,0,9
chachacha,2,0,9
clueso lala,2,0,9
d,2,0,9
erfurt,2,0,9
india,2,0,9
montreaux,2,0,9
the very best of,2,0,9
yes,2,0,9
ymo,2,0,9
a rua e noiz,2,0,8
airplay mix,2,0,8
bow,2,0,8
dance and electronic,2,0,8
doctor who,2,0,8
e3,2,0,8
electrofashion,2,0,8
italian music,2,0,8
laboratorio fantasma,2,0,8
lithuanian pop rap,2,0,8
nueva cancion chilena,2,0,8
percussive,2,0,8
rap southern,2,0,8
related-akb48,2,0,8
robin thicke beautiful,2,0,8
slow motion,2,0,8
vulgar,2,0,8
acoustic chicago blues,2,0,7
actor-singer,2,0,7
africa,2,0,7
at home,2,0,7
big country,2,0,7
die walkure,2,0,7
down the alley,2,0,7
dutch rap,2,0,7
feminism,2,0,7
international music,2,0,7
jrock,2,0,7
lute,2,0,7
madre,2,0,7
alternative singer-songwriter,2,0,6
belgian techno,2,0,6
butda wr wut🌟,2,0,6
cantopop girl group member,2,0,6
check it,2,0,6
future bounce,2,0,6
latin alternative rock,2,0,6
latvia,2,0,6
lithuanian dream pop,2,0,6
scotty doesnt know,2,0,6
shoegazing,2,0,6
thrashcore,2,0,6
too pure,2,0,6
baby boomer,2,0,5
babymetal,2,0,5
bmk,2,0,5
cannot delete wikipedia,2,0,5
depressive black metal,2,0,5
eskibeat,2,0,5
hong kong rock band,2,0,5
idol metal,2,0,5
jmetal,2,0,5
maxi jazz,2,0,5
neo-prog,2,0,5
pianists,2,0,5
rhythm n grime,2,0,5
space music.,2,0,5
abyssal,2,0,4
action,2,0,4
adventurous,2,0,4
afro-jazz,2,0,4
alternative rock music,2,0,4
amadea,2,0,4
anarcho,2,0,4
atmospheric drum and bass,2,0,4
bangla,2,0,4
bangladeshi,2,0,4
beatport awards,2,0,4
bill leeb,2,0,4
bosnian,2,0,4
cd-rom,2,0,4
cello rock,2,0,4
centurion,2,0,4
chatelet 87 volume 2,2,0,4
chris de burgh,2,0,4
come on back,2,0,4
computer,2,0,4
dan stephens,2,0,4
data disc,2,0,4
death by laryngeal cancer,2,0,4
dramatic,2,0,4
dreamy,2,0,4
enchanting,2,0,4
faust,2,0,4
fiorella mannoia,2,0,4
games,2,0,4
hassan,2,0,4
hatsune miku,2,0,4
heroic,2,0,4
hill country blues,2,0,4
hybrid,2,0,4
independent,2,0,4
instrument as artist,2,0,4
intense,2,0,4
iranian conductor,2,0,4
j-core,2,0,4
joe ray,2,0,4
l indien,2,0,4
latin rap,2,0,4
latvian rap,2,0,4
leiko,2,0,4
lutist,2,0,4
mafioso rap,2,0,4
magical,2,0,4
massive,2,0,4
mix,2,0,4
mocro,2,0,4
modern metal,2,0,4
mor lam,2,0,4
mta records,2,0,4
nu-jazz,2,0,4
pra voce guardei amor,2,0,4
rac,2,0,4
renfield,2,0,4
roberto carlos,2,0,4
royal,2,0,4
russian music from germany,2,0,4
satan,2,0,4
sitar,2,0,4
sitar player,2,0,4
suomi,2,0,4
taiwanese,2,0,4
vocal synth,2,0,4
world reggae,2,0,4
yugoslavia,2,0,4
zagreb,2,0,4
zayed,2,0,4
zusician,2,0,4
オフ・コース,2,0,4
#purp505,2,0,3
aak,2,0,3
african american musicians,2,0,3
al jeel,2,0,3
american underground,2,0,3
apartment,2,0,3
aphex twin,2,0,3
arabic music,2,0,3
atomic,2,0,3
australian indigenous,2,0,3
b-52 s,2,0,3
belorussian,2,0,3
bent,2,0,3
bleep techno,2,0,3
blues & roots,2,0,3
buddha bar xi,2,0,3
classic rock heartland rock rock and roll,2,0,3
classical music,2,0,3
clean me up,2,0,3
company as artist,2,0,3
contemporary rap,2,0,3
creative commons,2,0,3
death by a fall,2,0,3
deathgrind,2,0,3
dom2,2,0,3
dutch nl,2,0,3
eletro,2,0,3
epunk,2,0,3
existential,2,0,3
fashion designers,2,0,3
free culture,2,0,3
free folk,2,0,3
french conductor,2,0,3
gospel music,2,0,3
gwen stefani,2,0,3
hardvapour,2,0,3
harmonicist,2,0,3
harmoniciste,2,0,3
hick hop,2,0,3
incelcore,2,0,3
jazz ballads,2,0,3
libre,2,0,3
mallsoft,2,0,3
modeschopfer,2,0,3
mong,2,0,3
music of sweden,2,0,3
n3,2,0,3
no me halbes,2,0,3
nyhc,2,0,3
panic at the disco,2,0,3
persian pop music,2,0,3
progressive techno,2,0,3
rapmusiker,2,0,3
regisseur,2,0,3
saxophonists,2,0,3
sea shanty,2,0,3
self made millionaire,2,0,3
sensual,2,0,3
snow tha product,2,0,3
so big,2,0,3
soft ballad,2,0,3
speed,2,0,3
stoner doom metal,2,0,3
stormzy,2,0,3
swedish composer,2,0,3
symphonic black metal,2,0,3
third wave ska,2,0,3
y2kcore,2,0,3
youve got a friend,2,0,3
جدل,2,0,3
몽,2,0,3
#ashula,2,0,2
#ashulachi,2,0,2
#ashulachiuz,2,0,2
#ashulahits,2,0,2
#ashulaijrochisi,2,0,2
#ashulajarayoni,2,0,2
#ashulakaraoke,2,0,2
#ashulalar,2,0,2
#ashulalarnisevaman,2,0,2
#ashulasevuvchilar,2,0,2
#ashulashow,2,0,2
#ashulauz,2,0,2
#ashulavamusiqa,2,0,2
#cover,2,0,2
#hit,2,0,2
#hitqoʻshiqlar,2,0,2
#jonliijro,2,0,2
#karaoke,2,0,2
#karaokeartist,2,0,2
#karaokechallenge,2,0,2
#karaokeclub,2,0,2
#karaokecover,2,0,2
#karaokefans,2,0,2
#karaokehits,2,0,2
#karaokemusic,2,0,2
#karaokenova,2,0,2
#karaokeonline,2,0,2
#karaokeparty,2,0,2
#karaokeperformance,2,0,2
#karaokesahnasi,2,0,2
#karaokesession,2,0,2
#karaokeshow,2,0,2
#karaokestudio,2,0,2
#karaokeuz,2,0,2
#karaokeuzbekistan,2,0,2
#karaokevideo,2,0,2
#karaokeworld,2,0,2
#livemusic,2,0,2
#musiclife,2,0,2
#musiclifeuz,2,0,2
#musiclovers,2,0,2
#musicloversuz,2,0,2
#musicstar,2,0,2
#musicstream,2,0,2
#musicuz,2,0,2
#musicworld,2,0,2
#musiczone,2,0,2
#musiqa,2,0,2
#musiqahayoti,2,0,2
#musiqahits,2,0,2
#musiqaijodi,2,0,2
#musiqajoyi,2,0,2
#musiqamanbai,2,0,2
#musiqaolami,2,0,2
#musiqasevar,2,0,2
#musiqasevgi,2,0,2
#musiqatingla,2,0,2
#musiqauz,2,0,2
#musiqayulduzlari,2,0,2
#ovoz,2,0,2
#ovozliijro,2,0,2
#qoʻshiq,2,0,2
#qoʻshiqchi,2,0,2
#qoʻshiqchilar,2,0,2
#qoʻshiqchiuz,2,0,2
#qoʻshiqlardunyosi,2,0,2
#qoʻshiqlarhit,2,0,2
#qoʻshiqlaruz,2,0,2
#qoʻshiqolami,2,0,2
#qoʻshiqsevgi,2,0,2
#qoʻshiqshow,2,0,2
#qoʻshiqtingla,2,0,2
#sahnada,2,0,2
#song,2,0,2
#songcover,2,0,2
#songlovers,2,0,2
#sound,2,0,2
#studio,2,0,2
#superhit,2,0,2
#superqoʻshiqlar,2,0,2
#tophits,2,0,2
#topmusic,2,0,2
#track,2,0,2
#trackuz,2,0,2
#uzbekhits,2,0,2
#uzbekistan,2,0,2
#uzbekmusic,2,0,2
#uzbekpop,2,0,2
#uzbeksongs,2,0,2
#uzbektrack,2,0,2
#uzhits,2,0,2
#uzmusic,2,0,2
#videokaraoke,2,0,2
#yangiashula,2,0,2
#yangihit,2,0,2
#yangihitlar,2,0,2
#yangimusiqa,2,0,2
#yangiqoʻshiqlar,2,0,2
#yangiqoʻshiqlaruz,2,0,2
#yangitrack,2,0,2
1 hit wonder,2,0,2
2-step,2,0,2
2face,2,0,2
3minsrec,2,0,2
90s rock,2,0,2
ai slop,2,0,2
ai-generated,2,0,2
aissaoui,2,0,2
ambient breakbeat,2,0,2
american metal,2,0,2
anarchist,2,0,2
angola,2,0,2
annapolis,2,0,2
anthem trance,2,0,2
ascap-affiliated,2,0,2
ashkenazy,2,0,2
atmospheric sludge metal,2,0,2
avant-progressive rock,2,0,2
azzzzzzul,2,0,2
balkan groove,2,0,2
bass-baritone,2,0,2
bassist,2,0,2
bbc introducing,2,0,2
beatdown hardcore,2,0,2
belcanto,2,0,2
berlioz,2,0,2
best female artist,2,0,2
black,2,0,2
black thrash,2,0,2
blood,2,0,2
bonito que canta,2,0,2
bookmark,2,0,2
british black metal,2,0,2
bunny mack,2,0,2
cabo zouk,2,0,2
calliop,2,0,2
cambodian,2,0,2
central european traditions,2,0,2
chaabi,2,0,2
chart,2,0,2
cherry red,2,0,2
chinese pianist,2,0,2
chode,2,0,2
chopper,2,0,2
collage,2,0,2
concerto for orchestra,2,0,2
concerto pour orchestre,2,0,2
countertenor,2,0,2
crmg records,2,0,2
crmusicgroup,2,0,2
darkstep,2,0,2
deceased,2,0,2
deephouse,2,0,2
delfonics,2,0,2
dj orcun,2,0,2
electro dub,2,0,2
electro pop,2,0,2
euro0metal,2,0,2
eurovision song contest 2002,2,0,2
eurovision song contest 2007,2,0,2
extreme progressive metal,2,0,2
fairy tale,2,0,2
favorite argentinian,2,0,2
fighting,2,0,2
first-wave black metal,2,0,2
florida,2,0,2
folk-jazz,2,0,2
freedom,2,0,2
french folk music,2,0,2
french orchestra,2,0,2
gacha,2,0,2
gacha game,2,0,2
georgian pianist,2,0,2
gospel house,2,0,2
gothic country,2,0,2
gypsy,2,0,2
habib,2,0,2
habib mohebian,2,0,2
harpist,2,0,2
he aint heavy,2,0,2
hell,2,0,2
holiday,2,0,2
hoyoverse,2,0,2
https:,2,0,2
hungarian composer,2,0,2
huntington beach,2,0,2
indian conductor,2,0,2
inspirational,2,0,2
instrumental composition,2,0,2
iran msuic,2,0,2
iranian rock music,2,0,2
italian soprano,2,0,2
j hus,2,0,2
jump-blues,2,0,2
jutes,2,0,2
kaseko,2,0,2
kingscross,2,0,2
kojo funds,2,0,2
kontrabass,2,0,2
kosmische,2,0,2
kowshik saha,2,0,2
kowshik saha music,2,0,2
kowshik saha singer,2,0,2
la la records,2,0,2
label-as-artist,2,0,2
ladino,2,0,2
lane,2,0,2
left-field rap,2,0,2
lgbtq,2,0,2
mahiru,2,0,2
mahiru records,2,0,2
mahiru senarathne,2,0,2
mahiru senaratne,2,0,2
major harris,2,0,2
mantra rock,2,0,2
maryland,2,0,2
max oazo,2,0,2
megha warshawe,2,0,2
merseyside,2,0,2
microtonal music,2,0,2
mihoyo,2,0,2
moein singer,2,0,2
moje,2,0,2
montenegro,2,0,2
mugham,2,0,2
musette,2,0,2
music library,2,0,2
musica ecuatoriana contemporanea,2,0,2
needs-fixes,2,0,2
new jersey punk rock,2,0,2
new jersey rock,2,0,2
new orleans r b,2,0,2
new orleans rhythm and blues,2,0,2
new-age,2,0,2
norwegian cellist,2,0,2
notorious b.i.g,2,0,2
notorious big,2,0,2
nu metalcore,2,0,2
nubian,2,0,2
outsider house,2,0,2
paata dedunne,2,0,2
paris,2,0,2
pentecostal music,2,0,2
persian blues,2,0,2
persian dance,2,0,2
picture,2,0,2
polynesian,2,0,2
polyrhythm,2,0,2
pop rock indie,2,0,2
pop singer-songwriter,2,0,2
popmusik,2,0,2
post-modern classicism,2,0,2
power electronics,2,0,2
progressive groove metal,2,0,2
punk rock musicians,2,0,2
randy cain,2,0,2
reggae.,2,0,2
ricko,2,0,2
ricko aka slick,2,0,2
ricko capito,2,0,2
samsara 304,2,0,2
sanger,2,0,2
scandinavian pop,2,0,2
scum punk,2,0,2
senarathne,2,0,2
sephardi,2,0,2
serbian hip hop,2,0,2
serbian rap,2,0,2
shiro kei,2,0,2
sicilian,2,0,2
singer kowshik saha,2,0,2
ska core,2,0,2
skateboarders,2,0,2
skiffle,2,0,2
skinhead reggae,2,0,2
skullstep,2,0,2
slick,2,0,2
slovenian,2,0,2
sneakbo,2,0,2
south pacific fusion,2,0,2
spazma,2,0,2
spazmofonika,2,0,2
spinto soprano,2,0,2
stevi nick,2,0,2
synthpunk,2,0,2
tagalog,2,0,2
tango nuevo,2,0,2
techhouse,2,0,2
technical groove metal,2,0,2
telerama,2,0,2
texas music,2,0,2
the best of,2,0,2
the slick rick lp,2,0,2
tribal ambient,2,0,2
trommel,2,0,2
true classics,2,0,2
tunisien,2,0,2
twats,2,0,2
u.k,2,0,2
uk rap,2,0,2
vcls,2,0,2
verdi soprano,2,0,2
voice actor europa,2,0,2
wellerworld,2,0,2
welsh bass-baritone,2,0,2
whisky a go go,2,0,2
wilbert hart,2,0,2
wiley,2,0,2
william hart,2,0,2
william poogie hart,2,0,2
women,2,0,2
xenopsych,2,0,2
yuz,2,0,2
حبیب,2,0,2
حبیب محبیان,2,0,2
progressive psytrance,1,1,11
music hall,1,1,5
japanese contemporary classical,1,1,4
american choir,1,1,3
mod revival,1,1,3
sleaze rock,1,1,3
flamenco guitar,1,1,2
paisley underground,1,1,2
salsa cubana,1,1,2
folclor llanero,1,1,1
go-go,1,1,1
latin country,1,1,1
pagode gospel,1,1,1
pop kreatif,1,1,1
rwandan gospel,1,1,1
tribute,1,1,1
48g,1,1,0
8d,1,1,0
acoustic chill,1,1,0
acoustic guitar cover,1,1,0
adoracion pentecostal,1,1,0
african electronic,1,1,0
afro psych,1,1,0
afro-cuban percussion,1,1,0
afro-funk,1,1,0
aghani lil-atfal,1,1,0
ainu folk,1,1,0
albanian rock,1,1,0
albuquerque indie,1,1,0
alternative americana,1,1,0
alternative emo,1,1,0
ambient idm,1,1,0
ambient post-rock,1,1,0
american post-rock,1,1,0
anglican liturgy,1,1,0
anime drill,1,1,0
arabic instrumental,1,1,0
arkansas indie,1,1,0
armenian folk,1,1,0
arunachal indie,1,1,0
athens indie,1,1,0
atl drill,1,1,0
austin americana,1,1,0
australian comedy,1,1,0
australian metal,1,1,0
australian ska,1,1,0
australian techno,1,1,0
austrian punk,1,1,0
background jazz,1,1,0
background piano,1,1,0
bajan soca,1,1,0
bakersfield sound,1,1,0
balalaika,1,1,0
balfolk,1,1,0
bali indie,1,1,0
balkan folk metal,1,1,0
bangladeshi hip hop,1,1,0
baps,1,1,0
bard,1,1,0
bay area indie,1,1,0
beat italiano,1,1,0
belarusian electronic,1,1,0
belarusian punk,1,1,0
belgian electronic,1,1,0
belgian indie rock,1,1,0
berlin minimal techno,1,1,0
bisaya indie,1,1,0
bogor indie,1,1,0
bomba y plena,1,1,0
bornehistorier,1,1,0
bossa nova cover,1,1,0
boston folk,1,1,0
boston indie,1,1,0
boston punk,1,1,0
botswana hip hop,1,1,0
bow pop,1,1,0
boy pop,1,1,0
bozlak,1,1,0
brazilian groove metal,1,1,0
brazilian indie,1,1,0
brazilian metal,1,1,0
brazilian post-hardcore,1,1,0
brazilian soul,1,1,0
brazilian stoner rock,1,1,0
brazilian thrash metal,1,1,0
brisbane punk,1,1,0
bristol electronic,1,1,0
british childrens music,1,1,0
british country,1,1,0
british dance band,1,1,0
british modern classical,1,1,0
buffalo hip hop,1,1,0
bulgarian electronic,1,1,0
bulgarian indie,1,1,0
burundian pop,1,1,0
california hardcore,1,1,0
cameroonian pop,1,1,0
canadian ccm,1,1,0
canadian comedy,1,1,0
canadian experimental,1,1,0
canadian hardcore,1,1,0
canadian house,1,1,0
cancion infantil mexicana,1,1,0
cantonese opera,1,1,0
chanson paillarde,1,1,0
chill guitar,1,1,0
chill lounge,1,1,0
chillhop,1,1,0
chinese experimental,1,1,0
chinese hyperpop,1,1,0
chinese indie pop,1,1,0
chinese manyao,1,1,0
chinese metalcore,1,1,0
christian punk,1,1,0
christian uplift,1,1,0
classic anime,1,1,0
classic azeri pop,1,1,0
classic bangla pop,1,1,0
classic danish rock,1,1,0
classic garage rock,1,1,0
classic hungarian pop,1,1,0
classic indo pop,1,1,0
classic j-rock,1,1,0
classic portuguese pop,1,1,0
classic praise,1,1,0
classic progressive house,1,1,0
classical performance,1,1,0
cleveland indie,1,1,0
commons,1,1,0
contemporary post-bop,1,1,0
coptic hymn,1,1,0
country quebecois,1,1,0
crack rock steady,1,1,0
croatian hip hop,1,1,0
croatian rock,1,1,0
czech folk rock,1,1,0
czech indie,1,1,0
dancehall chileno,1,1,0
dancehall mauricien,1,1,0
danish modern jazz,1,1,0
dansk comedy,1,1,0
dc hardcore,1,1,0
deathrash,1,1,0
deep acoustic pop,1,1,0
deep ccm,1,1,0
deep chill,1,1,0
deep eurodance,1,1,0
deep smooth jazz,1,1,0
deep soundtrack,1,1,0
denton tx indie,1,1,0
detske pisnicky,1,1,0
devon indie,1,1,0
diy emo,1,1,0
dong-yo,1,1,0
downtempo bass,1,1,0
dream plugg,1,1,0
dreampunk,1,1,0
drill brasileiro,1,1,0
duduk,1,1,0
dusseldorf electronic,1,1,0
dutch idol pop,1,1,0
dutch metal,1,1,0
dutch musical,1,1,0
dutch prog,1,1,0
dytyachi pisni,1,1,0
electric bass,1,1,0
electro trash,1,1,0
electronica venezuela,1,1,0
emo mexicano,1,1,0
emoplugg,1,1,0
environmental,1,1,0
er ge,1,1,0
erotica,1,1,0
estonian metal,1,1,0
ethiopian pop,1,1,0
ethnotronica,1,1,0
eventyr,1,1,0
experimental classical,1,1,0
experimental folk,1,1,0
finnish classical,1,1,0
flint hip hop,1,1,0
flute rock,1,1,0
fluxwork,1,1,0
folklore ecuatoriano,1,1,0
freeform hardcore,1,1,0
french garage rock,1,1,0
french opera,1,1,0
french psychedelic,1,1,0
french romanticism,1,1,0
french shoegaze,1,1,0
french soundtrack,1,1,0
fussball,1,1,0
gaian doom,1,1,0
game mood,1,1,0
garhwali pop,1,1,0
garifuna folk,1,1,0
georgian alternative,1,1,0
georgian folk,1,1,0
georgian hip hop,1,1,0
georgian polyphony,1,1,0
georgian rock,1,1,0
german boom bap,1,1,0
german ebm,1,1,0
german prog,1,1,0
german tech house,1,1,0
glee club,1,1,0
goralski,1,1,0
gospel singers,1,1,0
gothabilly,1,1,0
greek contemporary classical,1,1,0
greek guitar,1,1,0
greenlandic pop,1,1,0
grenada soca,1,1,0
grime brasileiro,1,1,0
grungegaze,1,1,0
guitarra andina,1,1,0
guyanese pop,1,1,0
gymcore,1,1,0
hakkapop,1,1,0
hamburg indie,1,1,0
heavy gothic rock,1,1,0
hel,1,1,0
hong kong tv drama,1,1,0
houston indie,1,1,0
hungarian punk,1,1,0
icelandic jazz,1,1,0
idaho indie,1,1,0
igbo worship,1,1,0
ilahiler,1,1,0
indian electronic,1,1,0
indian underground rap,1,1,0
indie catracho,1,1,0
indie emo,1,1,0
indie folk italiano,1,1,0
indie napoletano,1,1,0
indie rock mexicano,1,1,0
indie rock peruano,1,1,0
indie rockism,1,1,0
indonesian psychedelia,1,1,0
indonesian punk,1,1,0
indonesian trap,1,1,0
indonesian worship,1,1,0
indy indie,1,1,0
instrumental post-rock,1,1,0
instrumental progressive metal,1,1,0
instrumental soul,1,1,0
instrumental worship,1,1,0
irish accordion,1,1,0
irish banjo,1,1,0
irish country,1,1,0
irish neo-traditional,1,1,0
irish rebel song,1,1,0
israeli jazz,1,1,0
italian classical piano,1,1,0
italian electronica,1,1,0
italian library music,1,1,0
italian lounge,1,1,0
italian opera,1,1,0
italian punk,1,1,0
italian romanticism,1,1,0
italian tech house,1,1,0
japanese boom bap,1,1,0
japanese chill rap,1,1,0
japanese chillhop,1,1,0
japanese drill,1,1,0
japanese heavy metal,1,1,0
japanese indie rock,1,1,0
japanese old school hip hop,1,1,0
japanese piano,1,1,0
japanese power metal,1,1,0
japanese screamo,1,1,0
japanese traditional,1,1,0
jazz boom bap,1,1,0
jazz cover,1,1,0
jazz piano,1,1,0
jazz puertorriqueno,1,1,0
jazz saxophone,1,1,0
jewish a capella,1,1,0
kabyle moderne,1,1,0
kalmar indie,1,1,0
kaneka,1,1,0
karaoke,1,1,0
kelowna bc indie,1,1,0
kenyan alternative,1,1,0
kenyan drill,1,1,0
kenyan r & b,1,1,0
kindie rock,1,1,0
kirtan,1,1,0
kodomo no ongaku,1,1,0
kolo,1,1,0
konsrock,1,1,0
korean metal,1,1,0
korean soundtrack,1,1,0
koto,1,1,0
kumaoni pop,1,1,0
lagu sunda,1,1,0
lapland metal,1,1,0
lata,1,1,0
late romantic era,1,1,0
latin ska,1,1,0
latinx alternative,1,1,0
lds instrumental,1,1,0
leeds indie,1,1,0
leipzig indie,1,1,0
little rock indie,1,1,0
lo star,1,1,0
lo-fi cover,1,1,0
lo-fi jazzhop,1,1,0
lo-fi study,1,1,0
louisville indie,1,1,0
louvor icm,1,1,0
luxembourgian hip hop,1,1,0
macedonian indie,1,1,0
maga rap,1,1,0
magyar mulatos,1,1,0
magyar musicalek,1,1,0
maimouna,1,1,0
malayalam madh,1,1,0
malaysian tamil pop,1,1,0
malian blues,1,1,0
manitoba country,1,1,0
mans orchestra,1,1,0
mantra,1,1,0
mega funk,1,1,0
messianic praise,1,1,0
mestissatge,1,1,0
metal colombiano,1,1,0
metal cover,1,1,0
metal mineiro,1,1,0
mexican pop punk,1,1,0
mexican rock-and-roll,1,1,0
military rap,1,1,0
modern cello,1,1,0
modern downshift,1,1,0
modern funk,1,1,0
modern southern rock,1,1,0
moroccan rock,1,1,0
munich electronic,1,1,0
musica campechana,1,1,0
musica de fondo,1,1,0
musica etnica,1,1,0
musica gaucha,1,1,0
musica goiana,1,1,0
musica infantil,1,1,0
musica jibara,1,1,0
musica juiz-forana,1,1,0
musica llanera,1,1,0
musica mocambicana,1,1,0
musica oaxaquena,1,1,0
musica paraibana,1,1,0
musica per bambini,1,1,0
musica pitiusa,1,1,0
musica tabasquena,1,1,0
musica triste brasileira,1,1,0
musiikkia lapista,1,1,0
musikkorps,1,1,0
musique acadienne,1,1,0
musique comorienne,1,1,0
musique mariage algerien,1,1,0
muzica copii,1,1,0
narodna muzika,1,1,0
native american contemporary,1,1,0
native american hip hop,1,1,0
native american traditional,1,1,0
neapolitan funk,1,1,0
necrotrap,1,1,0
neo-manele,1,1,0
new brunswick indie,1,1,0
new comedy,1,1,0
new england americana,1,1,0
new italo disco,1,1,0
new jack smooth,1,1,0
new jersey indie,1,1,0
new orleans funk,1,1,0
new wave of screamo,1,1,0
newcastle nsw indie,1,1,0
nightrun,1,1,0
north carolina emo,1,1,0
norwegian black metal,1,1,0
norwegian contemporary jazz,1,1,0
norwegian gospel,1,1,0
norwegian metal,1,1,0
norwegian space disco,1,1,0
nueva ola chilena,1,1,0
nuevo folklore argentino,1,1,0
nuevo folklore mexicano,1,1,0
nz folk,1,1,0
nz gangsta rap,1,1,0
oakland indie,1,1,0
oc rap,1,1,0
oceania soundtrack,1,1,0
oeteldonk,1,1,0
okc indie,1,1,0
old school ebm,1,1,0
orgcore,1,1,0
oriental metal,1,1,0
orquesta tropical,1,1,0
orthodox chant,1,1,0
persian hip hop,1,1,0
persian neo-traditional,1,1,0
persian sad rap,1,1,0
pet calming,1,1,0
philly drill,1,1,0
phoenix indie,1,1,0
pianissimo,1,1,0
piano house,1,1,0
pink noise,1,1,0
pinoy edm,1,1,0
pittsburgh indie,1,1,0
pittsburgh rock,1,1,0
png pop,1,1,0
polish blues,1,1,0
polish folk,1,1,0
polish punk,1,1,0
pops orchestra,1,1,0
post-doom metal,1,1,0
powwow,1,1,0
prog metal,1,1,0
progressive uplifting trance,1,1,0
puerto rican indie,1,1,0
punk rock mexicano,1,1,0
quebec hardcore,1,1,0
raboday,1,1,0
rain,1,1,0
rap anime,1,1,0
rap guineen,1,1,0
rap kreyol,1,1,0
rap norteno chileno,1,1,0
rap regio,1,1,0
rap romantico,1,1,0
rap salvadoreno,1,1,0
rare groove,1,1,0
rasin,1,1,0
reggae cover,1,1,0
reggaeton cristiano,1,1,0
remix brasileiro,1,1,0
reunion pop,1,1,0
rock baiano,1,1,0
rock curitibano,1,1,0
rock goiano,1,1,0
rock gospel brasileiro,1,1,0
rock keyboard,1,1,0
rock potiguar,1,1,0
romanian metal,1,1,0
romanian punk,1,1,0
romantico,1,1,0
rumeli turkuleri,1,1,0
russian ccm,1,1,0
russian emo,1,1,0
russian nu metal,1,1,0
russian trance,1,1,0
ryukyu ongaku,1,1,0
sacramento hip hop,1,1,0
sacramento indie,1,1,0
sacred steel,1,1,0
samba moderno,1,1,0
samoan pop,1,1,0
samurai trap,1,1,0
santur,1,1,0
saxophone house,1,1,0
scottish electronic,1,1,0
scottish hip hop,1,1,0
scottish techno,1,1,0
scratch,1,1,0
scream rap,1,1,0
sean-nos singing,1,1,0
sefardi,1,1,0
sertanejo gospel,1,1,0
sevdah,1,1,0
shanty,1,1,0
sillycore,1,1,0
sindhi,1,1,0
sinhala indie,1,1,0
sinhala pop,1,1,0
slavic metal,1,1,0
slc indie,1,1,0
slovak electronic,1,1,0
slovenian indie,1,1,0
smooth r & b,1,1,0
solipsynthm,1,1,0
soul flow,1,1,0
sound,1,1,0
south african country,1,1,0
south african soulful deep house,1,1,0
spanish metal,1,1,0
speed house,1,1,0
spirituals,1,1,0
steampunk,1,1,0
steel guitar,1,1,0
study beats,1,1,0
surf music,1,1,0
swedish blues,1,1,0
swedish doom metal,1,1,0
swedish folk pop,1,1,0
swedish stoner rock,1,1,0
swing italiano,1,1,0
swiss alternative rock,1,1,0
swiss singer-songwriter,1,1,0
synth prog,1,1,0
tagalog worship,1,1,0
tape club,1,1,0
tecnobanda,1,1,0
telugu hip hop,1,1,0
telugu indie,1,1,0
telugu worship,1,1,0
texas latin rap,1,1,0
texasgaze,1,1,0
thai shoegaze,1,1,0
thrash core,1,1,0
traditional funk,1,1,0
trondheim indie,1,1,0
trop rock,1,1,0
turk sanat muzigi,1,1,0
turkish classical performance,1,1,0
turkish metal,1,1,0
ua trap,1,1,0
uk christian rap,1,1,0
uk tech house,1,1,0
ukrainian classical,1,1,0
ukrainian electronic,1,1,0
ukrainian emo,1,1,0
ukrainian experimental,1,1,0
ukrainian metalcore,1,1,0
ukulele cover,1,1,0
ulkucu sarkilar,1,1,0
umbanda,1,1,0
underground power pop,1,1,0
urban kiz,1,1,0
uruguayan indie,1,1,0
vaqueiro,1,1,0
varmland rock,1,1,0
vbs,1,1,0
vgm remix,1,1,0
victorian britain,1,1,0
viet edm,1,1,0
vintage chanson,1,1,0
vintage dutch pop,1,1,0
vintage finnish jazz,1,1,0
vintage norwegian pop,1,1,0
violao,1,1,0
vocal harmony group,1,1,0
water,1,1,0
west australian hip hop,1,1,0
west coast trap,1,1,0
west-vlaamse hip hop,1,1,0
wrestling,1,1,0
xhosa,1,1,0
yaoi,1,1,0
yogyakarta indie,1,1,0
yugoslav rock,1,1,0
zambian hip hop,1,1,0
zcc,1,1,0
zikir,1,1,0
crazy love,1,0,100
finlandia,1,0,55
whitesnake-is this love,1,0,30
clean vocals,1,0,29
throwback sound,1,0,28
turkish folk music,1,0,28
gypsy music,1,0,27
death by blood poisoning,1,0,26
technical metal,1,0,25
haarlem,1,0,24
scarlet pleasure,1,0,24
east coast rap,1,0,23
fernando & sorocaba,1,0,23
fernando e sorocaba,1,0,23
ns ha noi,1,0,23
south korea,1,0,23
youtuber,1,0,23
art-rock,1,0,22
ballads,1,0,22
jazz-rap,1,0,21
montreal,1,0,21
progressive hip-hop,1,0,21
apocalyptic folk,1,0,20
current 93,1,0,20
finlandais,1,0,20
finlande,1,0,20
co,1,0,19
country metal,1,0,19
early demos,1,0,19
operatic metal,1,0,19
pop montreal,1,0,19
power-metal,1,0,19
breakeven,1,0,18
faroe islands,1,0,18
runic script,1,0,18
3850 records,1,0,17
sarcastic,1,0,17
cardenales,1,0,16
del,1,0,16
exito,1,0,16
samba-reggae,1,0,16
zuliana,1,0,16
brit pop,1,0,15
multiple vgmdb profiles,1,0,15
new flamenco,1,0,15
pachanga,1,0,15
πεσ μου τι ζητασ,1,0,15
varathan,1,0,14
damar,1,0,13
microsound,1,0,13
the calling,1,0,13
balada,1,0,12
death thrash,1,0,12
death-thrash,1,0,12
new orleans blues,1,0,12
old school rap,1,0,12
visa,1,0,12
african rumba,1,0,11
afrofunk,1,0,11
digicore,1,0,11
dreamgaze,1,0,11
fourtwenty,1,0,11
progressive rock. progressive metal,1,0,11
slager,1,0,11
standup comedy,1,0,11
aggrotech,1,0,10
balearic beat,1,0,10
breslov,1,0,10
bug,1,0,10
bug mafia,1,0,10
caddillac,1,0,10
caddy,1,0,10
extremely long tracks,1,0,10
female singer-songwriter,1,0,10
hip hop artist,1,0,10
listen on homepage while adding releases,1,0,10
mafia,1,0,10
mainstream,1,0,10
muzica romaneasca,1,0,10
ock,1,0,10
pop and r & b,1,0,10
rap artist,1,0,10
romaneasca,1,0,10
romanian artist,1,0,10
romanian hip hop,1,0,10
soul-blues,1,0,10
soundscapes,1,0,10
tataee,1,0,10
uzzi,1,0,10
beatbox,1,0,9
breton,1,0,9
carol hunter,1,0,9
oklahoma,1,0,9
soviet pop,1,0,9
the queen of k-pop,1,0,9
tulsa,1,0,9
ano,1,0,8
betulio medina,1,0,8
blackpool,1,0,8
caracas,1,0,8
downbeat,1,0,8
jewish,1,0,8
look at us,1,0,8
mierda,1,0,8
navidad,1,0,8
nuevo,1,0,8
nyu myujikku,1,0,8
parranda,1,0,8
sevdaliza,1,0,8
slam poetry,1,0,8
zulu,1,0,8
anti-humanity,1,0,7
antichrist supremacy,1,0,7
folk blues,1,0,7
huddie leadbelly ledbetter,1,0,7
iralian indie,1,0,7
italina,1,0,7
jam rock,1,0,7
militant satanism,1,0,7
samba rock,1,0,7
slam,1,0,7
turkish classical,1,0,7
war metal,1,0,7
britfunk,1,0,6
choir,1,0,6
costume,1,0,6
dock of the bay,1,0,6
frank,1,0,6
glitch hop edm,1,0,6
holiday music,1,0,6
humorous,1,0,6
i heard love is blind,1,0,6
isizulu,1,0,6
japanese composer,1,0,6
korean indie,1,0,6
las mejores canciones del mundo vol 2,1,0,6
model,1,0,6
ninjas,1,0,6
occult,1,0,6
pop-funk,1,0,6
rythmic,1,0,6
showman,1,0,6
silly name,1,0,6
uk hard house,1,0,6
za,1,0,6
zef,1,0,6
zither,1,0,6
alternativew,1,0,5
asin: b0038an1yg,1,0,5
cocktail nation,1,0,5
continental jazz,1,0,5
creamy soul,1,0,5
death by aids,1,0,5
death by cancer,1,0,5
death by leukemia,1,0,5
famous,1,0,5
filk,1,0,5
hip.hop,1,0,5
jamba,1,0,5
jamster,1,0,5
kurdish music,1,0,5
latin soul,1,0,5
lithuanian funk,1,0,5
north dakota,1,0,5
polca criolla,1,0,5
roma,1,0,5
samba soul,1,0,5
stoner-rock,1,0,5
synth,1,0,5
trinidad and tobago,1,0,5
trinidadiens,1,0,5
trinite-et-tobago,1,0,5
ukrainan pop,1,0,5
usure,1,0,5
western music,1,0,5
🇧🇪,1,0,5
🇫🇷,1,0,5
acoustic guitar,1,0,4
alt-z,1,0,4
alternative punk,1,0,4
alternativt,1,0,4
aosta,1,0,4
awesome name,1,0,4
ben gibbard,1,0,4
budapest,1,0,4
burned,1,0,4
calogero,1,0,4
campfire,1,0,4
chamber,1,0,4
contemporary instrumental,1,0,4
dance punk,1,0,4
death by brain tumor,1,0,4
echirolles,1,0,4
english composer,1,0,4
fairlight cmi,1,0,4
gay furry,1,0,4
grenoble,1,0,4
hong kong guitarist,1,0,4
imdj lsg,1,0,4
indie-pop,1,0,4
initials b.b.,1,0,4
italo pop,1,0,4
kanpur,1,0,4
mr. marley & zacky man,1,0,4
neo-classical metal,1,0,4
one love family,1,0,4
orthodox pop,1,0,4
painter,1,0,4
phone skit,1,0,4
portuguese reggae dancehall,1,0,4
power rock,1,0,4
powerpop,1,0,4
que assim seja,1,0,4
rashid,1,0,4
rock band,1,0,4
romani,1,0,4
sad pop,1,0,4
sampledelia,1,0,4
social critique,1,0,4
supa squad,1,0,4
topnotch,1,0,4
unique,1,0,4
やはい,1,0,4
50 cent,1,0,3
amiga,1,0,3
amor mio,1,0,3
anti-establishment,1,0,3
bland,1,0,3
blue beat,1,0,3
british metal,1,0,3
c64,1,0,3
canadian classical,1,0,3
canadian soundtrack,1,0,3
cantopop boy group,1,0,3
cascada,1,0,3
cello metal,1,0,3
chanson alternative,1,0,3
china,1,0,3
classical guitar,1,0,3
cool cymru,1,0,3
copyright devil,1,0,3
coverartist,1,0,3
death by choking,1,0,3
death jazz,1,0,3
del shannon greatest hits,1,0,3
doomgaze,1,0,3
drum n bass,1,0,3
electronic pop,1,0,3
euro dance,1,0,3
festejo,1,0,3
future beats,1,0,3
future rnb,1,0,3
gros mo,1,0,3
guitarist-vocalist,1,0,3
gypsy sun,1,0,3
heavy rock,1,0,3
heavy-metal,1,0,3
helsinki,1,0,3
hertfordshire,1,0,3
hindi film music,1,0,3
howard,1,0,3
iranian,1,0,3
jimi hendrix,1,0,3
kiwi,1,0,3
lord of the rings,1,0,3
musical parody,1,0,3
muslim,1,0,3
north americana,1,0,3
norwegian composer,1,0,3
nuevo tango,1,0,3
otras canciones,1,0,3
pas fini,1,0,3
paul-simon,1,0,3
phonk house,1,0,3
psych,1,0,3
psychadelic,1,0,3
punkabilly,1,0,3
rak-su,1,0,3
rap queb,1,0,3
reason,1,0,3
rhys fulber,1,0,3
rhythm,1,0,3
romance,1,0,3
rory gallagher,1,0,3
russian chanson,1,0,3
satanic,1,0,3
scanian,1,0,3
script-geor,1,0,3
shore,1,0,3
singer-songwriter music,1,0,3
smc soundtrack related,1,0,3
soft r & b,1,0,3
somber,1,0,3
son,1,0,3
super jazz,1,0,3
sweet soul,1,0,3
synthie,1,0,3
the band,1,0,3
traffic,1,0,3
washington,1,0,3
watford,1,0,3
wellington,1,0,3
white soul,1,0,3
women composers,1,0,3
women rock musicians,1,0,3
women singers,1,0,3
zionist,1,0,3
#animaltalk,1,0,2
#femmehouse,1,0,2
#illuminatiwawmart,1,0,2
#karamjameelmoore,1,0,2
#sippiboyent,1,0,2
#sippiboyentertainment,1,0,2
#waw mart,1,0,2
#wawmart,1,0,2
$wawmart,1,0,2
2020s cantopop group,1,0,2
a kick snare and an idea,1,0,2
adult album alternative,1,0,2
afrohouse,1,0,2
alban berg,1,0,2
alx,1,0,2
an kun,1,0,2
an kun studio,1,0,2
andalusian classical music,1,0,2
art kei,1,0,2
atmospheric metal,1,0,2
austrian folk,1,0,2
autumn,1,0,2
axis mutatis,1,0,2
barsy rap song,1,0,2
berber,1,0,2
bezerra da silva,1,0,2
bhajans,1,0,2
big dada,1,0,2
billboards,1,0,2
blackened death metal,1,0,2
boss drum,1,0,2
boulez pierre messiaen olivier,1,0,2
bresil,1,0,2
bresilien,1,0,2
c64 remix,1,0,2
cadence lypso,1,0,2
california music,1,0,2
cantopop trio,1,0,2
carnatic,1,0,2
carnatic vocalists,1,0,2
cga,1,0,2
childrens,1,0,2
clarity,1,0,2
classic r & b,1,0,2
club kid,1,0,2
colin angus,1,0,2
comedian,1,0,2
company,1,0,2
country musicians,1,0,2
cuban jazz,1,0,2
cyberfolk,1,0,2
d6xergma9,1,0,2
death by asthma,1,0,2
death by brain aneurysm,1,0,2
demon. acid house,1,0,2
desert,1,0,2
devil song,1,0,2
digipunk,1,0,2
doubledicemusic,1,0,2
dreamwave,1,0,2
dresden,1,0,2
drop,1,0,2
dub noise,1,0,2
dutch orchestra,1,0,2
ebeneezer goode,1,0,2
egyptian rap,1,0,2
electrogrunge,1,0,2
electronica ambient experimental,1,0,2
elemperadordelgenero,1,0,2
elequipoganador,1,0,2
emcee,1,0,2
en-tact,1,0,2
entact,1,0,2
exotic,1,0,2
film and tv music,1,0,2
film editor,1,0,2
fok punk,1,0,2
folk musicians,1,0,2
folk-rock music,1,0,2
g-funk share,1,0,2
g2 music group,1,0,2
galanteelemperador,1,0,2
galantemicura,1,0,2
galantemomentum,1,0,2
grebo,1,0,2
hawaiian music,1,0,2
helly luv,1,0,2
hempton manor,1,0,2
horns,1,0,2
in gorbachev we trust,1,0,2
intimate,1,0,2
jorn lande,1,0,2
kalli,1,0,2
karamj,1,0,2
kasoor,1,0,2
kurdish,1,0,2
kurdistan,1,0,2
lowercase,1,0,2
mahler,1,0,2
manhattan original mix,1,0,2
marek janowski,1,0,2
marijuana,1,0,2
mastering engineer,1,0,2
media music,1,0,2
micromontage,1,0,2
midwest,1,0,2
midwestern hip-hop,1,0,2
milan,1,0,2
minimal experimental house electro,1,0,2
mittelalter,1,0,2
mohit choudhary,1,0,2
moksha,1,0,2
moksha recordings,1,0,2
move any mountain,1,0,2
mrc,1,0,2
music trade,1,0,2
musical artist,1,0,2
nature recordings,1,0,2
neo-disco,1,0,2
neo-trance,1,0,2
neoclassical dark wave,1,0,2
neon pop,1,0,2
nervous breakdown,1,0,2
new nostalgia,1,0,2
nickelodeon,1,0,2
noruega,1,0,2
norwegian pianist,1,0,2
nostalgia,1,0,2
oakland,1,0,2
one little indian,1,0,2
onitpr,1,0,2
orthodox jewish,1,0,2
partiendome el alma,1,0,2
percussion,1,0,2
phorever people,1,0,2
phorward,1,0,2
pro-gen,1,0,2
pro>gen,1,0,2
prog,1,0,2
progen,1,0,2
progressive jazz,1,0,2
progressive melodic death metal,1,0,2
psychedelia (musical genre,1,0,2
pyschedelic,1,0,2
record producer stevieknocks,1,0,2
repetitive,1,0,2
richard west,1,0,2
risk it all,1,0,2
rockstar,1,0,2
sampling,1,0,2
shamen,1,0,2
sinnott,1,0,2
slide guitar,1,0,2
slovak soprano,1,0,2
snes,1,0,2
snoh aalegra,1,0,2
soft,1,0,2
solo artist,1,0,2
solo piano,1,0,2
songwiter,1,0,2
spirituality,1,0,2
stevieknocks,1,0,2
stevieknocks discography,1,0,2
stevieknocks producer,1,0,2
stevieknocks songs,1,0,2
stoner-doom metal,1,0,2
teen icon,1,0,2
the shamen,1,0,2
thien,1,0,2
timbales,1,0,2
tired of suffering,1,0,2
trouse,1,0,2
tru thoughts,1,0,2
turkish heavy-metal,1,0,2
ukrainian pianist,1,0,2
uv,1,0,2
vals criollo,1,0,2
w w trance arena impact,1,0,2
wallyworld,1,0,2
waw mart,1,0,2
wawmart,1,0,2
website developer,1,0,2
who is stevieknocks,1,0,2
will sin,1,0,2
www,1,0,2
музыкант,1,0,2
нас бьют мы летаем,1,0,2
رضى الطلياني,1,0,2
にしさんし,1,0,2
欲望,1,0,2
#hiphop,1,0,1
#kanchistakikuna,1,0,1
#padron,1,0,1
#rnb,1,0,1
100th,1,0,1
150 cd,1,0,1
1960s hong kong debut,1,0,1
1980s cantopop group,1,0,1
1990s cantopop group,1,0,1
2-step garage,1,0,1
5m music,1,0,1
6 day riot,1,0,1
a des annes d ici,1,0,1
accordionist,1,0,1
achmad mulyana,1,0,1
actually a cool guy,1,0,1
adam pavlovcin,1,0,1
add series,1,0,1
add soundtrakcs,1,0,1
adonxs,1,0,1
african american singers,1,0,1
african american women civil rights workers,1,0,1
afro rock,1,0,1
afro-cuban,1,0,1
ageofadonxs,1,0,1
aj franklin,1,0,1
albanian folk music,1,0,1
alex,1,0,1
alex hobson,1,0,1
alfred scholz related,1,0,1
algerian rapper,1,0,1
alien death metal,1,0,1
all eyes on me,1,0,1
alphabet city elite,1,0,1
alternative christian,1,0,1
alternative latin,1,0,1
american conductor,1,0,1
american drummer,1,0,1
american folk music,1,0,1
american orchestra,1,0,1
american pianist,1,0,1
amerie,1,0,1
amici,1,0,1
amici 8,1,0,1
amsterdam,1,0,1
analog,1,0,1
anarchism,1,0,1
anarchopunk,1,0,1
andrzej piekarczyk,1,0,1
ani di franco,1,0,1
annoying,1,0,1
anti-fascist,1,0,1
anti-government,1,0,1
anti-society,1,0,1
antoine,1,0,1
apocalypse,1,0,1
apple music,1,0,1
arvika,1,0,1
asa,1,0,1
asian pop,1,0,1
athlete singer,1,0,1
audio play,1,0,1
austin,1,0,1
austrian conductor,1,0,1
avant-garage,1,0,1
azerbaijani music,1,0,1
bahc,1,0,1
bambara,1,0,1
banned,1,0,1
bar,1,0,1
barnepsykedelia,1,0,1
based,1,0,1
basement cuts,1,0,1
bassiste,1,0,1
beatgen,1,0,1
bedard,1,0,1
beggars banquet,1,0,1
belge,1,0,1
belgian composer,1,0,1
belgique,1,0,1
bernstein,1,0,1
best rapper,1,0,1
better lost than stupid,1,0,1
bholu,1,0,1
bholu bhuvaji,1,0,1
bholu bhuvaji jalampura,1,0,1
bhuvaji,1,0,1
biegya,1,0,1
big house recordings,1,0,1
bill production,1,0,1
billboard charting artist,1,0,1
billboard top current album sales,1,0,1
billy,1,0,1
billy bragg,1,0,1
billy nhut minh,1,0,1
black death metal,1,0,1
blackened crust,1,0,1
blackened doom metal,1,0,1
blues rap,1,0,1
bmg,1,0,1
bochum,1,0,1
bombsite,1,0,1
born,1,0,1
bosver,1,0,1
bouncy techno,1,0,1
bourgeoisie,1,0,1
bowspit,1,0,1
brass,1,0,1
brazilian soprano,1,0,1
brighton,1,0,1
britcore,1,0,1
british conductor,1,0,1
british drill rap,1,0,1
british jazz,1,0,1
british violinist,1,0,1
british violist,1,0,1
broadway composer,1,0,1
bruno mars,1,0,1
btu music,1,0,1
burgess,1,0,1
buscema,1,0,1
cairobi,1,0,1
calm,1,0,1
calming,1,0,1
camden crawl,1,0,1
cantor angolano,1,0,1
cardiff,1,0,1
casio,1,0,1
catch,1,0,1
catch you,1,0,1
celtic metal,1,0,1
cenzo townshend,1,0,1
ch mundart rock,1,0,1
chamorro,1,0,1
change disambiguation,1,0,1
changing faces,1,0,1
chaos,1,0,1
chaotic metalcore,1,0,1
chehar,1,0,1
chemical brothers,1,0,1
chilean pianist,1,0,1
chip,1,0,1
chiwawa,1,0,1
choro,1,0,1
chris brown,1,0,1
christian hardcore,1,0,1
civil rights,1,0,1
cleveland orchestra,1,0,1
clowns ha ha,1,0,1
concert,1,0,1
concrete,1,0,1
conducting,1,0,1
conductors,1,0,1
contemporary christian music,1,0,1
contemporary singer,1,0,1
content,1,0,1
country and irish,1,0,1
crass records,1,0,1
cretan,1,0,1
cretan folk,1,0,1
crime against humanity,1,0,1
crust,1,0,1
crust punk,1,0,1
cuban composer,1,0,1
cult rock,1,0,1
curly,1,0,1
cut killer,1,0,1
czech mezzo-soprano,1,0,1
d & b,1,0,1
dad punk,1,0,1
dada,1,0,1
damage,1,0,1
dan,1,0,1
dan austin,1,0,1
daniel caesar,1,0,1
dark romanticism,1,0,1
dave and ansel collins,1,0,1
dave smith,1,0,1
dawn penn,1,0,1
daytime disco,1,0,1
daytona beach,1,0,1
death by heart disease,1,0,1
death by pancreatitis,1,0,1
death by sandwich,1,0,1
death by tuberculosis,1,0,1
deep dubstep,1,0,1
dennis alcapone,1,0,1
depressive rock,1,0,1
derrick morgan,1,0,1
despair,1,0,1
destination void,1,0,1
divaughn,1,0,1
divaughn dixon,1,0,1
dixon,1,0,1
dj dixon,1,0,1
dj fresh,1,0,1
dj james,1,0,1
dj spider,1,0,1
dk,1,0,1
dl,1,0,1
dodong,1,0,1
dolores,1,0,1
dona da favela,1,0,1
donosti,1,0,1
doom rock,1,0,1
double bass,1,0,1
dq,1,0,1
dr dre,1,0,1
drain gang,1,0,1
drill rap,1,0,1
drum machines,1,0,1
drumnbass,1,0,1
dubwise,1,0,1
duc,1,0,1
duceniiko,1,0,1
dwills,1,0,1
dx7,1,0,1
e-punk,1,0,1
early hardcore,1,0,1
early pop,1,0,1
eband,1,0,1
ebenezer,1,0,1
ecm style jazz,1,0,1
ecocide,1,0,1
egg punk,1,0,1
egyptian mythology,1,0,1
eighties,1,0,1
el michels affair,1,0,1
electric jazz,1,0,1
electro french,1,0,1
electro punk,1,0,1
electro r & b,1,0,1
electro-mezoued,1,0,1
electronica house,1,0,1
emerging talent diy award,1,0,1
english folk music,1,0,1
english regadi rockstar,1,0,1
ethiopian,1,0,1
ethno jazz,1,0,1
euro,1,0,1
european free jazz,1,0,1
european rap,1,0,1
every nation music,1,0,1
evgeny khmara,1,0,1
evil,1,0,1
experimental metal,1,0,1
faithless,1,0,1
faithlessness,1,0,1
family guy,1,0,1
fancy gadam,1,0,1
female fronted metal,1,0,1
fiji,1,0,1
film composers,1,0,1
flamenco music,1,0,1
floor jansen,1,0,1
folk jazz,1,0,1
folktronic,1,0,1
fontana,1,0,1
foreign agent in russia,1,0,1
forro romantico,1,0,1
forro universitario,1,0,1
free funk,1,0,1
french actor,1,0,1
french artist,1,0,1
french cellist,1,0,1
french string quartet,1,0,1
french violinist,1,0,1
frihetsrock,1,0,1
fuzz,1,0,1
g-unit,1,0,1
g33kedout,1,0,1
game music,1,0,1
georgian conductor,1,0,1
german conductor,1,0,1
german pianist,1,0,1
german translator,1,0,1
german violinist,1,0,1
germany disc 2,1,0,1
get rich or die tryin,1,0,1
ghetto house,1,0,1
gig,1,0,1
giorgio poi,1,0,1
girls,1,0,1
glacial rap,1,0,1
global raw soul,1,0,1
gone forever,1,0,1
good,1,0,1
gothic-metal,1,0,1
greece,1,0,1
greyhound,1,0,1
grieg,1,0,1
guerilla maab,1,0,1
guilty,1,0,1
guyana,1,0,1
guyanese,1,0,1
h.e.r,1,0,1
h.shajarian 0001,1,0,1
hackercore,1,0,1
hamburger schule,1,0,1
hard fi,1,0,1
hardrock,1,0,1
harper,1,0,1
has full bandcamp discography purchase,1,0,1
hawaii,1,0,1
haydn: seven last words,1,0,1
hazy,1,0,1
he is a singer in england,1,0,1
heute hier morgen dort,1,0,1
hide u,1,0,1
hindi rapper,1,0,1
hip,1,0,1
hip hop r & b,1,0,1
hip-hop soul,1,0,1
hobart,1,0,1
hobson,1,0,1
holanda,1,0,1
holland,1,0,1
holox,1,0,1
homopop,1,0,1
homopunk,1,0,1
hop,1,0,1
hopeful,1,0,1
hotline miami,1,0,1
houston texas,1,0,1
i never needed love,1,0,1
iban rock band,1,0,1
icelandic composer,1,0,1
idyllic,1,0,1
il mondo di patty,1,0,1
image,1,0,1
immortal,1,0,1
independent music,1,0,1
indian singer,1,0,1
indiepop,1,0,1
industrial sector 3083,1,0,1
instrumental country,1,0,1
instrumental gospel,1,0,1
instrumental metal,1,0,1
instrumental surf,1,0,1
instrumentalist,1,0,1
internet punk,1,0,1
iran folk music,1,0,1
iran national music,1,0,1
iranian musicians,1,0,1
iranian singers,1,0,1
irish music,1,0,1
island reggae,1,0,1
israeli conductor,1,0,1
italian folk music,1,0,1
italian pianist,1,0,1
iyan vonix,1,0,1
j aime les filles,1,0,1
j-dance,1,0,1
jahstell,1,0,1
jalampura,1,0,1
jasrangi,1,0,1
jazz drummer,1,0,1
jazz instrument,1,0,1
jazzstep,1,0,1
jeffrey cain,1,0,1
jerk,1,0,1
jersey city,1,0,1
jesus honcho,1,0,1
john peel,1,0,1
johnnie has gone for a solider,1,0,1
joni mitchell,1,0,1
joshtell,1,0,1
juke,1,0,1
junkanoo,1,0,1
juno,1,0,1
jupiter,1,0,1
just another fish,1,0,1
justin beiber,1,0,1
k.flay,1,0,1
kazuo,1,0,1
kazuotv,1,0,1
kentell,1,0,1
kentpatterson,1,0,1
kenya,1,0,1
kevin werdelmann,1,0,1
khaled,1,0,1
khayals,1,0,1
kidbougie,1,0,1
kidnapper,1,0,1
killer mike,1,0,1
kinder rock,1,0,1
klamauk,1,0,1
klassik frescobar,1,0,1
kokopelli,1,0,1
kosheen,1,0,1
koteosa kei,1,0,1
kt tunstall,1,0,1
kul,1,0,1
kurofuku kei,1,0,1
kuru,1,0,1
kwassa kwassa,1,0,1
lain,1,0,1
latin christian christmas,1,0,1
latin tech,1,0,1
le tigre,1,0,1
lead dancer,1,0,1
left-field house,1,0,1
leipzig,1,0,1
lester,1,0,1
let it go,1,0,1
lil noodle,1,0,1
linndrum,1,0,1
lo-fi pop,1,0,1
lodovica comello,1,0,1
long songs,1,0,1
loops,1,0,1
loucifer,1,0,1
loud kei,1,0,1
louder,1,0,1
louie garafolo,1,0,1
louieallthetime,1,0,1
louis garafolo,1,0,1
lucky daye,1,0,1
lyrics,1,0,1
m7md mood,1,0,1
maa chehar,1,0,1
main chereographer,1,0,1
main vocal,1,0,1
mainstage,1,0,1
malaysia rock band,1,0,1
malka,1,0,1
mangan,1,0,1
many albums,1,0,1
many men,1,0,1
massive attack,1,0,1
masterpiece,1,0,1
matt and kim,1,0,1
melancholic metal,1,0,1
mellow,1,0,1
merindang ke bintang,1,0,1
metalcholic,1,0,1
mewati gharana,1,0,1
mezcal,1,0,1
miami,1,0,1
miami beach,1,0,1
miami vice,1,0,1
michie one,1,0,1
middle eastern,1,0,1
middle eastern traditions,1,0,1
midwestern hip hop,1,0,1
millennium,1,0,1
mindscraper,1,0,1
mine,1,0,1
miniaturk,1,0,1
minimal tech,1,0,1
mittelalter rock,1,0,1
moby,1,0,1
modal music,1,0,1
modern dancehall,1,0,1
modern jazz,1,0,1
mohamed mood,1,0,1
moloko,1,0,1
money tree,1,0,1
montag,1,0,1
moody blues,1,0,1
moog,1,0,1
mossel,1,0,1
mossel ft. niyola,1,0,1
mossel x niyola,1,0,1
motion,1,0,1
motion picture actors and actresses,1,0,1
motion picture music,1,0,1
multimedia,1,0,1
music of latin america,1,0,1
musica sarda,1,0,1
musicologist,1,0,1
musiques du monde,1,0,1
my favolite,1,0,1
mythology,1,0,1
naayi koomi,1,0,1
naim edge,1,0,1
napoleon da legend,1,0,1
napoleondalegend,1,0,1
narrator of audiobooks,1,0,1
nasime vasl,1,0,1
nawuni yiko,1,0,1
nazi rockers fuck off,1,0,1
nd and eband,1,0,1
ndandeband,1,0,1
ndl,1,0,1
neoclassicism,1,0,1
neosoul,1,0,1
neotango,1,0,1
nepalese acoustic rock,1,0,1
never been to spain,1,0,1
new beat fund,1,0,1
new pop,1,0,1
new york city,1,0,1
neyo,1,0,1
nguyen nhut minh,1,0,1
nintendo,1,0,1
nizhniy tagil,1,0,1
nnm,1,0,1
noodletherapper,1,0,1
norwegian conductor,1,0,1
norwegian poet,1,0,1
nothing personal,1,0,1
nottingham,1,0,1
ns metal,1,0,1
nu gaze,1,0,1
nu-gaze,1,0,1
oberheim,1,0,1
oberkrainer,1,0,1
old school romance,1,0,1
old-school rave,1,0,1
one step away,1,0,1
operatic,1,0,1
orchestral metal,1,0,1
organic ambient,1,0,1
oscar,1,0,1
pain,1,0,1
pama international,1,0,1
panamanian electronic,1,0,1
panjabi,1,0,1
parisian,1,0,1
paul mccartney,1,0,1
paul schroeder,1,0,1
penis music,1,0,1
pernambuco,1,0,1
persian alternative,1,0,1
persian traditional music,1,0,1
pharaohgamo,1,0,1
philharmonic orchestra,1,0,1
photo,1,0,1
photographe,1,0,1
photographer,1,0,1
phychodelic,1,0,1
physicist,1,0,1
piano music,1,0,1
pimp,1,0,1
plan b recordings,1,0,1
plastician,1,0,1
pleasure and pain,1,0,1
plena,1,0,1
pop male singer-songwriter,1,0,1
pop rai,1,0,1
popullore,1,0,1
popwave,1,0,1
post industrial,1,0,1
post-cock,1,0,1
post-core,1,0,1
post-internet,1,0,1
povero ammore,1,0,1
poviglio,1,0,1
preck,1,0,1
preckey,1,0,1
processes,1,0,1
produce camp 2020,1,0,1
progressive power metal,1,0,1
promo,1,0,1
proto-grunge,1,0,1
psych rock,1,0,1
psycore,1,0,1
r kelly,1,0,1
rabm,1,0,1
ragga hip-hop,1,0,1
ranchero,1,0,1
rapper dr bill,1,0,1
ray parker jr,1,0,1
reading and leeds 2010,1,0,1
recording artist,1,0,1
red disco,1,0,1
reflective,1,0,1
regadi,1,0,1
regadi rockstar,1,0,1
religious music,1,0,1
remy zero,1,0,1
rephlex,1,0,1
resist,1,0,1
retro new wave,1,0,1
rico rodriguez,1,0,1
rock against communism,1,0,1
rock prog,1,0,1
rockland county,1,0,1
roger shah,1,0,1
roland,1,0,1
roots manuva,1,0,1
rostock,1,0,1
royksopp,1,0,1
ru,1,0,1
russian conductor,1,0,1
russian pianist,1,0,1
russian violinist,1,0,1
sabina,1,0,1
sacred music,1,0,1
saharan rock,1,0,1
san diego,1,0,1
san sebastian,1,0,1
sanremo 2017,1,0,1
sarawak band,1,0,1
say,1,0,1
schopfung,1,0,1
schranz,1,0,1
sciubba,1,0,1
screenwriters,1,0,1
screwed up click,1,0,1
script-armn,1,0,1
scum,1,0,1
season after season,1,0,1
seiyuu,1,0,1
self-destruction,1,0,1
semi-classical,1,0,1
serenade,1,0,1
serpent,1,0,1
sescond chance,1,0,1
session band,1,0,1
shaunbate,1,0,1
shimokita-kei,1,0,1
shiny toy guns,1,0,1
show,1,0,1
shred,1,0,1
sian evans,1,0,1
silent hill,1,0,1
sillyname alias,1,0,1
sing sing hungary rock band,1,0,1
singh,1,0,1
skint records,1,0,1
skramz-pop,1,0,1
skye,1,0,1
slovenia,1,0,1
slushwave,1,0,1
smith,1,0,1
sofia,1,0,1
son montuno,1,0,1
sony,1,0,1
soul music,1,0,1
sound art,1,0,1
sound collage,1,0,1
sound design,1,0,1
sound designer,1,0,1
soundcloud,1,0,1
south wales,1,0,1
southern,1,0,1
souvvern gothic,1,0,1
space tapes & vice,1,0,1
spamwave,1,0,1
spanish cellist,1,0,1
spider bites,1,0,1
spiritualism,1,0,1
spotify,1,0,1
srajan,1,0,1
srajan singh,1,0,1
srajan singh yaduvanshi,1,0,1
srajan yaduvanshi,1,0,1
stage & screen,1,0,1
star academy,1,0,1
starmania,1,0,1
steps tears on the dancefloor,1,0,1
sternenhimmel,1,0,1
steve kilbey,1,0,1
stevie ray vaughan,1,0,1
stomp & holler,1,0,1
stoneyboymusic,1,0,1
streamer,1,0,1
sublevel sounds,1,0,1
sudwestfunk,1,0,1
summer,1,0,1
summer walker,1,0,1
swag n epic,1,0,1
swindon,1,0,1
swiss orchestra,1,0,1
symphonic death metal,1,0,1
symphonic gothic metal,1,0,1
synclavier music,1,0,1
synth wave,1,0,1
synthesizers,1,0,1
sza,1,0,1
taha malik,1,0,1
taiwan,1,0,1
tamara schlesinger,1,0,1
tapes,1,0,1
tegan and sara,1,0,1
telarc records,1,0,1
television actors and actresses,1,0,1
television composers,1,0,1
testing,1,0,1
texas relays,1,0,1
tge24,1,0,1
thai classical,1,0,1
the church,1,0,1
the levellers,1,0,1
the manor,1,0,1
the mowglis,1,0,1
the specials,1,0,1
theatrical,1,0,1
therealyoungin,1,0,1
theremin,1,0,1
thumri,1,0,1
tikuzami,1,0,1
tjekkisk,1,0,1
tony yayo,1,0,1
toujours,1,0,1
tribal rave,1,0,1
tribal seeds,1,0,1
tribal theory,1,0,1
trikuza,1,0,1
trojan records,1,0,1
trt,1,0,1
trumpet jazz,1,0,1
trumpeters,1,0,1
tsujino,1,0,1
tuareg music,1,0,1
tuba,1,0,1
tunis,1,0,1
tv,1,0,1
tyler perry,1,0,1
ukrainian composer,1,0,1
ukranian,1,0,1
uptempo hardcore,1,0,1
urban contemporary gospel,1,0,1
urban reggae,1,0,1
urdu,1,0,1
url,1,0,1
uruguay,1,0,1
usher,1,0,1
vadoinmessico,1,0,1
vandr,1,0,1
veridian,1,0,1
veridian club,1,0,1
veridian club records,1,0,1
verve,1,0,1
vester,1,0,1
via mistica,1,0,1
vice,1,0,1
video game soundtracks,1,0,1
viking rock,1,0,1
vikingarock,1,0,1
violetta,1,0,1
violist,1,0,1
violist composer,1,0,1
violoniste,1,0,1
warsaw city folk,1,0,1
we dey collect,1,0,1
wedding collections,1,0,1
west coast,1,0,1
wings,1,0,1
winston francis,1,0,1
wrongtom,1,0,1
yaduvanshi,1,0,1
yariyaan te gediyaan singer,1,0,1
ybz,1,0,1
ybz vandr,1,0,1
ybz vandr birthday,1,0,1
yo dj dixon,1,0,1
yodjdixon,1,0,1
you,1,0,1
youngin,1,0,1
yung lean,1,0,1
znamenie,1,0,1
немного,1,0,1
русскии рэп,1,0,1
الرابر السوداني محمد مود,1,0,1
الفنان السوداني محمد مود,1,0,1
الفنان محمد مود,1,0,1
شهرام شب پره,1,0,1
محمد مود,1,0,1
エレクトロニック,1,0,1
noyz narcos & fritz da cat,0,0,53
campus folk,0,0,36
conchali,0,0,32
nueva cumbia chilena,0,0,31
history,0,0,29
technical thrash metal,0,0,27
finnish legends,0,0,26
kalevala,0,0,26
melodic death doom,0,0,26
melodic death-doom metal,0,0,26
melodic heavy metal,0,0,26
nocturnal,0,0,26
claire elizabeth,0,0,25
claire elizabeth grace,0,0,25
eliza grace,0,0,25
infinite vibes,0,0,25
madgesdiqceg,0,0,25
neo-millennial jazz,0,0,25
south park,0,0,24
south park character,0,0,24
celo & abdi,0,0,23
chill-out,0,0,22
norm ender,0,0,22
norm ender aura,0,0,22
norm ender facebook,0,0,22
norm ender icinde patlar,0,0,22
norm ender twitter,0,0,22
normlife,0,0,22
2010s hong kong debut,0,0,21
gratuitous swedish ø,0,0,21
cardin,0,0,20
charlotte,0,0,20
la voix,0,0,20
hip hop-deutsch,0,0,18
cd,0,0,17
je te promet,0,0,17
vita spericolata,0,0,17
ea,0,0,16
flamenco rumba,0,0,16
maliqndessentials,0,0,16
pagan folk,0,0,16
regional,0,0,16
aotearoa,0,0,15
howard carpendale,0,0,15
mcyt,0,0,15
scusami,0,0,15
tranen lugen nicht,0,0,15
alevi folk music,0,0,14
fix recordings,0,0,14
italo house,0,0,14
jumpstyle drum & bass,0,0,14
neo-medieval folk,0,0,14
albarn,0,0,13
damon,0,0,13
death by emphysema,0,0,13
hungarian band,0,0,13
hyde park,0,0,13
romania,0,0,13
ambience,0,0,12
de,0,0,12
lithuanian downtempo,0,0,12
mamamoo,0,0,12
mastering,0,0,12
verona,0,0,12
ærmelunden,0,0,12
malaysian,0,0,11
music-rock,0,0,11
not as good as metallica,0,0,11
psybient,0,0,11
stfu totally better than metallica,0,0,11
art-punk,0,0,10
brazilian band,0,0,10
co-ed,0,0,10
contra,0,0,10
darkness,0,0,10
indie-rock,0,0,10
latin disco,0,0,10
live electronic,0,0,10
scooter,0,0,10
tal,0,0,10
disco rap,0,0,9
miroslav zbirka,0,0,9
neo-trad,0,0,9
rap uk,0,0,9
ritual ambient,0,0,9
thai-pop,0,0,9
+usa (massachusetts:boston,0,0,8
aguado,0,0,8
anouk teeuwe,0,0,8
classic rock. blues rock,0,0,8
fictional artist,0,0,8
guaco,0,0,8
gustavo,0,0,8
hardcore hip-hop,0,0,8
indonesian,0,0,8
komsu,0,0,8
maracibo,0,0,8
medley a b,0,0,8
mexican composer,0,0,8
poetic pop,0,0,8
satanism,0,0,8
telugu,0,0,8
#iktera,0,0,7
#sakhiyan,0,0,7
#sorrysong,0,0,7
#viah,0,0,7
brainpower,0,0,7
celtic folk music,0,0,7
dizzy mizz lizzy,0,0,7
eurovision 2019,0,0,7
jazzu,0,0,7
kemenagan cinta,0,0,7
lees and seas,0,0,7
leon somos,0,0,7
leon somos & jazzu,0,0,7
lithuanian band,0,0,7
lithuanian experimental,0,0,7
lower than the ground,0,0,7
male vocal dance,0,0,7
songvakeppnin,0,0,7
songvakeppnin 2019,0,0,7
spolariom,0,0,7
whimsically inclined,0,0,7
رشيد طه‎,0,0,7
アイトル,0,0,7
angus and julia stone,0,0,6
detroit techno,0,0,6
electro-rock,0,0,6
lithuanian deep house,0,0,6
mando diao unplugged,0,0,6
political hip-hop,0,0,6
seishun punk,0,0,6
sharik khan jr,0,0,6
sharik khan jr achalpur,0,0,6
soundrack,0,0,6
swedish rock,0,0,6
the blue hearts,0,0,6
девочка не спит (dj megantrop bootleg,0,0,6
девушки нам не дают,0,0,6
bartu thinks,0,0,5
barty,0,0,5
brian alberts,0,0,5
british rapper,0,0,5
central asian throat singing,0,0,5
chile,0,0,5
danemark,0,0,5
danish rap,0,0,5
danois,0,0,5
death by car crash,0,0,5
eai,0,0,5
edgy,0,0,5
iowa,0,0,5
iveta bartosova,0,0,5
jazz-funk fusion,0,0,5
laika,0,0,5
looping,0,0,5
marathi soundtrack,0,0,5
melodramatic,0,0,5
mestizo,0,0,5
mike damhesel,0,0,5
mongolian folk rock,0,0,5
mongolian rock,0,0,5
nbt,0,0,5
nbt id,0,0,5
nbt lyrics,0,0,5
nick kemp-bystrzycki,0,0,5
nothing but thieves,0,0,5
nothing but thieves emergency,0,0,5
nothing but thieves full album,0,0,5
nothing but thieves graveyard whistling,0,0,5
nothing but thieves itch,0,0,5
nothing but thieves last orders,0,0,5
nothing but thieves live,0,0,5
nothing but thieves lover please stay,0,0,5
nothing but thieves lyrics,0,0,5
nothing but thieves trip switch,0,0,5
nothing but thieves vevo,0,0,5
occultism,0,0,5
perth,0,0,5
pop-rap,0,0,5
scary octopus,0,0,5
tony tessari,0,0,5
tuva rock,0,0,5
tuvan,0,0,5
tuvan rock,0,0,5
valledupar,0,0,5
vevo,0,0,5
vibey,0,0,5
48-family,0,0,4
4th gen kpop,0,0,4
atmospheric black metal,0,0,4
atmospheric rock,0,0,4
bach goldberg variations,0,0,4
bach the goldberg variations,0,0,4
brahms,0,0,4
bullets,0,0,4
bwv 988,0,0,4
canadian pianist,0,0,4
chilean,0,0,4
darkmind,0,0,4
darkmindep,0,0,4
death by stairs,0,0,4
dupes,0,0,4
english folk,0,0,4
estonian conductor,0,0,4
full-on,0,0,4
gould inventions,0,0,4
harpsichordist,0,0,4
holdme,0,0,4
indonesian singer,0,0,4
indonesian songwriter,0,0,4
irish rebel traditional,0,0,4
island,0,0,4
jane bordeaux,0,0,4
jane bordeaux alternative music,0,0,4
jane bordeaux azura,0,0,4
jane bordeaux band,0,0,4
jane bordeaux da da song music,0,0,4
jane bordeaux dayfire song music,0,0,4
jane bordeaux erotication,0,0,4
jane bordeaux f*ck you feelings,0,0,4
jane bordeaux music,0,0,4
jane bordeaux music producer,0,0,4
jane bordeaux musicbrainz,0,0,4
jane bordeaux musician,0,0,4
jane bordeaux musician band,0,0,4
jane bordeaux official live concert,0,0,4
jane bordeaux official website,0,0,4
jane bordeaux pop music,0,0,4
jane bordeaux rap music,0,0,4
jane bordeaux romancing a stone,0,0,4
jane bordeaux singer,0,0,4
jane bordeaux songwriter,0,0,4
janebordeaux,0,0,4
janineandthemixtape,0,0,4
jar oficial,0,0,4
jesus adrian romero,0,0,4
jesus adrian romero oficial,0,0,4
jxtm,0,0,4
karlsruhe,0,0,4
letitrun,0,0,4
littlebit,0,0,4
lo mejor de jesus adrian romero,0,0,4
lucid moments,0,0,4
lynyrd skynyrd,0,0,4
musica chilena,0,0,4
musica cristiana,0,0,4
musica de alabanza,0,0,4
new york hardcore,0,0,4
no matter what i do,0,0,4
not colourful records,0,0,4
nuevo flamenco,0,0,4
oc remixer,0,0,4
phil spector,0,0,4
racnhera,0,0,4
ranchera chilena,0,0,4
rhapsody online,0,0,4
shinjuku zulu,0,0,4
synthie-pop,0,0,4
technobanda,0,0,4
tropical rock,0,0,4
trumpets,0,0,4
tune,0,0,4
vastago music,0,0,4
vastago play,0,0,4
ybn nahmir,0,0,4
acoustic texas blues,0,0,3
alper,0,0,3
alternative metal share,0,0,3
anakin artz,0,0,3
anasheed,0,0,3
anon,0,0,3
anonymous,0,0,3
arts,0,0,3
artz,0,0,3
avant pop,0,0,3
awolnation,0,0,3
barbershop,0,0,3
beach,0,0,3
brazilian classics player,0,0,3
brazilian composer,0,0,3
buffettinfo com,0,0,3
cakıcı,0,0,3
caribbean music,0,0,3
ceo,0,0,3
cut-up,0,0,3
deutschland,0,0,3
dreams,0,0,3
ethno,0,0,3
experimental ambient,0,0,3
experimental electro,0,0,3
fame factory,0,0,3
fast car,0,0,3
feelings,0,0,3
finnish composer,0,0,3
german dance-pop,0,0,3
grupo mania,0,0,3
gulf and western,0,0,3
hairmetal,0,0,3
indie funk,0,0,3
islamic,0,0,3
islamic music,0,0,3
japanese hip-hop,0,0,3
japanese jazztronica,0,0,3
k.i.d,0,0,3
kim falo,0,0,3
kyle,0,0,3
la quinta estacion,0,0,3
landscapes,0,0,3
lds,0,0,3
lider,0,0,3
look after you,0,0,3
loriel,0,0,3
make yourself,0,0,3
marillion,0,0,3
martial industrial,0,0,3
math pop,0,0,3
merge into [anonymous,0,0,3
moments,0,0,3
mormon,0,0,3
music of israel,0,0,3
my morning jacket,0,0,3
nilufer,0,0,3
ny,0,0,3
old school hip-hop,0,0,3
original pilipino music (opm,0,0,3
original score,0,0,3
outrun,0,0,3
pagodao,0,0,3
pakistani semi-classical,0,0,3
personal struggles,0,0,3
polski,0,0,3
prank calls,0,0,3
pride,0,0,3
progressive hip hop,0,0,3
reverb,0,0,3
rock demenziale,0,0,3
rock pop,0,0,3
rotterdam,0,0,3
saxophone,0,0,3
skacore,0,0,3
slummin,0,0,3
songs based on games,0,0,3
space jungle,0,0,3
spaces,0,0,3
stories,0,0,3
teoman,0,0,3
tunbalism,0,0,3
twitch streamer,0,0,3
vihuela,0,0,3
warhammer,0,0,3
weine nicht kleine eva,0,0,3
york,0,0,3
zakkum,0,0,3
اناشيد,0,0,3
نشيد,0,0,3
#freepalestine,0,0,2
#woogyu,0,0,2
+usa california,0,0,2
90s hip hop,0,0,2
abstract hip-hop,0,0,2
andra & the backbone,0,0,2
andra and the backbone,0,0,2
atisket,0,0,2
australian female singer-songwriters,0,0,2
australian singers,0,0,2
australian songwriters,0,0,2
austria,0,0,2
ballermann,0,0,2
be mine,0,0,2
beats,0,0,2
belo,0,0,2
bobby valentin,0,0,2
bodausanthem,0,0,2
bolero son,0,0,2
brian mcknight,0,0,2
british choir,0,0,2
british rap,0,0,2
business,0,0,2
cartier,0,0,2
cesar henao · bateria,0,0,2
ch,0,0,2
chazzanut,0,0,2
children music,0,0,2
choral symphony,0,0,2
classic heavy metal,0,0,2
contralto,0,0,2
crecer,0,0,2
crime jazz,0,0,2
cumbia digital,0,0,2
cumbia electronica,0,0,2
daniel pedroza · bajo,0,0,2
daniel santacruz,0,0,2
dark jazz,0,0,2
death by hypertension,0,0,2
death by sedatives,0,0,2
death cult,0,0,2
deutschpop,0,0,2
dio,0,0,2
dongwoo,0,0,2
dreampop,0,0,2
eesti,0,0,2
elecronic,0,0,2
electronic duo,0,0,2
epic records,0,0,2
estonia,0,0,2
farid bang,0,0,2
female singers,0,0,2
fifth beatle,0,0,2
fix capitalization,0,0,2
folk music of ireland,0,0,2
founder,0,0,2
four seasons,0,0,2
fr,0,0,2
freedom call,0,0,2
funkadelic,0,0,2
glamrock,0,0,2
guildford,0,0,2
hanging,0,0,2
hardbass,0,0,2
hi im a big fan,0,0,2
hoya,0,0,2
infinite f,0,0,2
infinite h,0,0,2
inspirit,0,0,2
irish-american,0,0,2
italian r & b,0,0,2
japanese idol,0,0,2
jephtha,0,0,2
josh ramsay,0,0,2
juan david villacrez · saxofon.,0,0,2
jules de martino,0,0,2
jump,0,0,2
katie white,0,0,2
kpop idols,0,0,2
l,0,0,2
la florida,0,0,2
lgbt,0,0,2
lithuanian traditional pop,0,0,2
love to come see you,0,0,2
mahbub islam,0,0,2
mallorca,0,0,2
mariana s,0,0,2
merecumbe,0,0,2
minnesota,0,0,2
missing releases,0,0,2
mixed-gender band,0,0,2
mixed-gender group,0,0,2
music director,0,0,2
musica latina,0,0,2
muzika mizrahit,0,0,2
myungsoo,0,0,2
nane · teclados,0,0,2
neo rockabilly,0,0,2
new roots,0,0,2
newcastle,0,0,2
ngs-todo,0,0,2
nicolai fella · vocal,0,0,2
nils frahm,0,0,2
old-time,0,0,2
oshare kei,0,0,2
other,0,0,2
pakistani fusion,0,0,2
phonetic phail,0,0,2
pilon,0,0,2
podcast,0,0,2
politically charged,0,0,2
post rock,0,0,2
raga,0,0,2
raga rock,0,0,2
redzone records,0,0,2
richard bedford,0,0,2
rnb singer,0,0,2
rock andino,0,0,2
rockn roll,0,0,2
sakamichi,0,0,2
salsa dura,0,0,2
sebastian panesso · guitarra,0,0,2
seven,0,0,2
simon-garfunkel,0,0,2
sing,0,0,2
skoop on somebody,0,0,2
soul-jazz,0,0,2
south korean boyband,0,0,2
sungjong,0,0,2
sungkyu,0,0,2
sungyeol,0,0,2
surrey,0,0,2
taboo-breaking pop,0,0,2
tallinn,0,0,2
tech,0,0,2
the elgar society,0,0,2
thrash-metal,0,0,2
trailer music,0,0,2
tricky stewart,0,0,2
under rated,0,0,2
utah,0,0,2
van halen,0,0,2
vegas,0,0,2
where can i by your merchendise,0,0,2
windmill scene,0,0,2
woohyun,0,0,2
woollim,0,0,2
yiddish,0,0,2
you for me,0,0,2
youngbloodz,0,0,2
youngbloodz new music,0,0,2
youtube,0,0,2
zainichi korean,0,0,2
인피니트,0,0,2
#yk,0,0,1
1000 apes in a room,0,0,1
12th south records,0,0,1
21st century classical,0,0,1
4rain,0,0,1
80s synthpop,0,0,1
9-bit,0,0,1
@didi music russia,0,0,1
a capella,0,0,1
a gold disc artist,0,0,1
ablazing records,0,0,1
acid rap,0,0,1
acid trance,0,0,1
acoustic elements,0,0,1
active artist,0,0,1
acustica,0,0,1
acustica uach,0,0,1
adam harrison,0,0,1
add ending date,0,0,1
add single 8 march,0,0,1
ago beats,0,0,1
agso quartet,0,0,1
airstorm recordings,0,0,1
aj tracey,0,0,1
akb,0,0,1
akos,0,0,1
al jarreau,0,0,1
alas de hierro,0,0,1
albert hammond,0,0,1
alter ego records,0,0,1
alternative-electronic,0,0,1
american artist,0,0,1
american soprano,0,0,1
andy partridge,0,0,1
angel haze,0,0,1
anison,0,0,1
annotation,0,0,1
ape shyt,0,0,1
arabic language,0,0,1
argentine singer,0,0,1
argentine songwriter,0,0,1
art,0,0,1
art songs,0,0,1
art-garfunkel,0,0,1
artificial high register,0,0,1
asian rock,0,0,1
asians that kill,0,0,1
atheist,0,0,1
athletic,0,0,1
atlanta,0,0,1
au hardcore,0,0,1
aus,0,0,1
baile funk,0,0,1
baker street,0,0,1
balkan folk music,0,0,1
ballade,0,0,1
banda de zacatecas,0,0,1
bandsound,0,0,1
battle rapper,0,0,1
batucada,0,0,1
billy connolly,0,0,1
birp,0,0,1
black hole recordings,0,0,1
blackened deathcore,0,0,1
blinkie,0,0,1
blow the house down,0,0,1
bon iver,0,0,1
boom,0,0,1
borneo,0,0,1
botashe,0,0,1
brazilian music,0,0,1
brett,0,0,1
bronius bagackas,0,0,1
buenos aires,0,0,1
buku,0,0,1
calexico,0,0,1
campus miraflores,0,0,1
cantautore,0,0,1
cantautori,0,0,1
cante alentejano,0,0,1
canto alentejano,0,0,1
cartoon character,0,0,1
catalan,0,0,1
celtic soul,0,0,1
chat,0,0,1
chilean folklore,0,0,1
chilean music,0,0,1
chinese actress,0,0,1
chisinau,0,0,1
chris cornell,0,0,1
code red,0,0,1
cold,0,0,1
comedy metal,0,0,1
compas,0,0,1
concrete ambient,0,0,1
connecticut hardcore,0,0,1
conservatorio de musica,0,0,1
contemporary celtic,0,0,1
contemporary music,0,0,1
conversations,0,0,1
cork,0,0,1
coventry,0,0,1
current artist,0,0,1
cyber-pop,0,0,1
czechoslovakia,0,0,1
dance trance dance,0,0,1
dastan,0,0,1
dastanmusic,0,0,1
dave steward,0,0,1
davinche,0,0,1
death by heart surgery,0,0,1
death by heroin,0,0,1
degeorgeredux 138,0,0,1
denton,0,0,1
depedro,0,0,1
detroit rap,0,0,1
deutsch-pop,0,0,1
devendra banhart,0,0,1
devin,0,0,1
devin kennedy,0,0,1
devkennedymusic,0,0,1
disk jockey,0,0,1
dj dastan,0,0,1
dj4rain,0,0,1
djdastan,0,0,1
djs present,0,0,1
doorn (spinnin,0,0,1
downbeat drum and bass,0,0,1
download mixes,0,0,1
doxas,0,0,1
dream,0,0,1
dttx,0,0,1
dulce mal,0,0,1
durango,0,0,1
dutch conductor,0,0,1
eddie vader,0,0,1
educator,0,0,1
el farol,0,0,1
el paso,0,0,1
electronica and dance,0,0,1
eltee,0,0,1
emotional,0,0,1
entrance music,0,0,1
es,0,0,1
ethan johns,0,0,1
etno,0,0,1
eurovision 2025,0,0,1
evacuate,0,0,1
exits,0,0,1
experimental music,0,0,1
falsetto,0,0,1
fanny lu,0,0,1
far right supporter,0,0,1
father,0,0,1
feel it still,0,0,1
fierce,0,0,1
fiesta,0,0,1
final fantasy,0,0,1
finnish pianist,0,0,1
flamenco jazz,0,0,1
flamenco nuevo,0,0,1
flat earther,0,0,1
flemish,0,0,1
folclor,0,0,1
folk punk rock,0,0,1
folklorista,0,0,1
folkre,0,0,1
franchise as artist,0,0,1
freestyle rapper,0,0,1
french caribbean music,0,0,1
full on 140 records,0,0,1
fun,0,0,1
funereal,0,0,1
fuzzy artist-radio show,0,0,1
fyfe,0,0,1
garba,0,0,1
genderfluid,0,0,1
glasgow underground,0,0,1
go west,0,0,1
goa,0,0,1
gonzo,0,0,1
goregrind,0,0,1
grammy-nominated,0,0,1
groomer,0,0,1
guitar virtuoso,0,0,1
hallman,0,0,1
halloween music,0,0,1
harp,0,0,1
harpsichord,0,0,1
harsh ebm,0,0,1
harsh electro,0,0,1
hauntology,0,0,1
heartfelt lyrics,0,0,1
hessen,0,0,1
hi-nrg dance music,0,0,1
hi-tech,0,0,1
hip hop influences,0,0,1
hispanic american folk music,0,0,1
homberg,0,0,1
home,0,0,1
homosexual,0,0,1
horror folk,0,0,1
horror rock,0,0,1
human issues,0,0,1
humour,0,0,1
hunter,0,0,1
hyper-pop,0,0,1
idil arıcan,0,0,1
impresionista,0,0,1
improvisation,0,0,1
instrumental hip-hop,0,0,1
iran pop singer,0,0,1
iron and wine,0,0,1
italian heavy-metal,0,0,1
italian indie,0,0,1
italian keyboardist,0,0,1
j-electropop,0,0,1
j-soul,0,0,1
jack white,0,0,1
jammer,0,0,1
janky,0,0,1
japanese folk music,0,0,1
japanese synth-pop,0,0,1
jazz influences,0,0,1
jazz instrumentalist,0,0,1
jazzmetal,0,0,1
jefferson airplane,0,0,1
jeroen,0,0,1
jesse markin,0,0,1
jij,0,0,1
john foxx,0,0,1
jorja smith,0,0,1
juarez,0,0,1
kansas,0,0,1
kennedy,0,0,1
kinected recordings,0,0,1
kissel,0,0,1
kolschrock,0,0,1
korbach,0,0,1
korea,0,0,1
korean hip hop,0,0,1
korean underground,0,0,1
krishnacore,0,0,1
krisvosa ent,0,0,1
l.t,0,0,1
la escena,0,0,1
latin salsa,0,0,1
leon athens,0,0,1
leon of athens,0,0,1
leon veremis,0,0,1
liedermacherin,0,0,1
live instrumentation,0,0,1
live ride,0,0,1
living in a box,0,0,1
loddefjord,0,0,1
los rios,0,0,1
love songs,0,0,1
ludwig suthaus,0,0,1
lw recordings,0,0,1
m2m,0,0,1
madeira,0,0,1
maestro,0,0,1
mahalia,0,0,1
makatapop,0,0,1
marcus vere,0,0,1
math,0,0,1
mbs-4009,0,0,1
mcs fight night,0,0,1
mcs fight night 2005,0,0,1
mcs fight night 2007,0,0,1
mcs fight night 2009,0,0,1
mcs fight night champion,0,0,1
mehdi ayoubi,0,0,1
melancholy,0,0,1
melodic trance,0,0,1
melodica,0,0,1
melodifestivalen 2025,0,0,1
metamorph seismic,0,0,1
mexicanos,0,0,1
mich. rap,0,0,1
michigan,0,0,1
micropop,0,0,1
miss sun,0,0,1
misshitsu kei,0,0,1
moldova,0,0,1
monster neos,0,0,1
monster tunes,0,0,1
moon taxi,0,0,1
murder folk,0,0,1
musica fronteriza,0,0,1
musica popular brasileira,0,0,1
muted techno,0,0,1
mysterious,0,0,1
nadia malm,0,0,1
nashville,0,0,1
nathan nicholson,0,0,1
nea,0,0,1
neal casal,0,0,1
needs disambiguation,0,0,1
neil young,0,0,1
neo kyma,0,0,1
neo-rockabilly,0,0,1
neu-noir,0,0,1
new wave music,0,0,1
newcomer,0,0,1
newfoundland,0,0,1
ngs,0,0,1
nick drake,0,0,1
noir wave,0,0,1
norvege,0,0,1
norvegien,0,0,1
norwegian soprano,0,0,1
note2,0,0,1
nova canco,0,0,1
nu:chain music,0,0,1
nueva cancion espanola,0,0,1
nueva cancion latinoamericana,0,0,1
odm,0,0,1
old pop,0,0,1
old-school hip-hop,0,0,1
oliver petersen,0,0,1
olli petersen,0,0,1
once once,0,0,1
operetta,0,0,1
orchestral music,0,0,1
orem,0,0,1
pagan,0,0,1
pagode romantico,0,0,1
pakistani traditional,0,0,1
pasillo,0,0,1
perfecto fluoro,0,0,1
perfecto records,0,0,1
persian blues music,0,0,1
peruvian cumbia,0,0,1
pianiast,0,0,1
pianiste,0,0,1
piers hewitt,0,0,1
pigfuck,0,0,1
pittsburgh,0,0,1
playa linda,0,0,1
polish conductor,0,0,1
polish pianist,0,0,1
polite society or murder,0,0,1
politico,0,0,1
politics,0,0,1
pop female singer-songwriter,0,0,1
pop rock country rock,0,0,1
pop-noir,0,0,1
poptones,0,0,1
populara,0,0,1
pornocore,0,0,1
post-pop,0,0,1
postcard records,0,0,1
pow,0,0,1
power trance,0,0,1
powwow-step,0,0,1
progressive deathcore,0,0,1
progressive funk rock,0,0,1
progressive new age,0,0,1
protest,0,0,1
protest song,0,0,1
proto-rock,0,0,1
provo,0,0,1
psicodelia,0,0,1
psychedelic chillout,0,0,1
psychedelic doom,0,0,1
psychedelic doom metal,0,0,1
psychedelic violence crime of visual shock,0,0,1
psychill,0,0,1
psydub,0,0,1
pucon,0,0,1
punk metal,0,0,1
pup,0,0,1
raeen roes,0,0,1
raggamuffin,0,0,1
rap hip-hop,0,0,1
raw,0,0,1
raw hardstyle,0,0,1
rebellious,0,0,1
redux digital,0,0,1
redux recordings,0,0,1
reflexion,0,0,1
religion,0,0,1
rem,0,0,1
richard darbyshire,0,0,1
river flows in you,0,0,1
rock & roll revival,0,0,1
rock-polo,0,0,1
roman,0,0,1
room in your heart,0,0,1
root,0,0,1
rubwn bladws,0,0,1
rwanda,0,0,1
rwandan gospel music,0,0,1
sacd,0,0,1
samba funk,0,0,1
samba pagode,0,0,1
schwabenrock,0,0,1
schwobarock,0,0,1
scouse house,0,0,1
script-hebr,0,0,1
shanties,0,0,1
shitgaze,0,0,1
showa kayou kei,0,0,1
showtunes,0,0,1
shrewsbury,0,0,1
singer-songwriter liedermacher,0,0,1
skhillz,0,0,1
skuba,0,0,1
sloth,0,0,1
smooth,0,0,1
smooth vocals,0,0,1
solace,0,0,1
somo,0,0,1
sonngwriter,0,0,1
sophisticated rock,0,0,1
soudtrack,0,0,1
spanish classical music,0,0,1
spanish guitar,0,0,1
st tropez,0,0,1
state control records,0,0,1
step,0,0,1
straight edge,0,0,1
straight-edge,0,0,1
strings,0,0,1
strumbellas,0,0,1
stuck in the middle,0,0,1
suanda base,0,0,1
suanda dark,0,0,1
suanda music,0,0,1
suanda true,0,0,1
summer dance party,0,0,1
sur de chile,0,0,1
svensk,0,0,1
swedish chamber orchestra,0,0,1
swedish orchestra,0,0,1
swedish rap,0,0,1
swing revival,0,0,1
symphonic deathcore,0,0,1
synthesizer rock,0,0,1
synthpop uk,0,0,1
t.c. matic,0,0,1
taiwo olowu,0,0,1
taxexile,0,0,1
tecnorumba,0,0,1
terror,0,0,1
teutonic thrash metal,0,0,1
the chamanas,0,0,1
the elder scrolls,0,0,1
thom monahan,0,0,1
timoleon veremis,0,0,1
todd howe,0,0,1
tom manders,0,0,1
tom waits,0,0,1
tonada chilena,0,0,1
toolroom records,0,0,1
traiguen,0,0,1
tribe called red,0,0,1
tristan,0,0,1
tropicanibalismo,0,0,1
turbo chalga,0,0,1
turc,0,0,1
turkey,0,0,1
turquie,0,0,1
uach,0,0,1
ukf,0,0,1
union,0,0,1
upbeat,0,0,1
upbeat pop,0,0,1
valdivia,0,0,1
vandit records,0,0,1
versos en la boca,0,0,1
vetiver,0,0,1
villarrica,0,0,1
viola,0,0,1
vocal electronic,0,0,1
volare,0,0,1
wanessa,0,0,1
warner,0,0,1
we dress good,0,0,1
webcore,0,0,1
wesley,0,0,1
white voice,0,0,1
wilco,0,0,1
williams,0,0,1
world beats,0,0,1
worldmusic,0,0,1
wow,0,0,1
xiv region,0,0,1
yentle,0,0,1
zeuhl,0,0,1
zo,0,0,1
боташе,0,0,1
на повторі,0,0,1
пнх,0,0,1
птахи,0,0,1
реп,0,0,1
сучасна музика,0,0,1
украінськии реп,0,0,1
украінські пісні,0,0,1
хіп-хоп,0,0,1
עברי,0,0,1
こ当地アイトル,0,0,1
