Genre,TrackCount
german hip hop,2997
"danish hip hop, danish pop",1324
"french hip hop, pop urbaine, rap francais",1276
"reggaeton, trap latino, urbano latino",1221
"polish hip hop, polish trap",1100
"dutch hip hop, dutch rap pop",1037
reggaeton,1025
polish hip hop,905
k-pop,901
dutch hip hop,895
turkish pop,859
"reggaeton, urbano latino",857
cantopop,707
"italian adult pop, italian pop",698
"czech hip hop, czsk hip hop",605
manele,596
mandopop,573
"latin hip hop, reggaeton, trap latino, urbano latino",570
romanian trap,567
"afrobeats, nigerian pop",566
"french hip hop, pop urbaine, rap marseille",560
swedish pop,557
"turkish hip hop, turkish trap",531
italian hip hop,526
danish pop,515
pop,511
"greek hip hop, greek trap",511
"finnish dance pop, finnish hip hop, finnish pop",500
"french hip hop, pop urbaine, rap conscient",476
"k-pop, k-pop boy group",472
norwegian pop,468
v-pop,467
"italian hip hop, italian pop",459
amapiano,459
danish hip hop,454
"bulgarian pop, chalga",447
finnish hip hop,445
greek trap,436
dembow,436
j-pop,434
"finnish hip hop, finnish pop",434
rap maroc,434
mizrahi,433
trap,428
"french hip hop, pop urbaine",425
italian trap,421
"czech drill, czech hip hop, czsk hip hop",404
"french hip hop, pop urbaine, r&b francais",401
cumbia,399
turkish hip hop,392
israeli pop,385
czsk hip hop,385
"italian hip hop, italian pop, trap italiana",376
"russian hip hop, russian trap",372
"german drill, german hip hop",369
indonesian pop,366
german pop,362
greek drill,347
"egyptian hip hop, egyptian trap",342
"swedish gangsta rap, swedish hip hop, swedish trap, swedish trap pop",341
hungarian pop,334
"reggaeton, reggaeton flow, trap latino, urbano latino",312
"dance pop, pop",309
"greek pop, laiko",305
"german hip hop, hamburg hip hop",301
"italian hip hop, trap italiana",295
"czsk hip hop, slovak hip hop",294
"german hip hop, german pop",293
lithuanian pop,286
cumbia pop,285
rap,284
folk pop,277
"puerto rican pop, reggaeton, trap latino, urbano latino",271
opm,267
"finnish dance pop, finnish hip hop",265
"filmi, modern bollywood",262
russelater,259
"swedish hip hop, swedish trap pop",256
"finnish dance pop, finnish pop",253
french rap,248
dancehall,246
"t-pop, thai pop",246
uk hip hop,245
"swedish idol pop, swedish pop",243
trap latino,241
"k-pop, k-pop girl group",236
k-rap,235
"french hip hop, pop urbaine, r&b francais, rap francais",233
hip hop tuga,233
"trap latino, urbano latino",232
"reggaeton, reggaeton colombiano, trap latino, urbano latino",232
"german cloud rap, german hip hop",232
"swedish drill, swedish gangsta rap, swedish hip hop, swedish trap, swedish trap pop",230
malaysian pop,230
"hip hop tuga, trap tuga",206
punjabi pop,202
t-pop,199
"finnish dance pop, finnish pop, iskelma, suomi rock",199
"mandopop, taiwan singer-songwriter",198
"albanian hip hop, german hip hop",195
"french rap, pop urbaine",195
"russian drill, russian hip hop, russian trap",194
"atl hip hop, hip hop, rap, southern hip hop, trap",192
panamanian pop,192
israeli mediterranean,191
"reggaeton, trap latino, urbano latino, latin",188
khaleeji,188
"argentine hip hop, trap argentino, trap latino, trap triste, urbano latino",185
"arabic hip hop, rap maroc",185
"agronejo, arrocha, sertanejo, sertanejo universitario",182
finnish pop,182
"arab pop, egyptian pop",180
dansktop,179
"french hip hop, pop urbaine, rap francais, rap marseille",177
"cantopop, hk-pop",176
"reggaeton, reggaeton flow, trap boricua, trap latino, urbano latino",174
"french hip hop, pop urbaine, rap conscient, rap francais",173
"v-pop, vietnamese hip hop",171
"art pop, pop",170
"mandopop, taiwan pop",170
"reggaeton, trap latino",170
norwegian pop rap,169
dembow dominicano,168
romanian pop,166
estonian pop,166
k-pop girl group,164
"v-pop, vietnamese hip hop, vietnamese melodic rap",163
russian hip hop,161
"arrocha, sertanejo, sertanejo universitario",160
"latin pop, reggaeton, reggaeton colombiano, trap latino, urbano latino",159
laiko,159
"south african hip hop, south african trap",158
"finnish hip hop, finnish trap",156
dutch pop,155
"greek drill, greek trap",155
icelandic hip hop,155
icelandic pop,154
ukrainian pop,154
"dembow, rap dominicano, trap latino, urbano latino",151
mahraganat,150
"j-pop, j-rock",149
"dancehall, soca",149
"cumbia, cuarteto",149
tropical house,148
spanish pop,147
latvian hip hop,147
latvian pop,147
"melodic rap, rap, trap",146
"reggae en espanol, reggae",146
"sertanejo, sertanejo pop, sertanejo universitario",145
"r&b, rap",145
"trap boricua, trap latino, trap triste, urbano latino",143
"italian hip hop, italian pop, rap napoletano",143
urbano chileno,142
"italian hip hop, italian pop, milan indie",141
polish pop,140
"hungarian hip hop, hungarian pop, magyar trap",140
"dembow, rap dominicano",139
estonian hip hop,139
"classic swedish pop, swedish pop",137
"swedish gangsta rap, swedish hip hop, swedish trap pop",136
"corrido, corridos tumbados, corridos belicos, musica mexicana, sierreno, banda, sad sierreno, electro corridos",136
"israeli mediterranean, israeli pop, mizrahi",135
"latin hip hop, puerto rican pop, reggaeton, trap latino, urbano latino",131
"czech pop, czsk hip hop",131
"pop, uk pop",130
"indie liguria, italian hip hop, italian pop, rap genovese, trap italiana",130
"arabic hip hop, french hip hop, pop urbaine",130
"mambo chileno, urbano chileno",129
christmas,128
french pop,127
portuguese pop,126
"czsk hip hop, slovak trap",126
maskandi,126
"desi pop, filmi, modern bollywood",124
"agronejo, arrocha, sertanejo, sertanejo pop, sertanejo universitario",122
"bulgarian hip hop, bulgarian pop",121
"canadian hip hop, canadian pop, hip hop, pop rap, rap",119
greek hip hop,119
"hungarian hip hop, hungarian pop",119
"electro latino, reggaeton, trap latino, urbano latino",118
"filmi, indian instrumental, modern bollywood",116
edm,116
latin pop,116
"drill francais, french hip hop, pop urbaine, rap francais, trap antillais",116
argentine rock,115
"trap latino, trap, dembow",113
afrobeats,112
"urbano latino, trap latino, reggaeton",112
italian pop,111
"argentine hip hop, trap argentino",111
"bollywood, hindi pop, desi",111
r&b,110
"icelandic hip hop, icelandic pop",109
"reggaeton, latin",109
"bachata, latin hip hop, latin pop, urbano latino",108
"dakke dak, danish hip hop, danish pop",108
"turkce drill, turkish hip hop, turkish trap",107
"boy band, pop",105
"t-pop, thai indie pop",105
"egyptian hip hop, arabic hip hop, egyptian pop, mahraganat",105
"reggaeton, trap latino, latin hip hop",105
hk-pop,104
"french hip hop, rap conscient",104
"balkan trap, bulgarian pop, bulgarian trap, chalga",104
french hip hop,104
"finnish pop, suomi rock",104
"manele, trap",104
"k-pop, k-pop boy group, pop",103
"moroccan rap, moroccan pop, arabic hip hop",103
"atl hip hop, melodic rap, rap, trap",102
urbano espanol,102
"hip hop, rap",101
"lithuanian hip hop, lithuanian pop",101
"finnish pop, iskelma",101
"detroit hip hop, hip hop, rap",100
"french hip hop, old school rap francais, pop urbaine, rap conscient",100
"trap latino, reggaeton, urbano latino",100
"trap latino, dembow, reggaeton, trap",100
merengue,99
"colombian pop, pop urbano",99
"panamanian pop, reggaeton, trap latino, urbano latino",98
"c-pop, mandopop, taiwan pop, zhongguo feng",98
"funk, funk rock",98
"cantopop, c-pop",96
japanese teen pop,95
"conscious hip hop, hip hop, pop rap, rap",93
"belgian hip hop, french hip hop, pop urbaine, r&b francais, rap belge, rap conscient",93
"agronejo, arrocha, musica tocantinense, sertanejo, sertanejo universitario",92
russian pop,92
magyar trap,92
"arrocha, sertanejo, sertanejo pop, sertanejo universitario",91
"pop urbaine, r&b francais",91
"italian hip hop, italian pop, rap genovese, trap italiana",91
"grime, uk hip hop",90
"polish pop, polish viral pop",90
nederpop,90
"chilean trap, reggaeton chileno, chilean mambo, mambo",90
"turkish alt pop, turkish rock",88
swedish trap pop,88
"polish drill, polish hip hop, polish trap",88
"dansk rap, dansktop, dansk pop",88
"trap latino, trap",88
"hungarian hip hop, magyar trap",87
"turkish hip hop, turkish pop",86
"v-pop, vietnamese singer-songwriter",86
"french rap, pop urbaine, french r&b",86
"corrido, corridos tumbados, corridos belicos, musica mexicana, sad sierreno, banda",86
"colombian pop, latin pop, reggaeton, reggaeton colombiano, urbano latino",85
"j-pop, japanese teen pop",85
"latin arena pop, latin pop, mexican pop",85
disco polo,85
"turkish pop, turkish rock",85
"melodic drill, uk hip hop",84
"italian adult pop, italian pop, rap napoletano, rome indie",84
"fotbollslatar, swedish idol pop, swedish pop, swedish pop rap",84
"italian hip hop, italian pop, rap napoletano, trap italiana",83
"k-pop, k-pop girl group, pop",83
k-pop boy group,83
thai pop,83
czech pop,83
"russian hip hop, russian pop",83
"pop, singer-songwriter pop, uk pop",82
"drill espanol, urbano espanol",82
finnish drill,82
"czech hip hop, czsk emo rap, czsk hip hop",82
"finnish dance pop, finnish hip hop, finnish pop, suomi rock",82
"colombian pop, pop reggaeton, reggaeton colombiano, trap latino, urbano latino",81
"thai hip hop, thai trap",81
"finnish pop, iskelma, suomi rock",81
"norwegian hip hop, norwegian pop",81
k-ballad,81
"chicago rap, melodic rap, rap",80
reggaeton chileno,80
"colombian pop, dance pop, latin pop, pop",80
turkish rock,80
"czsk emo rap, czsk hip hop",80
"german hip hop, german trap",80
"antilliaanse rap, dutch hip hop",80
viral afropop,80
portuguese hip hop,80
"italian hip hop, italian pop, italian underground hip hop, rap sardegna",79
"atl hip hop, hip hop, rap",78
"edm, pop, pop dance, tropical house",77
"atl hip hop, atl trap, rap, trap",77
"anime, j-pop",77
"german hip hop, swedish hip hop",77
"private school piano, amapiano, 3 step, gqom",77
future house,77
trap brasileiro,76
"trap argentino, trap triste",76
"atl hip hop, hip hop, pop rap, rap, trap",76
turbo folk,76
"german hip hop, turkish hip hop",76
"italian hip hop, italian pop, rome indie",76
"phonk, brazilian phonk",76
"desi hip hop, filmi, tamil hip hop",75
"french hip hop, pop urbaine, r&b francais, rap francais, rap marseille",75
"afrobeats, afropop, nigerian pop",75
"sertanejo, sertanejo universitario",74
"afrobeats, afropop, azonto, nigerian hip hop, nigerian pop",74
"k-rap, korean r&b",74
"israeli mediterranean, israeli pop, mizrahi, persian pop",74
"deep german hip hop, german hip hop, hamburg hip hop",74
"mandopop, taiwan hip hop",74
"reggaeton chileno, chilean trap",74
"trap latino, reggaeton",74
"brass band, banda",74
"danish pop, scandipop",73
"funk pop, funk rj, pagode baiano, pop, pop nacional",73
"german alternative rap, german drill, german hip hop",73
"colombian pop, latin pop, reggaeton, reggaeton colombiano, trap latino, urbano latino",73
"dance pop, edm, pop, pop dance",73
salsa,73
bachata,73
"argentine hip hop, pop venezolano, trap argentino, trap latino, urbano latino",72
"big room, dance pop, edm, pop, pop dance",72
"contemporary country, country, country road, modern country rock",72
"spanish pop, spanish pop rock",72
polish viral pop,72
"belgian hip hop, cloud rap francais, french hip hop, pop urbaine, rap belge",72
"greek hip hop, greek underground rap",72
moroccan pop,72
"afro soul, south african pop",72
"reggaeton, latin, urbano latino",71
irish pop,71
"cloud rap francais, french hip hop, pop urbaine, rap conscient, rap francais",71
"pop, post-teen pop",70
"pop reggaeton, reggaeton, trap latino, urbano latino",70
"frauenrap, german hip hop",70
"swedish drill, swedish hip hop, swedish trap pop",70
albanian pop,70
filmi,70
"italian hip hop, rap siciliano, trap italiana",70
"dancehall, soca, riddim, reggae",70
"conscious hip hop, hip hop, north carolina hip hop, rap",69
"italian adult pop, italian pop, rome indie",69
nz reggae,69
"dansk pop, dansktop",69
pop argentino,68
r&b francais,68
candombe,68
"dembow, urbano latino, latin",68
"canadian contemporary r&b, canadian pop, pop",67
"afroswing, grime, uk hip hop",67
"latin alternative, reggae uruguayo, rock en espanol, rock uruguayo",67
"reggaeton, trap colombiano, trap latino, urbano latino",66
"turkce drill, turkish hip hop",66
"k-pop, k-rap",66
"desi hip hop, punjabi pop",66
arabesk,66
"amapiano, barcadi",66
"french pop, rap conscient",66
"hungarian pop, magyar trap",66
"russian drain, russian hip hop, russian trap",66
hungarian hip hop,66
"latin hip hop, rap boricua, reggaeton, trap latino, urbano latino",65
uk pop,65
"malaysian mandopop, mandopop",65
"deep german hip hop, german hip hop",65
"arab pop, belly dance, egyptian pop, persian pop, rif",65
"egyptian hip hop, egyptian pop, egyptian trap",65
"c-pop, cantopop, mandopop",65
"classic israeli pop, israeli rock",65
"laiko, entehno",65
electro house,64
"hip pop, pop, queens hip hop, rap",64
"banda, musica mexicana, norteno",64
pop urbaine,64
"frauenrap, german hip hop, german pop",64
"finnish dance pop, finnish hip hop, finnish pop, finnish trap",64
"corrido, corridos tumbados, corridos belicos, musica mexicana, sad sierreno, sierreno, banda",64
"canadian hip hop, canadian trap, melodic rap, pop rap, r&b, rap, trap",63
"italian hip hop, italian pop, trap italiana, trap latino",63
ukrainian viral pop,63
cumbia peruana,63
"israeli hip hop, israeli trap",63
"classic swedish pop, swedish pop, swedish singer-songwriter",63
"finnish dance pop, finnish pop, suomi rock",63
"french rap, french r&b, french pop, pop urbaine",63
"reggaeton, trap latino, dembow, urbano latino",63
"dance pop, miami hip hop, pop",62
"indonesian pop, indonesian pop rock",62
"agronejo, arrocha, pop nacional, sertanejo, sertanejo universitario",62
"bachata, bachata dominicana, latin hip hop, latin pop, tropical, urbano latino",62
"drill francais, french hip hop, pop urbaine, r&b francais, rap francais",62
"atl hip hop, atl trap, gangster rap, melodic rap, rap, trap",62
"turkish deep house, turkish pop",62
"french hip hop, french pop, r&b francais, rap conscient",62
"salsa, salsa puertorriquena, tropical",62
"arrocha, forro",62
5th gen k-pop,62
"danish pop, danish pop rock",62
pop dance,61
"dfw rap, melodic rap, pop, rap",61
colombian pop,61
"hip hop, melodic rap, philly rap, rage rap, rap",61
"desi hip hop, pakistani hip hop, punjabi hip hop, punjabi pop",61
southern hip hop,61
"basshall, pop urbaine, r&b francais",61
"cloud rap francais, french hip hop, pop urbaine, rap conscient",61
"banda, corrido, musica mexicana, norteno, sierreno",61
"drill francais, french hip hop, pop urbaine",61
"mandopop, singaporean mandopop, singaporean pop",61
"italian trap, concerto",61
"turkish pop, t-pop",61
trap argentino,60
"indie pop rap, oakland hip hop, pop rap, rap",60
lustrum,60
"israeli mediterranean, mizrahi",60
"lithuanian hip hop, lithuanian trap",60
haryanvi pop,60
"brazilian funk, trap funk, funk consciente",60
"hip hop, miami hip hop, pop rap, rap",59
"girl group, pop, talent show, uk pop",59
"k-pop, korean r&b",59
"alt z, norwegian pop, pop, uk pop",59
"classic italian pop, italian adult pop",59
korean pop,59
"khaleeji iraqi, khaliji",59
"russian alt pop, russian hip hop",59
latin afrobeats,59
"bachata, merengue",59
"j-pop, japanese singer-songwriter, japanese teen pop",58
country,58
dutch rap pop,58
"romanian rap, romanian trap",58
"russian emo rap, russian hip hop, russian trap",58
"italian hip hop, italian indie pop, italian pop, trap italiana",58
"italian hip hop, italian underground hip hop",58
"egyptian pop, khaleeji",58
"hip hop, west coast hip hop",58
singer-songwriter pop,57
"rap dominicano, reggaeton, trap latino, urbano latino",57
"canadian hip hop, canadian trap, melodic rap, rap, trap",57
"arrocha, forro, sertanejo, sertanejo universitario",57
"italian adult pop, italian hip hop, italian pop",57
"norwegian hip hop, norwegian pop, russelater",57
"french hip hop, pop urbaine, r&b francais, rap algerien",56
"trap chileno, urbano chileno",56
shatta,56
"bulgarian hip hop, bulgarian pop, bulgarian trap",56
"egyptian pop, mahraganat",56
finnish dance pop,56
indie,56
"reggaeton, trap latino, latin, urbano latino",56
argentine trap,55
"latin pop, puerto rican pop",55
drill italiana,55
"latin talent show, latin viral pop, spanish pop",55
"indie viet, v-pop",55
"estonian hip hop, estonian pop",55
greek underground rap,55
nigerian pop,55
"russelater, swedish eurodance",55
"rap maroc, trap maroc",55
"chicha, cumbia",55
corrido,54
"conscious hip hop, hip hop, rap, west coast rap",54
"reggaeton chileno, urbano chileno",54
"modern alternative rock, modern rock, pop, pov: indie, rock",54
vallenato,54
"finnish dance pop, finnish hip hop, finnish pop, iskelma",54
"dutch pop, dutch rock",54
"swedish drill, swedish hip hop, swedish reggae, swedish trap, swedish trap pop",54
"czech hip hop, czech pop, czsk hip hop",54
"latin arena pop, latin pop, spanish pop",54
"arabic hip hop, north moroccan rap, rap maroc",54
"turkish hip hop, drill",54
"dembow, trap latino",54
"rap ivoire, coupe decale",54
"corrido, corridos tumbados, sad sierreno, sierreno",53
urbano latino,53
"modern rock, pop, rock",53
australian hip hop,53
"polish pop, talent show",53
"t-pop, thai hip hop",53
"french hip hop, old school rap francais, rap conscient",53
"dutch hip hop, dutch pop",53
"hip hop tuga, rap criolo",53
n,53
a,53
"edm, progressive house, electronica",53
"corrido, corridos tumbados, corridos belicos, sierreno, musica mexicana, banda, sad sierreno, electro corridos",53
"flamenco urbano, urbano espanol",52
cumbia chilena,52
"greek drill, greek hip hop",52
viral pop,51
australian pop,51
turkce drill,51
melodic rap,51
"latin pop, modern salsa, salsa, tropical",51
chinese viral pop,51
"panamanian pop, reggaeton, urbano latino",51
"colombian pop, vallenato, vallenato moderno",51
"israeli hip hop, israeli pop",51
"norwegian indie, norwegian pop",51
"classic pakistani pop, filmi, modern bollywood, sufi",51
"reggaeton, colombian pop, pop urbano",51
"v-pop, vietnam indie, vietnamese hip hop, vinahouse",51
rap uruguayo,50
"pop, r&b, rap",50
turkish trap pop,50
"german hip hop, german r&b",50
"anime, anime rock, j-pop",50
"trap boricua, trap latino, urbano latino",50
"belgian hip hop, french hip hop",50
disco,50
"pop, r&b en espanol",50
"finnish dance pop, finnish pop, iskelma",50
"moroccan pop, rif",50
thai hip hop,50
"punjabi pop, punjabi hip hop, bhangra, desi hip hop, desi",50
"trap latino, reggaeton, urbano latino, trap",50
"corridos tumbados, corrido, corridos belicos, sad sierreno, sierreno, musica mexicana, banda",50
"cumbia, mambo",50
"rap ivoire, coupe decale, asakaa, french rap",50
"permanent wave, pop",49
"r&b en espanol, spanish hip hop, trap latino, urbano espanol, urbano latino",49
"dutch edm, edm, pop, pop dance, progressive house",49
cumbia 420,49
"pop, r&b",49
"hip hop, philly rap, pop rap, rap, southern hip hop, trap",49
"russian gangster rap, russian hip hop",49
"finnish hip hop, suomirap",49
"classic swedish pop, gothenburg indie, swedish indie rock, swedish pop",49
khaliji,49
"classic iskelma, finnish pop, iskelma, suomi rock",49
"afrobeats, afropop, azontobeats, nigerian pop",49
rai,49
romanian rap,49
"cuarteto, cumbia",49
"punjabi hip hop, punjabi pop, desi, bhangra, desi hip hop",49
"cumbia, cuarteto, rkt, turreo",49
"brostep, edm, pop, progressive electro house",48
"pop, scandipop, swedish electropop, swedish pop",48
emo rap,48
"bulgarian pop, bulgarian trap, chalga",48
"belarusian hip hop, russian hip hop",48
italian adult pop,48
"v-pop, vietnamese hip hop, vietnam indie",48
"latin house, afro house, techengue",48
"cumbia, cumbia sonidera",48
"cumbia, ska",48
rkt,47
flamenco urbano,47
"chinese singer-songwriter, mainland chinese pop, mandopop",47
"v-pop, vietnamese idol pop",47
"czech pop, czsk emo rap, czsk hip hop",47
"arabic hip hop, moroccan pop, rap maroc",47
"canadian pop, pop",46
"adult standards, easy listening, lounge",46
"brooklyn drill, rap",46
"afrobeats, azontobeats, dancehall, nigerian hip hop, nigerian pop",46
"cantautor, latin arena pop, latin pop",46
plena uruguaya,46
"italian adult pop, italian pop, italian reggae",46
"afrobeats, afropop, nigerian hip hop, nigerian pop",46
concerto,46
"italian trap, trap",46
pov: indie,45
"funk carioca, pop nacional",45
desi pop,45
"dutch house, edm, electro house, pop dance, progressive electro house, slap house",45
"cuarteto, cumbia, argentine trap",45
"italian hip hop, trap metal italiana",45
"ohio hip hop, pop rap",45
"birmingham grime, grime, instrumental grime, uk hip hop",45
"german alternative rap, german hip hop",45
"social media pop, uk hip hop",45
"italian hip hop, rap napoletano",45
belgian pop,45
"czech pop, czech pop rock",45
"belarusian hip hop, russian alt pop, russian hip hop",45
"turkish alt pop, turkish pop, turkish rock",45
"arabic hip hop, rap maroc, trap maroc",45
"norwegian pop, norwegian pop rap",45
"pagode, samba",45
"australian dance, australian pop, pop",44
"filmi, modern bollywood, punjabi pop",44
"art pop, dance pop, pop",44
"chicago rap, hip hop, rap",44
"dembow, dembow dominicano, rap dominicano, trap latino",44
"polish viral pop, polish viral rap",44
pop nacional,44
"russian emo rap, russian grime, russian hip hop",44
afrikaans,44
"russian grime, russian hip hop, russian trap",44
"moldovan pop, romanian pop",44
"east coast hip hop, hip hop, rap, trap",43
pop soul,43
"canadian pop, pop, viral pop",43
new school turkce rap,43
"argentine telepop, pop argentino",43
"russian dance, russian pop",43
"mandopop, taiwan indie",43
"german hip hop, german underground rap",43
"central asian hip hop, kazakh hip hop, russian hip hop, russian trap",43
kazakh viral pop,43
"swedish gangsta rap, swedish hip hop, swedish reggae, swedish trap pop",43
"christmas, adult standards",43
"corrido, corridos tumbados, corridos belicos, electro corridos, dembow belico, sad sierreno, sierreno",43
"dance pop, pop, uk pop",42
"corridos tumbados, sad sierreno",42
"electro house, pop nacional, slap house",42
"hip hop, new orleans rap, pop rap, rap, trap",42
"funk carioca, funk pop, funk rj, pagode baiano, pop nacional",42
sped up,42
drill francais,42
canadian hip hop,42
"rap underground espanol, spanish hip hop, urbano espanol",42
"albanian hip hop, german drill, german hip hop",42
"dutch house, edm, electro house, pop dance",42
"norwegian pop, talentkonkurranse",42
"icelandic hip hop, icelandic indie, icelandic pop",42
"finnish dance pop, finnish hip hop, finnish pop, iskelma, suomi rock",42
"drill italiana, italian hip hop, trap italiana",42
sheilat,42
"sertanejo, sertanejo universitario, arrocha, agronejo",42
"french rap, french r&b, pop urbaine",42
"reggaeton mexa, reggaeton",42
"contemporary country, country, country road",41
techengue,41
"polish hip hop, polish trap, rap motywacja",41
dominican pop,41
"manele, romanian pop",41
egyptian trap,41
"reggaeton chileno, chilean trap, chilean mambo, mambo",41
"desi, indian indie",41
"portuguese hip hop, kizomba",41
"corridos tumbados, corrido, corridos belicos, sierreno, sad sierreno, electro corridos, musica mexicana, banda",41
"dance pop, pop, urban contemporary",40
alt z,40
"corrido, corridos tumbados, musica mexicana, sad sierreno, sierreno",40
latin alternative,40
"beatlesque, britpop, madchester, permanent wave, rock",40
"atl hip hop, dirty south rap, hip hop, pop rap, rap, southern hip hop, trap",40
"cologne indie, german singer-songwriter",40
hypertechno,40
"italian adult pop, italian hip hop, italian pop, pop virale italiano, rap napoletano",40
"agronejo, sertanejo, sertanejo pop, sertanejo universitario",40
chinese r&b,40
"norwegian pop, russelater",40
egyptian pop,40
israeli hip hop,40
kazakh pop,40
"fotbollslatar, russelater",40
"reggaeton, latin, urbano latino, bachata",40
"indonesian jazz, indonesian pop, indonesian singer-songwriter",39
"trap argentino, trap latino, urbano latino",39
"folk-pop, irish pop, uk pop",39
"reggaeton, reggaeton flow, urbano latino",39
"electropop, etherpop, indie poptimism, pop",39
"latin pop, latin viral pop, pop argentino",39
"reggaeton flow, trap latino, urbano latino",39
"albanian hip hop, albanian pop, kosovan pop",39
"dance pop, funk carioca, funk pop, pop lgbtq+ brasileira, pop nacional",39
"bulgarian pop, bulgarian trap",39
"classic swedish pop, swedish idol pop, swedish pop",39
"c-pop, cantopop",39
"afrobeats, nigerian hip hop, nigerian pop",39
"paraguayan rock, pop paraguayo",39
"arabesk, turkish pop",39
"reggaeton, popular colombian music, trap latino",39
"french rap, french r&b",39
"finnish pop, finnish hip hop",39
"cantopop, c-pop, mandopop",39
"salsa, merengue",39
bedroom pop,38
"k-pop, pop",38
"chicago rap, rap",38
"t-pop, thai indie rock",38
eurodance,38
"cloud rap francais, french hip hop, pop urbaine",38
"frauenrap, german hip hop, kosovan pop, romanian pop",38
"estonian pop, estonian rock",38
"arab pop, lebanese pop",38
hyperpop,38
kizomba,38
"house, tech house",38
drill,38
"v-pop, vietnamese hip hop, vietnam indie, vinahouse",38
punjabi hip hop,37
"argentine hip hop, bases de freestyle, trap argentino, trap latino, urbano latino",37
"argentine hip hop, r&b argentino, trap argentino, trap latino, urbano latino",37
"alt z, electropop, pop",37
"colombian pop, latin pop, vallenato",37
scandipop,37
"argentine indie, trap argentino",37
"australian dance, australian electropop, australian indie, downtempo, edm, indietronica",37
cuarteto,37
"t-pop, thai pop, thai rock",37
greek pop,37
"hk-pop, hong kong hip hop",37
"chanson, french pop",37
"russian hip hop, russian viral rap",37
canadian pop,37
deep tropical house,37
"bulgarian hip hop, bulgarian pop, chalga",37
"dembow dominicano, trap dominicano",37
childrens music,37
"russian dance, russian hip hop, russian pop",37
"mandopop, singaporean mandopop, singaporean pop, singaporean singer-songwriter",37
"indie viet, rock viet, v-pop",37
"j-pop, anime, j-rock",37
"mahraganat, egyptian pop, egyptian shaabi, egyptian hip hop",37
"malay, malay pop, malaysian pop",37
"popular colombian music, ranchera, vallenato",37
"reggaeton, urbano latino, trap latino, argentine trap",37
"dancehall, soca, riddim",37
agronejo,36
"desi pop, filmi, gujarati pop, modern bollywood",36
forro,36
"dancefloor dnb, drum and bass, uk dance",36
turkish trap,36
"album rock, art rock, classic rock, progressive rock, psychedelic rock, rock, symphonic rock",36
"hip hop, north carolina hip hop, pop rap, rap, trap",36
pop edm,36
"pop, pop r&b",36
"uk drill, uk hip hop",36
chill r&b,36
"v-pop, vietnamese idol pop, vietnamese melodic rap",36
"german hip hop, kurdish hip hop",36
"latin hip hop, rap latina, reggaeton, trap latino, urbano latino",36
"kavkaz, russian emo rap, russian grime, russian hip hop, russian trap",36
"c-pop, cantopop, classic cantopop",36
"italian pop, trap italiana",36
"norwegian hip hop, norwegian pop, norwegian pop rap",36
"polish alternative, polish pop",36
"manele, romanian trap",36
epadunk,36
"mahraganat, egyptian pop, egyptian shaabi",36
"dance pop, edm, electro house, moombahton, pop, pop dance",35
"british soul, pop, pop soul, uk pop",35
"pop venezolano, reggaeton, trap latino, urbano latino",35
"indie viet, rock viet, v-pop, vietnamese singer-songwriter",35
"rap canario, urbano espanol",35
australian indie,35
"latin viral pop, urbano mexicano",35
"cloud rap, german cloud rap, german hip hop, phonk",35
israeli rock,35
"basshall, turkish hip hop, turkish trap",35
"agronejo, arrocha, forro, piseiro, sertanejo universitario",35
"anime, classic j-pop, j-pop, japanese singer-songwriter",35
"cantopop, hk-pop, hong kong indie",35
"khaliji, sheilat",35
taiwan pop,35
dansk pop,35
"egyptian hip hop, arabic hip hop, mahraganat, egyptian pop",35
"crunk, southern hip hop",35
latin,35
"belgian dance, belgian edm, big room, dutch house, edm, electro house, pop dance, progressive electro house",34
"pop, viral pop",34
gym phonk,34
sertanejo pop,34
rock uruguayo,34
"drill chileno, urbano chileno, urbano latino",34
funk carioca,34
"bergamo indie, italian indie pop, italian pop, milan indie",34
"emo rap italiano, italian hip hop",34
viet chill rap,34
la pop,34
"j-pop, j-rock, visual kei",34
"funk carioca, sertanejo, sertanejo pop, sertanejo universitario",34
lithuanian trap,34
"dutch hip hop, rap belge",34
"czech hip hop, czsk hip hop, czsk reggae",34
"cantautor, latin arena pop, spanish indie pop, spanish pop, spanish rock",34
"hungarian indie, hungarian pop, hungarian rock, magyar alternative",34
"hungarian edm, hungarian hip hop, hungarian pop, magyar trap",34
"funk carioca, italian hip hop, italian pop",34
"dutch hip hop, dutch trap",34
"nz pop, nz reggae",34
"afro soul, south african pop, south african pop dance",34
"ukrainian pop, ukrainian rock",34
russian alt pop,34
gospel,34
brazilian funk,34
"v-pop, vietnam indie",34
"cumbia, cumbia sonidera, salsa",34
"chilean trap, reggaeton chileno, chilean mambo",34
"neo-psychedelic, indie",34
"reggaeton chileno, reggaeton, neoperreo, trap latino",34
"funk carioca, funk rj",33
"australian pop, pop, viral pop",33
"pagode, pagode novo, sertanejo universitario",33
"desi pop, modern bollywood",33
"hip hop, pop rap, rap, southern hip hop, trap",33
"bachata, latin pop, tropical",33
"r&b en espanol, reggaeton, trap latino, urbano latino",33
"brazilian hip hop, trap brasileiro",33
"classic swedish pop, swedish alternative rock, swedish indie rock, swedish pop",33
"pop dance, tropical house",33
"norwegian pop rap, norwegian trap",33
tollywood,33
"deep german hip hop, german cloud rap",33
"german alternative rap, german pop",33
"classic swedish pop, swedish idol pop, swedish pop, swedish pop rap",33
"greek drill, greek underground rap",33
"polish hip hop, rap uliczny",33
latin talent show,33
"cyber metal, finnish metal",33
"moroccan pop, rap maroc",33
"desi hip hop, pakistani hip hop, urdu hip hop",33
"russian drain, russian hip hop",33
"trap latino, urbano latino, trap",33
"french r&b, french rap",33
"hard techno, tekno, techno, gabber, acid techno",33
gen z singer-songwriter,32
"pop rap, seattle hip hop",32
"emo rap, miami hip hop, rap",32
"indie rock italiano, italian pop",32
"pinoy hip hop, tagalog rap",32
"classic j-pop, j-pop, j-rock",32
"turkish alternative rock, turkish rock",32
j-pop boy group,32
tekk,32
"cumbia pop, pop argentino",32
salsa choke,32
"finnish drill, finnish trap",32
"hip hop quebecois, rap montrealais",32
"belgian pop, french pop, variete francaise",32
egyptian viral pop,32
"dutch drill, dutch hip hop",32
k-pop ballad,32
"folk pop, manele",32
"contemporary country, country",31
"melodic drill, r&drill",31
alternative r&b,31
"colombian pop, latin viral pop",31
"r&b brasileiro, rap cearense, trap brasileiro",31
"girl group, pop, talent show",31
"detroit hip hop, hip hop, pop rap, r&b, rap, southern hip hop, trap",31
"j-pop, japanese soul",31
reggaeton flow,31
"spanish hip hop, spanish pop",31
rap francais,31
"dance pop, gauze pop, pop, pop dance, uk pop",31
"dance pop, metropopolis, pop, swedish electropop, swedish pop, swedish synthpop",31
bulgarian pop,31
"balkan hip hop, turbo folk",31
nz pop,31
"german cloud rap, german hip hop, hamburg hip hop",31
hip hop quebecois,31
"icelandic electronic, icelandic pop",31
"czsk hip hop, czsk viral pop, slovak hip hop",31
"adult standards, canadian pop, jazz pop, lounge",31
norwegian country,31
east coast hip hop,31
peruvian rock,31
"albanian pop, kosovan pop",31
"mexican hip hop, latin hip hop",31
neoperreo,31
"cantopop, c-pop, taiwanese pop",31
"electro corridos, dembow belico, corrido, corridos tumbados",31
"hip hop, rap, slap house",30
pop reggaeton,30
"funk consciente, funk paulista",30
slap house,30
funk mtg,30
pop rap brasileiro,30
"hip hop, pop rap",30
house,30
"belgian pop, g-house",30
"colombian pop, latin pop",30
"desi hip hop, desi trap, hindi hip hop",30
"latin pop, latin viral pop, mexican pop",30
rap ivoire,30
trot,30
funk paulista,30
"drill espanol, trap latino, trap triste, urbano espanol, urbano latino",30
"funk carioca, funk ostentacao",30
"norwegian pop, scandipop",30
indonesian hip hop,30
"arabic hip hop, french hip hop, pop urbaine, rap algerien, rap francais",30
"russian hip hop, zhenskiy rep",30
"melodipop, swedish pop",30
"baltic post-punk, lithuanian indie, lithuanian pop",30
talentkonkurrence,30
"banda, corrido, musica mexicana, norteno, sad sierreno, sierreno",30
"k-pop, k-rap, korean r&b",30
"hungarian rock, magyar alternative",30
"italian hip hop, r&b italiano",30
"afrobeats, alte, nigerian pop",30
talentkonkurranse,30
"egyptian pop, khaleeji, mahraganat",30
"finnish pop, iskelma, finnish hip hop",30
"epadunk, norwegian pop, russelater",30
"old school hip hop, east coast hip hop",30
"italian singer-songwriter, italo dance",30
"asakaa, ghanaian hip hop, hiplife",30
"g-funk, west coast hip hop",30
"dance pop, pop, pop rap",29
"alt z, pop",29
phonk brasileiro,29
lgbtq+ hip hop,29
"deep euro house, deep house, edm, german dance, pop dance, tropical house",29
"melodic rap, trap",29
stutter house,29
classic oklahoma country,29
"modern folk rock, modern rock, neo mellow, stomp and holler, uk americana",29
electropop,29
"afrofuturismo brasileiro, brazilian hip hop, rap mineiro",29
"chinese r&b, mandopop, taiwan singer-songwriter",29
"turkce kadin rap, turkish hip hop, turkish trap",29
drill espanol,29
cueca chilena,29
russian drain,29
"austropop, german indie",29
"russian alt pop, russian electronic",29
"drill francais, french hip hop, melodic drill, pop urbaine",29
"electropop, norwegian pop",29
"egyptian alternative, egyptian pop",29
"finnish hip hop, suomi rock",29
"desi hip hop, desi pop, punjabi pop",29
"desi pop, filmi, punjabi pop",29
south african trap,29
"nederpop, hollands",29
"french r&b, pop urbaine",29
"turkish pop, arabesk",29
"afro adura, afrobeats, afrobeat, afropiano, afropop",29
"reggaeton chileno, chilean mambo, chilean trap, mambo, rkt",29
"tech house, house",29
"afrobeats, afrobeat, afropop, azonto, afroswing, afro r&b, afropiano",29
"norteno, corrido, ranchera, bolero, banda, grupera, musica mexicana",29
"piano rock, pop",28
"atl hip hop, plugg, pluggnb, rage rap, rap",28
"gangster rap, hip hop, pop rap, rap, southern hip hop, trap",28
"afrobeats, afropop, azontobeats, ghanaian hip hop, nigerian pop",28
"modern salsa, salsa",28
movie tunes,28
"dutch house, dutch trance, edm, pop dance, progressive house, trance",28
"neoperreo, rap catala, rap latina, trap catala, urbano espanol, urbano latino",28
vietnamese hip hop,28
"irish singer-songwriter, modern rock, pov: indie",28
"colombian pop, musica popular colombiana",28
"vietnamese hip hop, vietnamese melodic rap, vietnamese trap",28
"indie viet, v-pop, vietnamese hip hop, vietnamese trap",28
belgian hip hop,28
"grime, uk hip hop, ukg revival",28
"big room, nordic house",28
"desi hip hop, desi trap, filmi, modern bollywood",28
"albanian hip hop, albanian pop, german hip hop, kosovan pop, turbo folk",28
"merengue, salsa",28
"turkish hip hop, turkish rock",28
"arab pop, khaleeji iraqi, khaliji",28
"finnish indie, suomi rock",28
"indonesian pop, indonesian r&b, indonesian singer-songwriter",28
"dutch pop, dutch rap pop",28
"kasi rap, south african hip hop, south african pop",28
thai rock,28
"ukrainian pop, ukrainian viral pop",28
"finnish pop, finnish rock, iskelma",28
"brazilian funk, funk pop, funk carioca, brazilian pop, brega funk",28
"finnish pop, iskelma, finnish rock",28
"afrobeats, nigerian drill, afrobeat, alte, afropiano, afropop, afro adura",28
"trap latino, trap, dembow, reggaeton",28
"rap ivoire, coupe decale, ndombolo",28
contemporary country,27
"alternative metal, alternative rock, modern rock, permanent wave, post-grunge, rock",27
"alternative hip hop, modern rock, rock",27
drift phonk,27
"dance pop, edm, electro house, house, pop, progressive house, uk dance",27
"dance pop, pop, talent show",27
"metropopolis, modern rock, pop",27
pop virale italiano,27
"argentine hip hop, trap argentino, trap latino, urbano latino",27
"hip hop, ohio hip hop, pop rap, rap",27
"latin pop, rap latina, reggaeton, urbano latino",27
"trap chileno, urbano chileno, urbano latino",27
"argentine rock, latin alternative, latin rock, rock en espanol",27
"banda, musica mexicana, norteno, sierreno",27
"estonian hip hop, russian hip hop, russian trap, uzbek pop",27
electro latino,27
"finnish drill, finnish hip hop",27
"bachata, bachata dominicana",27
"power metal, swedish metal, swedish power metal",27
"manchester hip hop, uk hip hop",27
pop venezolano,27
"danish pop, scandinavian r&b",27
pop costarricense,27
"russian pop, ukrainian pop",27
"lithuanian edm, lithuanian pop",27
"vallenato, vallenato moderno",27
"hip hop tuga, musica madeirense",27
mainland chinese pop,27
"arab pop, egyptian pop, shaabi",27
"arab pop, egyptian alternative, egyptian pop",27
"icelandic electronic, icelandic hip hop",27
"j-acoustic, j-pop",27
"polish alternative rap, polish hip hop",27
"t-pop, thai indie pop, thai pop",27
"mainland chinese pop, mandopop",27
"german indie, german indie pop, german pop",27
soft pop,27
afropop,27
"kizomba, zouk, kuduro",27
"mahraganat, egyptian pop, egyptian hip hop",27
"maskandi, traditional music",27
"chinese hip hop, taiwanese pop, chinese r&b, mandopop, c-pop",27
"alternative metal, nu metal, post-grunge, rap metal, rock",26
"r&b, rap, urban contemporary",26
"east coast hip hop, gangster rap, hip hop, pop rap, rap",26
"hip pop, pop",26
"hip hop, pittsburgh rap, rap",26
"belgian edm, edm, pop dance, tropical house",26
hollywood,26
"latin pop, latin viral pop, rap latina, reggaeton, trap latino, urbano latino",26
uk dance,26
"alternative rock, modern rock, permanent wave, rock",26
mollywood,26
"latin arena pop, latin pop, spanish pop, spanish pop rock",26
"frauenrap, german drill, german hip hop",26
"cancion melodica, latin pop, mariachi, musica mexicana, ranchera",26
"cumbia pop, cumbia villera",26
indie pop rap,26
"folk brasileiro, mpb, nova mpb",26
"big room, dutch house, edm, electro house, pop dance, progressive electro house, progressive house",26
"argentine telepop, folklore argentino, pop argentino",26
"danish electronic, scandipop",26
"israeli mediterranean, israeli pop",26
"czech pop, czsk hip hop, czsk viral pop",26
"icelandic pop, icelandic singer-songwriter",26
"norwegian hip hop, norwegian pop rap, norwegian trap",26
"folk brasileiro, musica tocantinense, nova mpb, pop lgbtq+ brasileira, pop nacional",26
"arab alternative, egyptian alternative, egyptian pop, egyptian rock",26
"chinese r&b, mandopop",26
"israeli pop, jewish pop",26
"italian hip hop, italian indie pop, italian pop, r&b italiano, rap napoletano",26
afro house,26
"trap, manele",26
"reggaeton chileno, chilean trap, chilean mambo, reggaeton",26
"merengue, bachata",26
"rap canario, trap latino, urbano latino",25
"boy band, dance pop, pop",25
"barbadian pop, pop, urban contemporary",25
dance pop,25
"funk carioca, funk das antigas, sertanejo universitario",25
indonesian r&b,25
pop rap,25
"hip hop, pittsburgh rap, pop rap, rap, southern hip hop, trap",25
"funk bh, funk mtg",25
"neo mellow, singer-songwriter",25
"trap brasileiro, trap funk",25
"agronejo, sertanejo pop",25
"italian pop, rome indie",25
korean r&b,25
"drill espanol, flamenco urbano, urbano espanol, urbano latino",25
"belgian indie, belgian pop",25
"agronejo, arrocha, arrochadeira, sertanejo, sertanejo universitario",25
"classic colombian pop, cumbia, musica popular colombiana",25
"dutch hip hop, ritmo kombina",25
"k-rap, korean underground rap",25
"t-pop, t-pop boy group",25
"filmi, hindi hip hop, modern bollywood",25
"russian drill, russian trap metal",25
"latvian indie, latvian pop",25
"turkish pop, turkish rock, turkish singer-songwriter",25
"finnish heavy metal, finnish metal, finnish progressive metal, finnish punk, progressive thrash, suomi rock",25
"drill italiana, italian hip hop",25
"j-idol, j-pop, j-pop girl group",25
"j-division, j-pop, j-pop boy group",25
"hip hop tuga, portuguese pop, reggae tuga",25
"moroccan pop, rai",25
"afro drill, afrobeats, nigerian pop",25
"chinese indie, mandopop, taiwan indie, taiwan pop, taiwan singer-songwriter",25
"mandopop, taiwan indie, taiwan punk",25
"karadeniz pop, turkish pop",25
musicals,25
"dansk rap, dansk pop",25
"finnish pop, finnish hip hop, iskelma",25
"afrobeats, afrobeat, afropop, afropiano, azonto, amapiano, hiplife, afroswing, afro r&b",25
"j-pop, anime",25
"argentine trap, cuarteto, cumbia",25
"canzone napoletana, concerto, italian trap, neomelodico",25
"shatta, dancehall",25
"lullaby, chanson",25
"norteno, cumbia nortena, corrido, grupera, ranchera, bolero, banda, tejano",25
"art pop, candy pop, metropopolis, pop, uk pop",24
"corrido, corridos tumbados, sierreno",24
"adult standards, easy listening, lounge, vocal jazz",24
"hard rock, metal, old school thrash, rock, thrash metal",24
rage rap,24
"brooklyn drill, melodic rap, nyc rap, rap",24
"cloud rap, emo rap, lgbtq+ hip hop",24
"pop, uk dance, uk funky",24
"indietronica, metropopolis, pop, uk pop",24
europop,24
"latin hip hop, mexican hip hop",24
"colombian pop, latin pop, latin viral pop, reggaeton colombiano",24
"funk consciente, trap brasileiro, trap funk",24
"edm, electronic trap, pop, pop dance",24
"pluggnb, rage rap",24
pop r&b,24
"funk carioca, funk ostentacao, funk pop, sertanejo universitario",24
"t-pop, t-pop girl group",24
"funk carioca, funk ostentacao, funk paulista",24
"art pop, metropopolis, nz pop, pop",24
"german pop, hamburg hip hop",24
"boy band, latin pop, reggaeton, urbano latino",24
"polish hip hop, polish pop",24
"dutch pop, nederreggae",24
nederlandse hardstyle,24
"aussie drill, london rap, melodic drill, uk hip hop",24
"danish alternative rock, danish pop, danish post-punk, danish rock",24
latin viral pop,24
"pop flamenco, spanish pop",24
classic swedish pop,24
"arab pop, mahraganat",24
"classic icelandic pop, icelandic pop, icelandic rock, icelandic singer-songwriter",24
"italian pop, pop virale italiano",24
"dutch indie, dutch pop, lustrum",24
"afro soul, kasi rap, south african hip hop, south african pop, south african trap",24
"azeri rap, turkish hip hop",24
"finnish hip hop, finnish pop, iskelma",24
"agronejo, sertanejo, sertanejo universitario, piseiro",24
"vietnamese hip hop, v-pop, vietnam indie",24
latin hip hop,24
"corrido, corridos tumbados, corridos belicos, electro corridos, dembow belico, musica mexicana",24
"celtic, ambient folk, medieval",24
"reggae, nz reggae",24
"southern hip hop, crunk",24
"funk 150 bpm, funk carioca, funk rj",23
"pagode, pagode novo",23
"dance pop, edm, electro house, house, pop, pop dance, progressive house, uk dance",23
"dance pop, miami hip hop, pop, pop rap",23
"trap latino, urbano espanol, urbano latino",23
"r&b, uk contemporary r&b",23
"mariachi, musica mexicana, ranchera",23
"funk carioca, funk consciente, funk mtg, funk paulista",23
"arab pop, moroccan pop, rif, shaabi",23
"eurodance, europop",23
"latin pop, pop venezolano, reggaeton, urbano latino",23
"agronejo, arrocha, arrochadeira, forro",23
"afro r&b, afrobeats, alte, nigerian pop",23
"neo mellow, pop, uk pop",23
"desi pop, punjabi hip hop, punjabi pop",23
"chicago rap, conscious hip hop, hip hop, pop rap, rap",23
"la pop, opm",23
german dance,23
"pop nacional, sertanejo, sertanejo pop, sertanejo universitario",23
new french touch,23
"entehno, laiko",23
indonesian indie,23
"czech pop, czsk hip hop, slovak hip hop",23
"forro, piseiro",23
"dakke dak, danish pop",23
"chinese indie, chinese indie rock, hong kong indie, hong kong rock, twee pop",23
"dutch indie rock, dutch pop, dutch rock",23
"classic icelandic pop, icelandic pop, icelandic rock",23
"israeli mediterranean, israeli pop, israeli singer-songwriter",23
"j-rap, josei rap",23
"kazakh hip hop, russian hip hop",23
taiwan hip hop,23
"dansk rap, dansk pop, dansktop",23
"russelater, epadunk, norwegian hip hop, norwegian pop",23
"mandopop, c-pop, taiwanese pop",23
"gujarati pop, bollywood, hindi pop, desi, gujarati garba",23
"kizomba, zouk",23
"afrobeats, afrobeat, afropiano, afropop, afro adura, afro r&b",23
"salsa choke, rkt",23
"cumbia, tropical music",23
"trap latino, urbano latino, reggaeton",23
"djent, progressive metal, groove metal, metal, death metal, mathcore",23
"g-funk, west coast hip hop, old school hip hop, gangster rap",23
"g-funk, west coast hip hop, gangster rap, old school hip hop",23
"corrido, musica mexicana, sad sierreno, sierreno",22
modern country pop,22
previa,22
"dance pop, latin pop, mexican pop",22
"hawaiian hip hop, pop rap",22
"melodic rap, mississippi hip hop, pop rap, rap, trap",22
trap italiana,22
"rap latina, trap dominicano",22
"cumbia 420, cumbia pop, previa",22
"deep turkish pop, persian pop, turkish pop",22
"latin hip hop, reggaeton, urbano latino",22
"carnaval cadiz, pop flamenco, spanish pop",22
"alternative metal, groove metal, nu metal",22
"urbano chileno, urbano latino",22
"kentucky hip hop, r&b, rap",22
musica popular colombiana,22
"latin arena pop, latin pop, spanish pop rock",22
"latin pop, mexican pop",22
"mandopop, singaporean mandopop, singaporean pop, singaporean singer-songwriter, taiwan singer-songwriter",22
"greek drill, greek trap, greek underground rap",22
"dutch house, dutch pop",22
"french hip hop, french pop, rap marseille",22
"austropop, volkspop",22
"latin pop, pop chileno",22
kindermusik,22
"electro latino, spanish pop",22
"bulgarian pop, bulgarian r&b",22
"classic icelandic pop, icelandic rock",22
"arrocha, forro, forro de favela",22
"icelandic pop, sunnlensk tonlist",22
egyptian hip hop,22
"russian drill, russian hip hop",22
"hungarian pop, hungarian rock, magyar alternative",22
"classic icelandic pop, icelandic pop",22
"filmi, kollywood",22
"canzone dautore, canzone napoletana, classic italian pop, folk rock italiano, italian adult pop",22
underground hip hop,22
"swedish hip hop, swedish pop, swedish pop rap",22
thai viral pop,22
"sertanejo, sertanejo universitario, agronejo",22
"reggaeton chileno, chilean mambo, chilean trap, mambo",22
"v-pop, vietnam indie, vietnamese lo-fi",22
"trap latino, reggaeton, urbano latino, dembow",22
"old school hip hop, east coast hip hop, hip hop",22
"desi hip hop, desi pop, punjabi hip hop, punjabi pop",21
"corrido, norteno, sad sierreno",21
"modern rock, rock",21
"folk-pop, neo-singer-songwriter",21
"edm, pop dance, uk dance",21
"hip hop, pop rap, r&b, southern hip hop, trap, trap soul",21
"deep underground hip hop, kentucky hip hop, pop rap, rap",21
neo mellow,21
florida rap,21
"polish hip hop, polish pop, polish trap",21
"atl hip hop, hip hop, pop rap, rap, southern hip hop, trap",21
naija worship,21
"colombian pop, latin pop, r&b en espanol, reggaeton, reggaeton colombiano, urbano latino",21
"funk carioca, pagode, pagode novo, sertanejo universitario",21
"polish hip hop, polish viral pop",21
"edm, pop dance",21
boy band,21
"cantautor, latin arena pop, latin pop, mexican pop",21
"cloud rap francais, french hip hop, pop urbaine, rap antillais, trap antillais",21
"indie viet, v-pop, vietnamese hip hop, vietnamese melodic rap",21
"art rock, classic rock, glam rock, permanent wave, rock",21
"chicago drill, chicago rap, drill, hip hop, pop rap, rap, trap",21
"cubaton, reparto",21
"australian reggae fusion, australian surf rock, reggae fusion",21
"german hip hop, german r&b, german trap",21
"ukrainian hip hop, ukrainian pop, ukrainian viral pop",21
"german indie, german pop, german rock",21
"afrobeats, ghanaian pop, nigerian pop",21
"austropop, graz indie, volkspop",21
"belgian hip hop, cloud rap francais, french hip hop, pop urbaine, rap belge, rap francais",21
swedish idol pop,21
german alternative rap,21
"cantopop, hong kong indie",21
modern bollywood,21
"italian pop, pop virale italiano, rap genovese",21
"banda, grupera, musica mexicana, norteno, ranchera",21
"arab pop, classic arab pop, egyptian pop",21
k-pop reality show,21
"classic pakistani pop, desi pop, pakistani pop, sufi",21
"desi hip hop, hindi hip hop, pakistani hip hop, urdu hip hop",21
"classic latvian pop, latvian pop",21
"russian hip hop, russian rave",21
khaleeji iraqi,21
gulf hip hop,21
"classic swedish pop, swedish hip hop, swedish pop, swedish pop rap",21
"classic venezuelan pop, gaita zuliana",21
"russelater, epadunk",21
"rkt, turreo, guaracha",21
"electro corridos, dembow belico, corrido, corridos tumbados, corridos belicos",21
"corrido, corridos tumbados, corridos belicos, sierreno",21
"ranchera, cumbia nortena",21
"cumbia sonidera, cumbia, electrocumbia",21
"europop, swedish pop",20
"neo soul, pop, pop soul, urban contemporary",20
"dance pop, edm, pop, pop dance, progressive electro house",20
"dance pop, edm, electro house, moombahton, pop dance",20
"colombian pop, latin pop, mexican pop, rock en espanol",20
meme,20
"pop, talent show, uk pop",20
"arrocha, axe, forro, pagode baiano, pop nacional",20
aussietronica,20
"latin pop, mexican pop, puerto rican pop",20
"argentine rock, latin alternative, latin rock, post-punk argentina, rock en espanol, ska argentino",20
"dance rock, europop",20
"downtempo, dream pop, indietronica",20
pakistani pop,20
"houston rap, pop, r&b, rap, trap queen",20
"modern rock, north east england indie",20
"hollywood, movie tunes",20
"arrocha, batidao romantico, funk carioca, funk mtg, funk paulista",20
"cali rap, hip hop, pop rap, rap, southern hip hop, trap",20
"trap boricua, urbano latino",20
"turkish rock, turkish singer-songwriter",20
"polish indie, polish pop",20
"polish drill, polish hip hop",20
"colombian pop, electro latino, latin pop, reggaeton, reggaeton colombiano, trap latino, urbano latino",20
"t-pop, thai rock",20
"a cappella, viral pop",20
"finnish drill, finnish hip hop, finnish trap",20
"german alternative rap, german hip hop, tekk",20
"russian drill, russian grime, russian hip hop, russian trap",20
techno remix,20
underground amapiano,20
"dutch house, edm, electro house, pop dance, progressive electro house",20
"swedish pop, swedish soul",20
"desi pop, filmi, modern bhajan, modern bollywood",20
"albanian hip hop, albanian pop",20
villancicos,20
"nordic house, norwegian hip hop, norwegian pop, russelater",20
"mexican hip hop, trap mexicano",20
"latin arena pop, latin pop, mariachi, mexican pop, musica mexicana, ranchera",20
"finnish death metal, finnish melodeath, finnish metal, folk metal, gothic metal, melodic death metal, metal, power metal, progressive doom, symphonic metal, viking metal",20
"hard rock, metal",20
"k-pop, korean pop",20
"indonesian folk, indonesian indie, indonesian pop, indonesian singer-songwriter",20
"classic malaysian pop, malaysian pop",20
"j-pop, japanese singer-songwriter",20
singaporean pop,20
"nordic house, norwegian pop",20
"opm, p-pop",20
"swedish drill, swedish hip hop",20
"mundart, swiss rock",20
"ranchera, cumbia",20
"bollywood, hindi pop",20
"reggaeton, urbano latino, trap latino, latin",20
"chilean trap, reggaeton chileno, chilean mambo, mambo, argentine trap, urbano latino, trap latino",20
"afrobeats, afrobeat, afropop, afroswing, dancehall, afropiano",20
"afrobeats, afrobeat, afropop, afro r&b, afropiano, afro soul",20
"brazilian funk, funk consciente, trap funk",20
"schlager, schlagerparty",20
"dancehall, soca, riddim, ragga, reggae",20
"malay, indonesian pop, indonesian r&b",20
"norteno, banda, cumbia nortena, grupera, ranchera, corrido",20
"norteno, grupera, banda, tejano, cumbia nortena, ranchera",20
"future house, house",20
sad sierreno,19
"icelandic indie, icelandic rock, modern alternative rock",19
"desi pop, punjabi pop",19
"pop rap, rap, trap",19
"turkish alt pop, turkish alternative rock, turkish rock",19
"art pop, norwegian pop",19
"gruperas inmortales, musica mexicana, nu-cumbia, ranchera, tropical",19
"memphis hip hop, rap",19
"hip hop, pop rap, rap",19
turkce slow sarkilar,19
funk consciente,19
"orchestral soundtrack, soundtrack",19
"modern alternative rock, modern rock, stomp pop, welsh rock",19
"funk carioca, pop lgbtq+ brasileira",19
"edm, pop dance, tropical house",19
"emo rap, miami hip hop, pop rap, rap, trap",19
asian american hip hop,19
malaysian indie,19
gqom,19
"cumbia pop, pop argentino, rkt",19
"albanian hip hop, albanian pop, frauenrap",19
"german pop, german reggae",19
"punjabi hip hop, punjabi pop",19
rap dominicano,19
"venezuelan hip hop, venezuelan rock",19
social media pop,19
"britpop, britpop revival, solo wave",19
"grime, manchester hip hop, uk hip hop",19
"aussie drill, australian trap",19
aussie drill,19
rock quebecois,19
"cantopop, malaysian mandopop",19
german viral rap,19
"russian alt pop, russian electronic, russian pop",19
"indonesian alternative rock, indonesian pop",19
"trap dominicano, trap latino",19
"russian drain, russian hyperpop",19
russian dance,19
south african house,19
"czech rock, slovak rock",19
"big room, brostep, dutch edm, edm, house, pop dance, progressive electro house, slap house, trance",19
"reggaeton colombiano, trap latino, urbano latino",19
"australian electropop, indietronica",19
"arabesk, turkish folk, turkish pop",19
"spanish hip hop, urbano espanol",19
egyptian alternative,19
"estonian electronic, estonian pop",19
"pakistani hip hop, urdu hip hop",19
"indonesian jazz, indonesian pop",19
"indonesian pop, indonesian r&b",19
neomelodici,19
"italian hip hop, italian indie pop, italian pop, milan indie",19
"j-rap, japanese trap",19
"anime, j-pop, j-rock",19
"batida, funana, hip hop tuga, portuguese pop, rap angolano",19
"classic malaysian pop, rock kapak",19
"mundart, swiss reggae",19
"mandopop, taiwan indie, taiwan pop, taiwan singer-songwriter",19
"mandopop, taiwan indie, taiwan singer-songwriter",19
"mandopop, taiwan indie, taiwan pop",19
thai indie pop,19
"cumbia uruguaya, plena uruguaya",19
"russian alt pop, russian pop",19
"v-pop, vietnam indie, vietnamese hip hop",19
"chilean mambo, reggaeton chileno, chilean trap, mambo",19
italian singer-songwriter,19
"amapiano, gqom, bacardi, afropiano, 3 step",19
"brazilian trap, trap, trap funk, brazilian hip hop",19
"chinese r&b, mandopop, c-pop, taiwanese pop, cantopop",19
"italian trap, canzone napoletana, neomelodico",19
"dansk pop, dansk rap, dansktop",19
"merengue, tropical music",19
"new wave, synthpop",19
"soca, dancehall",19
"dancehall, soca, afrobeats, riddim, reggae",19
"disco house, funky house",19
"norteno, tejano, cumbia nortena, ranchera, musica mexicana, corrido, grupera, banda",19
"garage rock, modern rock, permanent wave, rock, sheffield indie",18
"emo rap, miami hip hop",18
"alternative metal, nu metal, rap metal, rock",18
urbano mexicano,18
"reggae, roots reggae",18
"afro r&b, afrobeats",18
"german pop, german rock",18
mexican hip hop,18
"latin arena pop, latin pop",18
"latin arena pop, latin pop, mexican pop, reggaeton, urbano latino",18
"baton rouge rap, rap",18
"trap chileno, trap triste, urbano chileno",18
"atl hip hop, melodic rap, r&b, rap, trap",18
"filmi, hare krishna, modern bollywood",18
"argentine hip hop, rap latina, reggaeton, trap argentino, trap latino, urbano latino",18
"detroit hip hop, hip hop, pop rap, r&b, rap, trap",18
"vietnamese hip hop, vietnamese melodic rap",18
"pop dance, uk dance, uk funky",18
"opm, pinoy hip hop, tagalog rap",18
"belgian hip hop, moroccan pop, rap belge",18
"trap latino, trap venezolano, urbano latino, venezuelan hip hop",18
"mandopop, taiwan idol pop",18
"danish metal, danish rock",18
"anadolu rock, karadeniz turkuleri, turkish alternative, turkish alternative rock, turkish rock",18
"french pop, pop urbaine, rap conscient",18
"colombian hip hop, colombian pop, latin alternative, reggaeton colombiano, salsa choke",18
"baroque pop, electropop, modern rock, uk alternative pop",18
pop chileno,18
"dutch cabaret, dutch pop, dutch rock",18
"canadian pop, indie quebecois",18
melodipop,18
"dutch drill, dutch hip hop, dutch rap pop",18
"czech pop, czech pop rock, czech rock",18
"amapiano, sgija",18
"opm, pinoy reggae",18
"fotbollslatar, swedish eurodance, swedish pop",18
moombahton,18
"mariachi, ranchera",18
"classic italian pop, italian adult pop, italian pop",18
"reggaeton, trap argentino, trap latino, urbano latino",18
"latin alternative, latin rock, mexican rock, morelos indie, rock en espanol",18
"latin rock, spanish pop, spanish rock",18
"flamenco urbano, pop flamenco",18
"latin talent show, latin viral pop",18
"arab pop, egyptian pop, mahraganat",18
"finnish dance pop, iskelma",18
"fantasy metal, finnish metal, finnish power metal, gothic metal, gothic symphonic metal, opera metal, power metal, symphonic metal",18
"chanson, french pop, french rock",18
korean ost,18
tamil pop,18
"indonesian indie, indonesian pop",18
"dangdut, javanese dangdut, lagu jawa",18
"hokkaido indie, j-pop, j-rock, japanese electropop",18
"baltic post-punk, lithuanian pop",18
"moroccan pop, trap maroc",18
"childrens choir, muziek voor kinderen",18
muziek voor kinderen,18
"nordnorsk musikk, norwegian pop",18
salsa peruana,18
"bolobedu house, venda pop",18
sepedi pop,18
"swedish dancehall, swedish hip hop, swedish trap pop",18
"gothenburg hip hop, swedish gangsta rap, swedish hip hop, swedish trap, swedish trap pop",18
"t-pop, thai hip hop, thai trap",18
vietnamese bolero,18
"classic mandopop, mandopop",18
taiwan indie,18
"pop urbano, reggaeton, latin afrobeat",18
"folk pop, retro pop",18
"reggaeton chileno, chilean mambo, chilean trap, mambo, rkt, reggaeton",18
"schlagerparty, schlager",18
"khaleeji, egyptian pop",18
"cumbia, rkt, cuarteto, turreo",18
"east coast hip hop, old school hip hop, hardcore hip hop",18
"future house, edm",18
"east coast hip hop, old school hip hop",18
"rumba congolaise, ndombolo, coupe decale, french r&b, afrobeat, pop urbaine",18
"norteno, tejano, grupera, banda, cumbia nortena, ranchera",18
"future house, bass house",18
"classic rock, glam rock, rock",17
"edm, house, stutter house",17
"edm, pop dance, progressive electro house",17
"edm, german dance, pop dance, tropical house",17
"indonesian pop, malaysian pop",17
"pop, pop dance, tropical house, uk dance",17
"indonesian pop, indonesian singer-songwriter",17
melodic house,17
"contemporary vocal jazz, jazz pop, vocal jazz",17
"irish rock, permanent wave, rock",17
yacht rock,17
"latin talent show, spanish pop",17
"melodic rap, pluggnb, rap",17
"funk rj, pop rap brasileiro, trap brasileiro",17
"celtic rock, pop",17
"italian hip hop, italian pop, rap genovese",17
"edm, pop, pop dance",17
norwegian hip hop,17
"colombian pop, reggaeton colombiano, trap latino, urbano latino",17
funk rj,17
"pixel, pov: indie",17
"anime, j-pop, japanese alternative rock, japanese teen pop",17
"complextro, edm, german techno, pop, pop dance",17
"cuarteto, cumbia pop, cumbia villera",17
"electro bailando, electro latino",17
"dance pop, edm, pop dance, uk dance",17
"german metal, industrial, industrial metal, industrial rock, neue deutsche harte",17
"funk carioca, funk paulista, funk rj",17
"atl hip hop, melodic rap, plugg, rap, trap",17
"gangster rap, hip hop, pop rap, rap, southern hip hop, trap, virginia hip hop",17
"dance pop, romanian house, romanian pop",17
"merengue, tropical",17
"sertanejo, sertanejo tradicional, sertanejo universitario",17
"brega funk, funk carioca",17
"central asian hip hop, kazakh hip hop, kazakh pop, russian gangster rap, russian hip hop",17
"salsa, tropical",17
"belgian pop, vlaamse kinderliedje",17
chanson virale,17
"frauenrap, german pop, german viral rap",17
"australian pop, australian talent show",17
"icelandic folk, icelandic pop, icelandic singer-songwriter",17
reggaeton colombiano,17
"belgian dance, belgian edm",17
"german indie folk, german pop",17
"chanson, french pop, ye ye",17
"french pop, variete francaise",17
barnemusikk,17
"downtempo, electronica, indietronica, neo-synthpop, trip hop",17
"drill francais, french hip hop, pop urbaine, rap francais",17
pop peruano,17
"spanish pop, spanish rock",17
"classic arab pop, lebanese pop",17
old school hip hop,17
"finnish alternative rock, finnish pop, suomi rock",17
"j-acoustic, j-pop, japanese singer-songwriter",17
"italian adult pop, italian hip hop, italian pop, rap napoletano",17
"anime rock, j-pop, japanese punk rock",17
"classic j-pop, j-pop",17
"kazakh hip hop, kazakh viral pop",17
"malaysian hip hop, malaysian pop, singaporean hip hop",17
rap algerien,17
"alte, nigerian pop",17
"norwegian hip hop, norwegian pop rap",17
"polish hip hop, polish viral rap",17
"classic arab pop, khaliji",17
south african pop,17
"k-pop ballad, korean pop",17
swedish eurodance,17
"greek house, t-pop, thai indie pop, thai indie rock",17
"cantopop, mandopop",17
"mahraganat, egyptian pop",17
"vietnamese hip hop, v-pop",17
"hollands, nederpop",17
"turkish hip hop, drill, turkish pop",17
arabic rap,17
"thai hip hop, thai trap, thai pop, t-pop",17
"thai rock, thai pop, t-pop",17
"moroccan rap, moroccan pop",17
"stutter house, house",17
"argentine trap, trap",17
"corrido, corridos tumbados, corridos belicos, electro corridos, dembow belico, sierreno, sad sierreno",17
"kizomba, zouk, kuduro, kompa",17
"arabic hip hop, moroccan rap, rai, moroccan pop",17
"j-division, korean ost",16
"atl hip hop, contemporary r&b, dance pop, pop, r&b, rap, south carolina hip hop, urban contemporary",16
"ambient pop, dream pop, el paso indie, shoegaze",16
"album rock, classic rock, hard rock, rock",16
nyc pop,16
"modern rock, pop",16
"filmi, gujarati pop, modern bollywood",16
"turkish alt pop, turkish pop, turkish singer-songwriter",16
"latin pop, salsa, tropical",16
"new jersey rap, pop rap, rap, southern hip hop, trap",16
"album rock, british invasion, classic rock, rock",16
funk viral,16
"anime rock, j-pop, j-rock",16
"arrocha, arrochadeira, forro",16
britpop,16
turkce kadin rap,16
"argentine hip hop, trap argentino, trap triste",16
"pop rap brasileiro, rap baiano, trap brasileiro",16
"corrido, musica mexicana, norteno, sierreno",16
"drill chileno, urbano chileno",16
"alt z, nz pop",16
"latin arena pop, latin pop, latin viral pop, reggaeton, spanish pop",16
"swedish americana, swedish country",16
"salsa, salsa colombiana, tropical",16
taiwan singer-songwriter,16
schlager,16
"london rap, uk hip hop",16
"cumbia 420, rkt",16
"albanian hip hop, albanian pop, greek trap",16
deep house,16
"russian hip hop, russian plugg",16
"belgian indie, belgian pop, kleinkunst",16
"swedish electropop, swedish soul",16
"latin pop, reggaeton chileno, trap chileno",16
belgian edm,16
"danish electronic, edm, pop dance",16
"forro, sertanejo, sertanejo pop, sertanejo universitario",16
"oulu metal, trancecore",16
"canadian hip hop, canadian trap, melodic rap",16
"j-pop, j-pop boy group",16
"corrido, corridos tumbados, norteno, sad sierreno, sierreno",16
"french hip hop, rap francais",16
"metropopolis, norwegian pop, trondersk musikk",16
jersey club,16
"dakke dak, danish hip hop",16
cumbia ranchera,16
"indie viet, v-pop, vietnamese hip hop",16
urbano ecuatoriano,16
australian rock,16
entehno,16
"rap dominicano, trap latino, venezuelan hip hop",16
"french hip hop, pop urbaine, rap algerien, rap marseille",16
"turkish alternative, turkish alternative rock, turkish rock",16
"spanish indie pop, spanish pop, spanish rock",16
"arab pop, classic arab pop, khaliji, syrian pop",16
"khaliji, shaabi",16
"hungarian edm, hungarian pop",16
"latvian pop, latvian rock",16
classic malaysian pop,16
"lustrum, nederlandse hardstyle",16
"afrobeats, afropop, igbo pop, igbo rap, nigerian hip hop, nigerian pop",16
"norwegian country, norwegian folk rock",16
"nordnorsk musikk, norwegian pop, norwegian singer-songwriter, talentkonkurranse",16
"art pop, metropopolis, norwegian pop, norwegian singer-songwriter",16
paraguayan rock,16
"portuguese indie, portuguese indie rock, portuguese rock",16
chinese melodic rap,16
"turkce slow sarkilar, turkish pop",16
"classic russian rock, russian rock, tatar pop",16
ukrainian post-punk,16
"classic russian rock, ukrainian indie, ukrainian pop, ukrainian rock",16
israeli singer-songwriter,16
"mandopop, taiwan indie, taiwan pop, taiwan punk",16
"egyptian hip hop, arabic hip hop, egyptian pop",16
"iskelma, finnish pop, finnish rock",16
"german hip hop, german indie",16
riot grrrl,16
"norwegian pop, norwegian hip hop",16
latin r&b,16
"chilean mambo, reggaeton chileno, mambo, chilean trap",16
"tamil indie, tamil pop, kollywood",16
"punjabi pop, punjabi hip hop, bhangra",16
"reggaeton chileno, chilean mambo, chilean trap, mambo, guaracha",16
"reggaeton chileno, chilean trap, chilean mambo",16
"merengue, salsa, tropical music",16
"mandopop, taiwanese pop, c-pop, gufeng",16
"bachata, latin",16
"corrido, corridos tumbados, corridos belicos",16
"tamil pop, kollywood, tamil dance, tamil hip hop, tollywood, telugu pop",16
"east coast hip hop, old school hip hop, hip hop, hardcore hip hop",16
"dembow, urbano latino",16
"hard techno, tekno, acid techno, techno, industrial, hardcore techno",16
"cumbia, tropical music, cumbia sonidera",16
"bollywood, hindi pop, desi, sufi, qawwali",16
"gospel, traditional gospel, worship",16
"dancehall, afrobeats, afrobeat",16
"chilean mambo, chilean trap, reggaeton chileno, mambo",16
"cumbia sonidera, cumbia",16
"old school hip hop, west coast hip hop, gangster rap, g-funk, hip hop",16
"corrido, sierreno",15
"uk contemporary r&b, uk pop",15
bedroom r&b,15
indonesian pop rock,15
musica chihuahuense,15
"heartland rock, mellow gold, permanent wave, rock, singer-songwriter",15
"pop, rap",15
"house, pop dance, uk dance",15
"electro, filter house, rock",15
"hip hop, pittsburgh rap, pop rap, rap",15
"rap baiano, trap baiano",15
"hip hop, pop rap, rap, trap",15
"grime, london rap, uk hip hop",15
"australian dance, australian pop, dance pop, eurodance, new wave pop",15
"hip hop, miami hip hop, pop rap, rap, trap, underground hip hop",15
"trap baiano, trap brasileiro",15
"chamber pop, eau claire indie, indie folk, melancholia, modern rock",15
"salsa, salsa puertorriquena",15
soft rock,15
turkish alt pop,15
thai trap,15
korean indie rock,15
partyschlager,15
turkish singer-songwriter,15
brazilian hip hop,15
"argentine rock, argentine telepop",15
canadian rock,15
"afroswing, uk hip hop",15
"french pop, r&b francais",15
ecuadorian pop,15
"salsa, salsa colombiana",15
"dembow, latin hip hop, rap dominicano",15
cumbia paraguaya,15
"aussie drill, australian hip hop, australian trap",15
"basshall, dutch hip hop, dutch rap pop",15
"greek pop, greek trap, laiko",15
"cloud rap francais, french hip hop, rap conscient",15
"afrobeats, afroswing, grime, london rap, uk hip hop",15
"german drill, german hip hop, kurdish hip hop",15
"colombian pop, reggaeton",15
norwegian trap,15
"colombian pop, gypsy jazz, latin alternative",15
"latin arena pop, latin pop, latin rock, mexican pop, mexican rock, rock en espanol",15
"latin alternative, latin rock, reggae en espanol, rock en espanol",15
"europop, italian adult pop, latin arena pop, mexican pop",15
"pop flamenco, rumba, spanish pop",15
"cumbia, ranchera, salsa colombiana, tropical",15
"latin talent show, tontipop",15
"egyptian hip hop, egyptian pop",15
gaming edm,15
"finnish indie, finnish pop, suomi rock",15
"finnish dance pop, finnish pop, iskelma, laulaja-lauluntekija",15
"k-pop, k-rap, korean old school hip hop",15
"filmi, tamil pop",15
"k-indie, k-rock, korean dream pop, korean indie rock",15
"canzone napoletana, italian adult pop, italian pop",15
"anime, anime rock, j-pixie, j-pop, j-poprock",15
"classic j-pop, j-pop, japanese singer-songwriter",15
"kizomba, portuguese pop",15
"hip hop tuga, portuguese pop",15
"arab pop, moroccan pop",15
"dutch hip hop, dutch rap pop, maluku pop",15
"dutch hip hop, dutch pop, dutch rap pop",15
"afrobeats, alte, nigerian hip hop, nigerian pop",15
"danspunk, swedish eurodance",15
swedish hip hop,15
"classic pakistani pop, pakistani pop, sufi",15
folklore paraguayo,15
timba,15
"polish alternative, polish indie",15
russian trap,15
"scandinavian r&b, swedish dancehall, swedish drill, swedish hip hop, swedish pop, swedish trap pop",15
"swiss hip hop, swiss trap",15
"ukrainian folk rock, ukrainian pop, ukrainian rock",15
soca,15
"argentine trap, trap, trap latino",15
"corridos tumbados, corrido, corridos belicos, sad sierreno, sierreno, electro corridos, musica mexicana, banda",15
"brazilian funk, funk carioca, trap funk",15
"portuguese hip hop, punta",15
"flamenco urbano, flamenco",15
"uk drill, drill, grime",15
hindi pop,15
"mandopop, c-pop, chinese r&b, taiwanese pop",15
"v-pop, vinahouse, vietnamese hip hop",15
"afrobeats, afrobeat, afropop, afropiano, azonto, amapiano, hiplife, afroswing",15
"afrobeats, afrobeat, afropop, afropiano",15
"egyptian pop, sholawat, khaleeji",15
"afrobeats, afrobeat, afropop, afropiano, azonto, afro adura, afro r&b, afroswing, amapiano",15
classic rock,15
"punjabi hip hop, punjabi pop, indian indie, desi, desi hip hop, hindi indie, hindi hip hop",15
"kizomba, zouk, kompa",15
"norteno, grupera, norteno sax, banda, ranchera, cumbia nortena",15
"bedroom pop, indie pop, norwegian indie, pov: indie",14
"bedroom pop, pop, pov: indie",14
"contemporary country, modern country pop",14
"acoustic opm, opm, p-pop",14
"motown, soul",14
"dance pop, pop, post-teen pop",14
"australian pop, pop",14
"dance pop, edm, house, pop dance, uk dance, uk pop",14
"edm, house, indietronica, uk dance",14
"electronica argentina, latin alternative, latin rock, pop electronico, rock en espanol",14
"indie rock, indietronica, modern alternative rock, modern rock, rock",14
"memphis hip hop, rap, southern hip hop, tennessee hip hop, trap",14
"salsa, salsa venezolana, tropical",14
trap queen,14
british soul,14
"folk-pop, modern rock",14
"reggaeton colombiano, urbano latino",14
"cali rap, pop rap",14
"karneval, kolsche karneval",14
"alternative metal, art rock, nu metal, post-grunge, progressive metal, progressive rock, rock",14
"australian hip hop, dance pop, pop",14
cumbia villera,14
"t-pop, thai hip hop, thai indie pop",14
"latin pop, pop venezolano, reggaeton, trap latino, urbano latino",14
greek fem rap,14
"deep euro house, german dance",14
"reggaeton chileno, trap chileno, trap latino, urbano chileno",14
"czsk hip hop, slovak hip hop, slovak trap",14
"deep pop edm, electronic trap",14
"classic texas country, contemporary country, country dawn",14
"funk carioca, funk consciente, funk ostentacao, funk paulista",14
"balkan trap, turbo folk",14
"cloud rap, dark trap, new orleans rap, underground hip hop",14
"alternative metal, hard rock, metal, nwobhm, rock",14
"german hip hop, hamburg hip hop, kurdish hip hop",14
"canadian rock, kingston on indie, ontario indie, rock",14
antideutsche,14
classic czech pop,14
"belgian hip hop, belgian rock, kleinkunst",14
czsk viral pop,14
"latin arena pop, spanish pop, spanish pop rock",14
"norwegian pop, norwegian pop rap, swedish reggae",14
"laulaja-lauluntekija, suomi rock",14
"ukrainian edm, ukrainian pop",14
"finnish electro, finnish indie, suomi rock",14
"pakistani indie, pakistani pop, urdu hip hop",14
j-rap,14
"anime, anime rock, j-pop, j-rock",14
"central asian hip hop, kazakh hip hop, kazakh pop",14
"kazakh indie, kazakh pop",14
"latvian hip hop, latvian pop",14
"russian alt pop, russian indie",14
trap maroc,14
"opm, p-pop, pinoy idol pop",14
"polish alternative rap, polish hip hop, polish old school hip hop",14
"classic romanian pop, romanian pop",14
"afro soul, kasi rap, south african hip hop, south african pop",14
"chinese electropop, mandopop, taiwan pop",14
thai pop rap,14
"t-pop, thai indie pop, thai indie rock, thai pop",14
"classic russian rock, horror punk, russian folk rock, russian metal, russian punk, russian punk rock, russian rock, russian ska",14
"kazakh viral pop, kyrgyz hip hop",14
"mandopop, taiwan indie, taiwanese indie",14
"t-pop, thai indie pop, thai indie rock",14
"norwegian hip hop, russelater, norwegian pop",14
"epadunk, russelater",14
"sertanejo, sertanejo universitario, arrocha",14
"sertanejo, agronejo, sertanejo universitario",14
"afrobeats, afro adura, afrobeat, afropiano, afropop, amapiano, afroswing",14
"k-rock, k-pop",14
"chilean trap, reggaeton chileno, chilean mambo, mambo, urbano latino",14
"tropical music, cumbia",14
"khaleeji, egyptian pop, sholawat",14
"corrido, corridos tumbados, corridos belicos, musica mexicana, sad sierreno, electro corridos, sierreno, banda",14
"banda, corrido, norteno, sierreno, grupera, ranchera, musica mexicana",14
"old school hip hop, gangster rap, west coast hip hop, g-funk, hip hop",14
"ghanaian hip hop, asakaa, hiplife, afrobeats, azonto, afrobeat, afropop, highlife",14
"norteno, grupera, tejano, cumbia nortena, banda",14
"alt z, pop, pov: indie",13
"funk carioca, funk mtg, funk paulista",13
"indie poptimism, pop",13
"colombian pop, pop reggaeton, reggaeton, reggaeton colombiano, trap latino, urbano latino",13
"florida drill, florida rap, melodic rap, miami hip hop, rap, trap, trap latino",13
indie triste,13
"pop dance, uk dance",13
"chill phonk, drift phonk",13
"big room, brostep, dutch edm, edm, house, pop dance, slap house, trance",13
"house, uk dance",13
"italian hip hop, italian pop, italian underground hip hop",13
"melodic metalcore, metalcore, modern rock, rock, uk metalcore",13
zhenskiy rep,13
"pop dance, pop house, uk dance, uk pop",13
chill pop,13
"drill francais, french hip hop, melodic drill, pop urbaine, rap francais",13
"barnmusik, barnsagor",13
"dangdut koplo, javanese dangdut, lagu jawa",13
"british singer-songwriter, folk-pop, indie folk",13
"opm, pinoy hip hop, pinoy r&b, pinoy trap",13
glam rock,13
"latin arena pop, latin pop, mexican pop, musica tlaxcalteca",13
"alternative dance, garage rock, indie rock, indietronica, modern alternative rock, modern rock, oxford indie, shimmer pop",13
"brazilian hip hop, rap df",13
"argentine hip hop, rap latina",13
"brighton indie, garage rock, modern alternative rock, modern blues rock, modern hard rock, modern rock, rock",13
"canadian contemporary r&b, canadian hip hop",13
brazilian edm,13
malay rap,13
"malaysian pop, rock kapak",13
"latin pop, reggaeton, urbano latino",13
"cumbia 420, cumbia pop",13
trap chileno,13
charva,13
"funk carioca, funk consciente, funk paulista",13
"oyun havasi, turkish pop, turkish rock",13
"brazilian hip hop, funk carioca, pop nacional, sertanejo universitario",13
"metropopolis, neo-synthpop",13
"german jazz rap, german pop, hamburg hip hop, oldschool deutschrap",13
"turkce drill, turkish trap",13
"belgian edm, dancefloor dnb, drum and bass",13
"pop reggaeton, pop venezolano, trap latino, urbano latino",13
"czech pop, czech rock",13
"russian hip hop, ukrainian hip hop",13
kleinkunst,13
"alternative rock, baroque pop, canadian indie, canadian indie rock, chamber pop, indie rock, indietronica, modern rock, permanent wave, quebec indie, rock",13
"conscious hip hop, east coast hip hop, gangster rap, hardcore hip hop, hip hop, queens hip hop, rap",13
vocaloid,13
"swedish dancehall, swedish eurodance, swedish hip hop, swedish pop",13
"russian drain, russian hip hop, russian viral rap",13
"greek fem rap, greek hip hop, greek pop",13
"dembow, rap dominicano, trap dominicano",13
"dutch indie, dutch pop, dutch rock",13
"dance pop, danish pop, electropop, pop dance",13
"german alternative rock, german pop, german punk, german rock",13
"grupera, latin pop, musica mexicana, ranchera",13
"pop flamenco, rock andaluz, rumba, spanish pop",13
"cantautor, latin rock, rock alternativo espanol, spanish indie pop, spanish rock",13
cumbia salvadorena,13
classic canadian rock,13
christian hip hop,13
"finnish dance pop, finnish hip hop, finnish trap",13
"gothic symphonic metal, power metal, symphonic metal",13
hong kong rock,13
"k-pop, korean pop, korean r&b",13
"pakistani indie, urdu hip hop",13
nasheed,13
"italian adult pop, italian alternative",13
"kazakh viral pop, q-pop",13
"malaysian hip hop, malaysian pop",13
rai algerien,13
"north moroccan rap, rap maroc",13
"australian talent show, nz christian, nz pop",13
"afrobeats, afropop, alte, azontobeats, nigerian hip hop, nigerian pop",13
"opm, pinoy pop punk",13
slovak pop,13
south african hip hop,13
afro soul,13
"norrlandsk hip hop, swedish hip hop, swedish pop, swedish pop rap",13
"mundart, swiss hip hop",13
"taiwan indie, taiwan pop",13
t-pop girl group,13
"chinese idol pop, k-pop",13
"indie viet, v-pop, vietnamese singer-songwriter",13
"agronejo, sertanejo, sertanejo universitario",13
"bollywood, desi pop, hindi pop",13
"canzone napoletana, neomelodico",13
"afrobeats, afrobeat, afropop, afro r&b, afropiano, alte, afroswing, afro adura, afro soul",13
"j-pop, j-rock, japanese indie, anime",13
schlagerparty,13
"afro soul, afropop",13
"thai pop, t-pop, thai rock",13
"v-pop, vietnamese lo-fi, vietnam indie",13
"malayalam hip hop, malayalam pop, mollywood",13
"afrobeats, afrobeat, afropiano, afro adura, afropop, amapiano, afroswing, afro r&b",13
"hindi pop, bollywood, desi, bangla pop",13
"italian trap, drill, uk drill",13
"afro adura, afrobeat, afrobeats, afro soul, afro r&b, afropop, afropiano",13
"maskandi, afro soul, afropop",13
"j-pop, japanese indie, j-rock, anime",13
"reggaeton, latin afrobeats, urbano latino, pop urbano",13
"pagode, brazilian pop, funk pop, brazilian funk, pagode baiano, funk carioca",13
"hip hop, east coast hip hop, rap",13
"ghanaian hip hop, asakaa, hiplife, alte, afrobeats, afro adura, afrobeat, afropop, highlife, afroswing",13
"banda, brass band",13
viral rap,12
canadian contemporary r&b,12
indie pop,12
"east coast hip hop, gangster rap, hip hop, pop rap, queens hip hop, rap",12
"canadian pop, dance pop, pop",12
"deep house, house",12
alternative hip hop,12
reggae fusion,12
"turkish alt pop, turkish pop",12
"german dance, pop dance, pop edm, uk dance",12
"r&b en espanol, rap latina",12
"turkish pop, turkish singer-songwriter",12
"boy band, rap",12
"contemporary country, country, country dawn, country road",12
"cumbia pop, previa",12
"afroswing, london rap, uk hip hop",12
"canadian singer-songwriter, melancholia, permanent wave, singer-songwriter",12
"blues, blues rock, classic rock, electric blues, jazz blues, soul blues, traditional blues",12
"cloud rap francais, french hip hop, pop urbaine, rap francais",12
"dancehall, dancehall queen, jamaican dancehall, modern reggae",12
malaysian mandopop,12
pop boliviano,12
"sertanejo, sertanejo pop",12
"electropop, indie poptimism",12
"pop rap, r&b, rap, southern hip hop, trap",12
"indie anthem-folk, irish rock",12
"albanian pop, basshall",12
"reggaeton chileno, trap chileno, urbano chileno",12
sgija,12
"greek pop, greek swing",12
"cypriot pop, greek pop, laiko",12
"canadian contemporary r&b, r&b",12
"classic colombian pop, cumbia, musica popular colombiana, tropical",12
"5th gen k-pop, k-pop girl group",12
"lithuanian hip hop, lithuanian pop, lithuanian trap",12
"electropop, swedish electropop, swedish pop, swedish synthpop",12
"russian hip hop, russian rock",12
"jersey club, russian hip hop",12
"anime, j-division, j-pop",12
"belgian pop, classic belgian pop, kleinkunst",12
"electronica, icelandic electronic, icelandic pop, trip hop",12
nova mpb,12
"thai indie, thai pop",12
gaita zuliana,12
"corrido, corridos tumbados, musica mexicana, norteno, sad sierreno, sierreno",12
"egyptian pop, egyptian viral pop",12
arabic hip hop,12
"kazakh hip hop, kazakh pop, russian dance, russian hip hop, russian pop",12
"finnish dance pop, finnish pop, finnish reggae",12
"disco, hi-nrg",12
"cantopop, hk-pop, hong kong hip hop",12
"irish pop, modern rock, neo mellow",12
"nasheed, rif, sholawat",12
"opm, p-pop, pinoy trap",12
"drill italiana, emo rap italiano, italian hip hop, trap italiana",12
"italian adult pop, italian pop rock",12
"anime, j-pop, j-poprock, j-rock",12
"afrobeats, afroswing, nigerian pop",12
"norwegian hip hop, norwegian pop, norwegian pop rap, scandinavian r&b",12
"danspunk, swedish eurodance, swedish pop rap",12
swedish pop rap,12
south african gospel,12
"fotbollslatar, swedish pop, swedish pop rap",12
"taiwan hip hop, taiwan pop",12
"ukrainian psychedelic, ukrainian viral pop",12
"v-pop, vietnamese hip hop, vietnamese melodic rap, vietnamese trap",12
"french hip hop, pop urbaine, r&b francais, rap conscient",12
"russian dance, russian hip hop",12
"belarusian hip hop, belarusian pop, russian hip hop, russian pop",12
"russian dance pop, russian pop",12
"classic israeli pop, israeli rock, israeli singer-songwriter",12
italo dance,12
latmiya,12
"taiwan pop, taiwan singer-songwriter",12
"chinese hip hop, chinese r&b",12
german indie,12
"french rap, chanson, french pop",12
"sertanejo, sertanejo universitario, agronejo, arrocha",12
"synthpop, new wave",12
"egyptian pop, mahraganat, egyptian shaabi, khaleeji",12
"mahraganat, egyptian shaabi, egyptian pop",12
"cantopop, chinese r&b",12
"indonesian pop, indonesian indie",12
hollands,12
"amapiano, afropiano, afrobeat, afrobeats, afro adura",12
"thai pop, t-pop",12
"cumbia, chicha, huayno, cumbia nortena",12
"mandopop, taiwanese pop, c-pop, cantopop",12
"malay, malaysian pop, malay pop",12
"malayalam pop, mollywood, malayalam hip hop",12
"mandopop, taiwanese pop, taiwanese indie, c-pop, chinese indie",12
"k-pop, k-ballad",12
"anatolian rock, turkish pop",12
"indian indie, hindi indie, desi, desi hip hop, desi pop",12
"afrobeats, afrobeat, afropop, afropiano, hiplife, afro r&b",12
"urbano latino, trap latino",12
"afrobeats, afrobeat, afropop, afro r&b, afropiano, afro soul, afroswing",12
"reggaeton chileno, chilean mambo, chilean trap",12
"reggaeton chileno, chilean trap, chilean mambo, reggaeton mexa, mambo, reggaeton",12
"afrobeats, afrobeat, alte, afropop, afropiano, afro r&b, amapiano",12
"gospel, worship",12
"amapiano, private school piano, 3 step, gqom, afropiano, afro tech, afro house",12
tropical music,12
"brazilian funk, trap funk",12
"hiplife, ghanaian hip hop, azonto, afrobeats, asakaa, afrobeat, highlife, afropop",12
"rap ivoire, coupe decale, new wave",12
disco house,12
"norteno, grupera, tejano, banda, cumbia nortena",12
modern indie pop,11
indie r&b,11
"gen z singer-songwriter, singer-songwriter pop",11
"speedrun, video game music",11
pinoy hip hop,11
"cdo indie, opm, p-pop",11
"agronejo, sertanejo, sertanejo pop",11
"arrocha, axe, mpb, pagode, pop nacional, samba reggae, sertanejo universitario",11
"dance pop, pop dance, uk dance",11
"g funk, gangster rap, hip hop, rap, west coast rap",11
"melodic drill, uk drill",11
sad rap,11
"alt z, singer-songwriter pop",11
tech house,11
"black americana, contemporary country, country, country road",11
bedroom soul,11
"cubaton, electro latino, latin hip hop, latin pop, reparto",11
"melodic rap, rap conscient",11
"cdo indie, opm, pinoy singer-songwriter",11
"candy pop, dance pop, electropop, metropopolis, swedish electropop, swedish synthpop",11
"acoustic pop, dance pop, neo mellow, pop",11
"indie anthem-folk, uk pop",11
"british singer-songwriter, uk pop",11
"pop dance, swedish tropical house",11
"cha-cha-cha, cuban rumba, mambo, musica tradicional cubana, salsa",11
german trap,11
"thai indie pop, thai pop",11
"cumbia 420, cumbia pop, cumbia villera",11
"glasgow indie, scottish indie rock",11
a cappella,11
"canadian hip hop, canadian trap",11
"polish hip hop, polish underground rap",11
"afrofuturismo brasileiro, pop nacional, r&b brasileiro",11
"colombian hip hop, reggaeton, reggaeton colombiano, trap latino, urbano latino",11
"alt z, gen z singer-songwriter, uk pop",11
cloud rap francais,11
"musica santomense, portuguese pop",11
"electronica, future garage, indie soul, indietronica",11
"colombian pop, reggaeton, reggaeton colombiano, urbano latino",11
brega funk,11
austropop,11
"nederlandse hardstyle, tekk",11
"dutch house, edm, electro house, future house, pop dance, progressive electro house",11
french indie pop,11
"afrobeats, afroswing, uk dancehall, uk hip hop",11
"aussietronica, australian electropop, australian indie, edm",11
"classic greek pop, cypriot pop, greek pop, laiko",11
"albanian pop, tallava",11
indie poptimism,11
"afroswing, grime, uk dancehall, uk hip hop",11
"australian hip hop, australian trap",11
"czech hip hop, czsk hip hop, slovak trap",11
"classic danish pop, danish pop, danish pop rock",11
czech rock,11
"downtempo, electronica, trip hop",11
"cumbia boliviana, pop boliviano",11
rock kapak,11
"classic danish pop, dansktop",11
reggaeton mexicano,11
"cantautor, spanish pop, trova",11
hardwave,11
"latin arena pop, pop flamenco, spanish pop, spanish pop rock",11
"latin arena pop, pop flamenco, spanish pop",11
"rap politico, spanish hip hop",11
indie extremena,11
"egyptian pop, mahraganat, shaabi",11
estonian electronic,11
suomi rock,11
"french pop, french rock, pop quebecois",11
"cloud rap francais, french hip hop",11
hong kong hip hop,11
"indonesian jazz, indonesian pop, jazz pop",11
"israeli hip hop, israeli indie",11
"anime, j-pop, j-rock, japanese teen pop",11
japanese r&b,11
"polish alternative rock, polish pop",11
"dutch indie, dutch pop, dutch rock, folk-pop, nederreggae",11
"dutch hip hop, dutch rap pop, nederreggae",11
lullaby,11
"swedish idol pop, swedish pop, swedish pop rap",11
"modern salsa, salsa peruana",11
"pinoy hip hop, pinoy r&b",11
polish underground rap,11
"conscious hip hop, romanian rap",11
"swedish gangsta rap, swedish hip hop",11
"chinese r&b, mandopop, taiwan pop, taiwan singer-songwriter",11
"persian pop, turkish pop",11
"ukrainian hip hop, ukrainian pop",11
"arrochadeira, deboxe, funk 150 bpm, funk mtg, funk rj, trap funk",11
"russian gangster rap, russian hip hop, russian pop",11
"c-pop, classic mandopop",11
"russian hip hop, russian reggae, russian rock",11
"mandopop, taiwan pop, taiwan singer-songwriter",11
"deep german indie, t-pop, thai pop",11
"shatta, french rap",11
"bhangra, punjabi pop, punjabi hip hop, desi, bollywood",11
"french house, disco house",11
"afropop, afro soul, maskandi",11
"trova, singer-songwriter, latin folk, nueva trova, candombe",11
"j-pop, j-rap",11
"gospel, african gospel",11
"afro adura, afrobeat, afrobeats",11
"mandopop, taiwanese pop, c-pop",11
"bollywood, desi, hindi pop",11
reggaeton mexa,11
"cantopop, mandopop, c-pop, taiwanese pop",11
"chilean trap, reggaeton chileno",11
"west coast hip hop, g-funk, gangster rap, old school hip hop",11
"afro adura, afrobeat, afrobeats, afropiano, afropop",11
"french pop, variete francaise, chanson",11
"nz reggae, reggae",11
"dancehall, soca, ragga, riddim, reggae",11
"chinese hip hop, taiwanese pop, chinese r&b, taiwanese indie, chinese indie, mandopop",11
"big room, electronica, edm",11
"reggaeton chileno, chilean trap, chilean mambo, guaracha, mambo",11
"afrobeats, afrobeat, afropop, afro r&b, afro adura, afropiano, alte, afroswing, afro soul",11
"acid techno, hard techno, techno, tekno",11
"hard techno, acid techno",11
trance,11
"afropop, afro soul, maskandi, 3 step",11
"afro house, house, afro tech",11
"jazz rap, east coast hip hop, old school hip hop, hip hop",11
"gospel, traditional gospel",11
"french r&b, pop urbaine, french rap, french pop",11
"soca, calypso, dancehall",11
bongo piano,11
"chicha, cumbia, electrocumbia",11
"corrido, sad sierreno",10
"desi pop, hindi indie, indian indie, indian singer-songwriter",10
folk-pop,10
"album rock, classic rock, rock, soft rock, yacht rock",10
"dance pop, neo mellow, pop, pop rock",10
"dance pop, dancehall, pop, pop rap",10
neo soul,10
"pop rap, trap",10
"folk-pop, neo mellow",10
"desi pop, hindi hip hop",10
"adult standards, lounge, soul, swing, vocal jazz",10
"new beat, tamil pop",10
"dutch house, edm, electro house, house, pop dance, progressive electro house, progressive house",10
"french indie pop, french rock",10
dark r&b,10
"dance rock, new romantic, new wave, permanent wave, rock, synthpop",10
"boston hip hop, hip hop, pop rap, rap",10
"desi hip hop, hindi hip hop",10
"brostep, complextro, edm, electro, pop dance",10
irish hip hop,10
"chilean rock, concepcion indie, latin alternative, latin rock, rock en espanol",10
"contemporary country, country, country pop, country road, modern country rock",10
"new school turkce rap, turkce trap metal",10
"art pop, indie soul, indietronica, uk alternative pop",10
"comic, pov: indie",10
"israeli pop, israeli rock",10
"monterrey indie, urbano mexicano",10
"gauze pop, indietronica, modern rock, pov: indie, shiver pop",10
"latin house, salsa, tropical",10
barnmusik,10
r&b en espanol,10
"cuarteto, cumbia villera",10
"canadian electronic, dutch house, edm, electro house, pop dance, progressive electro house, slap house",10
"emo, modern rock, pop, rock",10
"dance pop, electropop, neo-synthpop, scandipop, swedish electropop, swedish pop",10
"dance pop, pop dance, talent show, uk pop",10
venezuelan hip hop,10
swedish alternative rock,10
new york drill,10
"bolero, latin pop",10
rap chileno,10
"dirty south rap, gangster rap, hip hop, rap, southern hip hop, trap",10
jawaiian,10
"carnaval, nederlandse hardstyle",10
neue neue deutsche welle,10
barcadi,10
"dancefloor dnb, pop dance, uk dance",10
"bachata, dominican pop, reggae en espanol",10
"dance pop, edm, electro house, electropowerpop, pop dance",10
"indietronica, metropopolis, neo-synthpop, shimmer pop",10
"art pop, electro-pop francais, metropopolis, shimmer pop",10
"german pop, indie viet",10
"belgian indie, belgian rock, ghent indie",10
"alt z, uk pop",10
"greek hip hop, greek trap, greek underground rap",10
"czech hip hop, czsk hip hop, czsk viral pop",10
"arrocha, sertanejo universitario",10
deep talent show,10
"corrido, corridos tumbados, sad sierreno, trap latino, urbano latino",10
vapor pop,10
"australian indie, australian pop",10
"latin pop, spanish pop",10
"auckland indie, etherpop, indietronica, metropopolis, nz pop",10
"bassline, charva, nottingham hip hop",10
"alternative rock, chamber pop, permanent wave, singer-songwriter",10
"swedish idol pop, swedish pop, uppsala indie",10
"g funk, gangster rap, hip hop, pop rap, rap, west coast rap",10
dutch edm,10
operatic pop,10
"alternative rock, britpop, madchester, permanent wave, rock",10
"austrian indie, austrian pop, austropop",10
bulgarian hip hop,10
"romanian house, romanian pop",10
"latin arena pop, latin pop, mexican pop, reggaeton",10
"pagode, pagode novo, sertanejo, sertanejo universitario",10
"arrocha, forro, forro de favela, funk carioca",10
banda,10
"banda, musica mexicana, norteno, sad sierreno",10
"spanish indie pop, spanish synthpop",10
"flamenco urbano, pop flamenco, spanish hip hop",10
"rap espanol, trap triste",10
spanish hip hop,10
"chicago rap, conscious hip hop, hip hop, pop rap, rap, trap",10
"lithuanian indie, lithuanian pop",10
"finnish death metal, finnish melodeath, groove metal, melodic death metal, metal, power metal, speed metal",10
"finnish metal, suomi rock",10
toronto rap,10
plugg francais,10
"desi hip hop, desi pop, hindi indie, indian edm, indian indie",10
j-rock,10
"kazakh hip hop, kazakh pop, q-pop",10
"lagu sabahan, malaysian pop",10
"dutch hip hop, moroccan pop",10
"arab pop, moroccan pop, rif",10
indie rock,10
"norwegian indie, norwegian pop, scandipop",10
"cubaton, modern salsa, reparto, salsa urbana",10
"opm, pinoy rock",10
"opm, pinoy hip hop, pinoy r&b",10
"deep neofolk, opm, pinoy r&b",10
polish trap,10
baroque pop,10
"czsk hip hop, czsk reggae",10
indie soul,10
"turkish jazz, turkish pop, turkish singer-songwriter",10
huzunlu sarkilar,10
"classic russian pop, russian pop",10
"singaporean mandopop, singaporean singer-songwriter, taiwan pop",10
"taiwan indie, taiwan pop, taiwan singer-songwriter",10
"thai folk rock, thai rock",10
"v-pop, vinahouse",10
"forro, piseiro, arrocha, seresta, sertanejo, brega",10
"malay, malay pop, malaysian pop, malay rap",10
"salsa, merengue, son cubano",10
"v-pop, vietnamese hip hop, vietnamese lo-fi, vietnam indie, vinahouse",10
"punjabi hip hop, punjabi pop, desi hip hop, desi, hindi hip hop",10
"brazilian hip hop, boom bap, brazilian trap",10
"banda, norteno, grupera",10
fado,10
"indian indie, hindi indie",10
"dancehall, soca, afrobeats",10
"vietnamese hip hop, v-pop, vinahouse, vietnam indie",10
spanish-language reggae,10
"funk, brazilian funk",10
"progressive metal, metalcore",10
k-rock,10
"bacardi, gqom, amapiano",10
"k-rap, k-pop",10
"chilean mambo, reggaeton chileno, chilean trap, mambo, guaracha",10
"k-pop, noise music",10
"finnish pop, europop",10
"mandopop, c-pop, taiwanese pop, chinese r&b",10
"taiwanese pop, taiwanese indie, chinese indie",10
"east coast hip hop, old school hip hop, hardcore hip hop, hip hop, boom bap",10
"latin afrobeats, reggaeton, pop urbano",10
"reggaeton, pop urbano, latin, colombian pop",10
"hindi indie, indian indie, desi pop, hindi pop",10
synthpop,10
"french r&b, pop urbaine, afrobeats, afrobeat",10
"reggaeton chileno, chilean trap, chilean mambo, mambo, rkt, guaracha, turreo",10
"bollywood, indian indie, desi pop",10
"corrido, electro corridos, corridos belicos, corridos tumbados, dembow belico",10
"asakaa, ghanaian hip hop, hiplife, afrobeats, afrobeat, afropop, afro adura, afropiano",10
"soca, shatta",10
reggae en espanol,10
"norteno, ranchera, corrido, banda, cumbia nortena, grupera",10
"future house, deep house",10
"future house, big room, edm",10
"east coast hip hop, old school hip hop, hardcore hip hop, boom bap, hip hop",10
"classic oklahoma country, modern country pop",9
"banda, musica mexicana, norteno, sad sierreno, sierreno",9
"funk carioca, trap brasileiro",9
new wave pop,9
japanese electropop,9
brazilian gospel,9
"dance pop, girl group, pop",9
"east coast hip hop, gangster rap, hardcore hip hop, hip hop, rap",9
"dance pop, pop, pop dance, pop rap",9
"argentine hip hop, rap conciencia, rap underground argentino",9
"alternative metal, alternative rock, grunge, permanent wave, rock",9
"modern alternative rock, modern rock, stomp pop",9
"latin alternative, latin rock, rock en espanol, spanish pop, spanish rock",9
"arrocha, batidao romantico",9
"melodic rap, rap",9
uk contemporary r&b,9
"dutch house, edm, electro house, melbourne bounce, melbourne bounce international, pop dance, progressive electro house",9
"swedish eurodance, swedish pop",9
"argentine rock, electronica argentina, latin alternative, latin rock, pop electronico, rock en espanol",9
"reggaeton flow, urbano latino",9
"pop rap, rap, southern hip hop, trap",9
"baton rouge rap, rap, southern hip hop, trap",9
"alternative metal, modern rock, pop punk, punk, rock, socal pop punk",9
"british soul, neo mellow, scottish singer-songwriter",9
"german pop, modern rock",9
"chicago drill, chicago rap, drill, hip hop, rap, trap",9
"hands up, italo dance",9
"pop dance, pop edm",9
"pop rap, rap",9
"alt z, australian alternative pop, pop",9
"adult standards, easy listening",9
"rap canario, trap latino, urbano espanol",9
"deep euro house, new french touch",9
"disco house, edm, electro house, filter house, house, pop dance, vocal house",9
"turkish deep house, turkish edm",9
"flamenco urbano, pop flamenco, urbano espanol",9
"russian hip hop, zxc",9
"boy band, pop, post-teen pop, talent show",9
"norwegian pop, sami",9
"balkan beats, downtempo, electro swing, nu jazz",9
"german dance, hypertechno, slap house",9
"russian gangster rap, russian hip hop, russian reggae",9
"cumbia, vallenato",9
"funk carioca, funk mtg",9
"arrocha, arrochadeira, funk paulista, rave funk",9
"indietronica, metropopolis",9
"afghan rap, german hip hop, hamburg hip hop",9
"arabesk, deep turkish pop, turkish pop",9
"downtempo, electronica, indietronica, instrumental hip hop, jazztronica, nu jazz, trip hop",9
"art pop, electropop, indie poptimism, indietronica, shimmer pop",9
"german pop, german pop rock",9
"cueca chilena, folklore chileno",9
"merengue, salsa, tropical",9
"latin pop, puerto rican pop, salsa, salsa puertorriquena, tropical",9
"conscious hip hop, east coast hip hop, golden age hip hop, hip hop, jazz rap, queens hip hop",9
"talent show, uk pop",9
post-teen pop,9
basshall,9
"classic greek pop, greek pop, laiko",9
"canadian pop, canadian rock, pop quebecois",9
"indonesian hip hop, indonesian pop",9
"dutch pop, kermis",9
"birmingham grime, birmingham hip hop, birmingham indie, grime, uk hip hop",9
russian viral rap,9
"deep pop edm, melodipop",9
"deep german hip hop, german drill, german hip hop",9
"slovak pop, slovak rock",9
"mexican hip hop, rap conciencia",9
"epa dunk, swedish eurodance",9
"argentine rock, latin alternative, latin rock, post-punk argentina, rock en espanol",9
"cumbia, latin alternative, latin rock, pop electronico, tropical alternativo",9
"german pop, german r&b",9
"french hip hop, pop urbaine, rap congolais, rap francais",9
"grupera, gruperas inmortales, musica mexicana",9
"latin talent show, reggae catala",9
"rap politico, spanish hip hop, urbano espanol",9
"czech pop, slovak pop, slovak punk",9
arab pop,9
"egyptian trap, mahraganat",9
"canadian hip hop, toronto rap",9
"chicha, cumbia, cumbia salvadorena",9
"electropop, pop dance, pop edm",9
"latin christian, latin worship",9
hong kong indie,9
"hungarian pop, hungarian rock",9
"kollywood, tamil pop",9
"desi emo rap, desi hip hop",9
"desi hip hop, desi pop, desi trap, hindi hip hop",9
malayalam hip hop,9
"j-pop, japanese electropop, japanese r&b",9
"j-division, j-pop",9
anime,9
"south african house, south african pop, south african pop dance",9
"kizomba, musica angolana, portuguese pop, semba",9
"rai, rai algerien",9
"classic arab pop, moroccan pop, rai",9
carnaval,9
nz hip hop,9
"afrobeats, afropop, alte, azontobeats, nigerian pop",9
"norske viser, norwegian pop, talentkonkurranse",9
"nordnorsk musikk, russelater",9
nohay,9
"panamanian pop, tipico",9
"baroque pop, modern rock, neo mellow, uk alternative pop",9
"hip hop tuga, rap portuense",9
"hip hop tuga, rap angolano",9
"kizomba, musica angolana, portuguese pop",9
krushfunk,9
"czech rock, slovak punk, slovak rock",9
"afro soul, kwaito, south african pop",9
"amapiano, sgija, underground amapiano",9
korean trap,9
"k-rap, korean drill",9
"swedish pop, swedish singer-songwriter",9
mundart,9
"turkish pop, turkish punk, turkish rock",9
"karadeniz turkuleri, turkish pop",9
"melodic drill, uk drill, uk hip hop, uk melodic rap",9
"thai indie rock, thai rock",9
"piseiro, forro, sertanejo, arrocha, brega, seresta",9
"german pop, german hip hop",9
"brazilian funk, funk carioca",9
"sertanejo, sertanejo universitario, agronejo, piseiro, arrocha",9
"indonesian pop, malay",9
"gospel, worship, afrogospel",9
qawwali,9
"pinoy hip hop, pinoy r&b, opm",9
"norwegian rap, norwegian pop",9
"amapiano, gqom",9
"malay, indonesian pop, malay pop",9
"sufi, bollywood, hindi pop, qawwali, desi, desi pop",9
"flamenco, flamenco urbano, flamenco pop",9
"rkt, turreo, cumbia, cuarteto",9
"german indie, german hip hop",9
"taiwanese indie, chinese indie, bedroom pop",9
"dansk pop, dansktop, dansk rap",9
"bacardi, amapiano",9
"brazilian funk, funk carioca, funk pop, funk melody",9
"vallenato, tropical music, cumbia",9
"norwegian pop, christmas",9
"salsa, merengue, son cubano, bolero",9
"opm, harana, p-pop, parang, pinoy indie, kundiman",9
"thrash metal, metal, heavy metal, speed metal",9
"bongo flava, bongo piano, singeli, amapiano, gengetone, afropiano, afrobeats, afropop",9
"afro house, afropop",9
"kizomba, coupe decale",9
"cumbia, tropical music, cumbia sonidera, electrocumbia, vallenato",9
"banda, norteno, corrido, grupera, ranchera",9
"future house, bass house, g-house, house",9
"latin rock, latin alternative",9
bronx drill,8
alternative metal,8
"indietronica, modern alternative rock, modern rock, rock",8
"glam rock, mellow gold, piano rock, rock",8
"atl hip hop, pop rap, rap, trap",8
"desi pop, filmi, indian singer-songwriter, modern bollywood",8
modern alternative pop,8
pinoy drill,8
contemporary r&b,8
"brooklyn drill, nyc rap",8
"alt z, canadian contemporary r&b, singer-songwriter pop",8
"edm, pop dance, pop house, uk dance",8
london rap,8
"pinoy hip hop, pinoy trap",8
"cali rap, pop rap, rap, southern hip hop, trap",8
aesthetic rap,8
"k-rap, korean old school hip hop",8
"alternative r&b, dance pop, metropopolis, pop, r&b, urban contemporary",8
"house, pop dance",8
"escape room, minnesota hip hop, pop, trap queen",8
"latin afrobeat, latin alternative, latin hip hop, puerto rican rock, rap conciencia, reggaeton, rock en espanol",8
"cumbia chilena, cumbia villera",8
"latin hip hop, reggaeton",8
"neo mellow, pop rock",8
classic italian pop,8
"opm, pinoy alternative rap, pinoy hip hop, pinoy r&b, pinoy trap",8
"alternative rock, funk metal, funk rock, permanent wave, rock",8
"v-pop, viet lo-fi",8
"australian dance, big room, melbourne bounce, melbourne bounce international",8
"funk mtg, rave funk",8
"contemporary country, country road, modern country rock",8
cloud rap,8
"hypertechno, melbourne bounce international",8
chanson,8
modern alternative rock,8
"german alternative rap, german hip hop, german pop",8
levenslied,8
"dance pop, grime, pop rap",8
"folk-pop, metropopolis, modern rock, stomp and holler",8
"minimal tech house, tropical house",8
"comic metal, german metalcore, trancecore",8
cali rap,8
"mambo chileno, reggaeton chileno, urbano chileno",8
"dancehall, jamaican dancehall, reggae fusion",8
"british soul, electropop, neo soul, pop soul, uk pop",8
"colombian pop, musica popular colombiana, reggaeton",8
"future garage, house, pop dance, uk dance",8
"banda, musica mexicana, norteno, ranchera",8
"trap argentino, trap chileno",8
"escape room, hip hop, indie soul, neo soul",8
"post-teen pop, talent show, uk pop, viral pop",8
soundtrack,8
"arrocha, sertanejo pop",8
"eurodance, german techno, hamburg electronic, happy hardcore",8
"danish indie pop, danish pop",8
"cantautora mexicana, latin alternative, latin pop, mexican pop, rock en espanol, veracruz indie",8
deep german hip hop,8
"dancehall, dancehall queen",8
"belgian rock, classic belgian pop, flemish folk, kleinkunst",8
"hip hop, rap, tennessee hip hop, underground hip hop",8
"danish pop, danish singer-songwriter",8
"dembow, dembow dominicano",8
"chilean indie, chilean rock, cumbia chilena, pop chileno",8
"edm, electro house, pop dance",8
"classic norwegian pop, norwegian pop",8
champeta,8
"danish electronic, danish hip hop, danish pop",8
bolobedu house,8
"classic greek rock, entehno",8
"russian dance, russian edm, russian pop",8
"p-pop, pinoy idol pop",8
south african deep house,8
"classic indonesian rock, indonesian rock",8
vietnamese melodic rap,8
"belgian pop, belgian rock, belgian singer-songwriter",8
channel pop,8
"rap conscient, variete francaise",8
"belgian edm, belgian pop",8
"german drill, german hip hop, german underground rap",8
"panamanian pop, reggaeton",8
dominican indie,8
"latin arena pop, latin pop, latin viral pop, mexican pop",8
"french pop, r&b francais, variete francaise",8
"latin alternative, latin pop, latin rock, mexican rock, rock en espanol",8
"banda, banda sinaloense, musica mexicana, norteno",8
"icelandic indie, icelandic pop, icelandic singer-songwriter",8
"grupera, gruperas inmortales, musica mexicana, norteno, ranchera",8
"flamenco urbano, rap espanol",8
"latin arena pop, latin pop, latin viral pop",8
"pop catracho, raspe, reggaeton flow, trap latino, urbano latino",8
"middle east hip hop, palestinian hip hop",8
palestinian pop,8
"arab pop, khaleeji iraqi, khaliji, yemeni pop",8
"finnish dance pop, finnish hip hop, finnish pop, finnish reggae",8
"alternative metal, gothenburg metal, melodic death metal, melodic metalcore, metal, swedish alternative rock, swedish death metal, swedish melodeath, swedish metal",8
"deep rai, french hip hop, pop urbaine, rif",8
rap calme,8
chamber pop,8
anime rap,8
rock chapin,8
guatemalan pop,8
"anime, anime rock",8
classic icelandic pop,8
"icelandic indie, icelandic rock",8
"bandung indie, indonesian folk pop, indonesian indie, indonesian pop, indonesian pop punk",8
"indonesian folk, indonesian indie, indonesian pop",8
"indonesian jazz, indonesian pop, indonesian reggae",8
"crank wave, irish indie rock, irish post-punk",8
"folk rock italiano, italian adult pop, italian alternative, italian indie pop, italian pop",8
"italian hip hop, r&b italiano, rap napoletano",8
emo rap italiano,8
"j-pop, j-pop girl group",8
"j-pop, j-punk, j-rock, japanese pop punk, japanese punk rock",8
"j-pop, j-rock, japanese pop punk, japanese punk rock",8
"bitpop, j-idol, j-pop, j-pop girl group, japanese electropop, picopop",8
"gym phonk, krushfunk",8
"indie surf, latvian indie, latvian pop",8
"ukrainian indie, ukrainian pop, ukrainian rock",8
"arabic hip hop, moroccan pop, north moroccan rap, rap maroc",8
"arab pop, dabke, lebanese pop",8
"channel pop, dutch pop",8
"dutch edm, dutch hip hop, pop edm",8
"carnaval, levenslied",8
musica nicaraguense,8
"afrobeats, igbo pop, nigerian pop",8
"afrobeats, afropop, alte, nigerian hip hop, nigerian pop",8
pakistani indie,8
"fado, portuguese pop",8
russian hyperpop,8
"russian drill, russian emo rap, russian trap",8
korean underground rap,8
"fotbollslatar, swedish hip hop, swedish pop rap",8
"danspunk, swedish eurodance, swedish pop",8
"melodipop, swedish idol pop, swedish pop",8
"classic swedish pop, swedish pop, swedish soul",8
"swedish hip hop, swedish trap, swedish trap pop",8
"swedish drill, swedish gangsta rap, swedish trap",8
"kosovan pop, schweizer rap, swiss hip hop, swiss trap",8
chinese hip hop,8
"turkish hip hop, turkish pop, turkish rock",8
"russian drain, russian hip hop, russian hyperpop",8
russian post-punk,8
russian viral pop,8
"russian drill, russian emo rap, russian hip hop, russian trap",8
"cantopop, classic cantopop",8
"festigal, israeli pop",8
japanese viral pop,8
"chinese viral pop, mainland chinese pop",8
"mandopop, taiwan indie, taiwan pop, taiwan rock",8
"mainland chinese pop, mandopop, taiwan singer-songwriter",8
"t-pop, thai ost",8
thai indie,8
"afrobeats, dancehall, nigerian hip hop, nigerian pop",8
anatolian rock,8
"brega funk, brega, brazilian funk",8
"champeta, latin afrobeats",8
"neomelodico, canzone napoletana",8
"malay, malay pop",8
"russelater, norwegian hip hop, norwegian pop, epadunk",8
"khaleeji, arabic hip hop",8
bacardi,8
"flamenco, flamenco pop",8
"epadunk, swedish pop",8
karadeniz folk,8
"p-pop, opm, pinoy r&b",8
"afro adura, afrobeat",8
"hyperpop, art pop",8
"egyptian hip hop, arabic rap, egyptian pop, mahraganat",8
"v-pop, vietnamese hip hop, vinahouse, vietnam indie",8
"thai pop, t-pop, thai indie pop",8
"popular colombian music, ranchera",8
"t-pop, thai pop, thai hip hop",8
"anime, j-rock, j-pop",8
"j-pop, j-rock, japanese indie",8
"merengue, bachata, salsa",8
"rap, hip hop",8
"chinese r&b, mandopop, c-pop",8
"thai hip hop, t-pop, thai pop",8
"bollywood, hindi pop, desi, desi pop, gujarati garba",8
"turkish pop, arabesk, turkish hip hop",8
post-rock,8
moroccan rap,8
"corrido, corridos tumbados, corridos belicos, musica mexicana, banda, sierreno, electro corridos, sad sierreno",8
"amapiano, private school piano, gqom, 3 step, afropiano",8
"cantopop, taiwanese pop",8
"indian indie, desi, hindi indie",8
"electro corridos, dembow belico, corrido, corridos tumbados, corridos belicos, dembow",8
"amapiano, private school piano, 3 step, gqom",8
"latin afrobeats, pop urbano, reggaeton",8
"french rap, french r&b, pop urbaine, drill",8
"bhangra, punjabi pop, desi, bollywood, hindi pop, desi pop",8
"afrobeats, afropiano, afrobeat, amapiano, afropop, afro adura",8
"alte, afrobeats, afropiano, afrobeat, amapiano",8
"salsa choke, dancehall",8
"afro adura, afrobeats, afrobeat, afropop, afropiano, azonto",8
"german indie, german indie pop",8
"hyperpop, french rap, new wave",8
"grime, uk grime, uk drill, drill",8
"amapiano, gqom, private school piano, 3 step, afropiano, bacardi, afrobeats",8
"funky house, disco house",8
maluku,8
"3 step, gqom, amapiano, afro tech, afro house, private school piano, afropiano",8
"afrobeats, afrobeat, afropop, afropiano, afro r&b, afro soul, alte",8
coupe decale,8
"tamil indie, kollywood, tamil pop",8
"vocal jazz, christmas, big band, adult standards, jazz",8
"lo-fi house, breakbeat",8
"desi hip hop, hindi hip hop, indian indie, hindi indie",8
"indonesian r&b, indonesian pop, indonesian hip hop",8
"opm, harana, kundiman, p-pop, parang, pinoy indie, pinoy r&b",8
"jazz, bossa nova",8
"3 step, amapiano, maskandi, gqom, private school piano, afropiano, afro tech, afro house",8
"punjabi hip hop, punjabi pop, indian indie, desi, desi hip hop, hindi indie",8
"uk drill, drill, uk grime",8
"chicago drill, drill",8
"merengue, bachata, mambo",8
"cumbia, electrocumbia, cuarteto",8
"rally house, house",8
hip hop,8
"brass band, banda, cumbia nortena",8
"norteno, norteno sax, musica mexicana, ranchera, corrido, banda, cumbia nortena",8
"east coast hip hop, old school hip hop, hip hop",8
"east coast hip hop, old school hip hop, boom bap",8
"old school hip hop, east coast hip hop, hip hop, gangster rap, hardcore hip hop",8
"hip hop, pop rap, rap, underground hip hop",7
"trap argentino, trap latino",7
"pop, reggae fusion",7
"corrido, corridos tumbados, musica mexicana, norteno, sad sierreno",7
"melodic rap, slap house",7
"banda, corrido, musica mexicana, norteno",7
"eurodance, italo dance, slap house",7
"classic country pop, country, country dawn",7
chicago rap,7
"atl hip hop, dance pop, pop rap, rap, southern hip hop",7
"chicago rap, pop rap, r&b, southern hip hop, trap, urban contemporary",7
"la pop, womens music",7
"brighton indie, garage rock, modern rock, rock",7
"british soul, dance pop, pop, talent show",7
"atl hip hop, dirty south rap, gangster rap, hip hop, pop rap, rap, southern hip hop, trap",7
"australian rock, hard rock, rock",7
"rock-and-roll, rockabilly",7
"brazilian rock, hard rock brasileiro, rock alternativo brasileiro, rock nacional brasileiro",7
indonesian folk pop,7
bass trap,7
"celtic punk, celtic rock, folk punk, punk",7
"adult standards, jazz, jazz blues, soul, swing, vocal jazz",7
"dutch house, edm, electro house, future house, house, pop dance, progressive electro house, progressive house",7
"detroit hip hop, detroit trap, rap, southern hip hop, trap",7
"singer-songwriter pop, teen pop, viral pop",7
"atl hip hop, rap, southern hip hop, trap",7
neo-singer-songwriter,7
melodic drill,7
"chilean hardcore, chilean rock, latin rock, rock en espanol, ska chileno",7
"pop rap, rap, southern hip hop, trap, viral trap",7
"dance pop, pop, talent show, uk pop",7
"edm, house, pop dance, progressive house, uk dance",7
"latin viral pop, spanish pop",7
"piano rock, viral pop",7
"alternative rock, anti-folk, permanent wave, rock",7
pop flamenco,7
"australian indie rock, australian surf rock, fremantle indie, perth indie",7
"dutch house, edm, electro house, pop dance, progressive electro house, progressive house",7
"thai pop, thai rock",7
"dirty south rap, gangster rap, memphis hip hop, rap, southern hip hop, tennessee hip hop, trap",7
fvnky rimex,7
comic,7
"discofox, partyschlager",7
pop lgbtq+ brasileira,7
"indie viet, v-pop, viet lo-fi",7
"canadian rock, pop rock",7
"art pop, indietronica",7
"balkan hip hop, slovenian pop, turbo folk",7
gym hardstyle,7
"edm, electro house",7
"metropopolis, nottingham indie",7
"funk carioca, funk mtg, funk ostentacao, funk paulista",7
"argentine hip hop, trap argentino, trap latino, trap triste",7
"big room, dance pop, dutch house, edm, electro house, pop dance",7
"art pop, canadian electropop, grave wave, indietronica, metropopolis, neo-synthpop",7
"anime, k-pop boy group",7
melbourne bounce international,7
"modern rock, permanent wave, punk, rock",7
russian plugg,7
"alternative r&b, indie soul",7
"argentine telepop, folklore argentino",7
"latin arena pop, latin pop, mexican pop, spanish pop, spanish pop rock",7
"australian indie, australian pop, folk-pop",7
"belgian hip hop, dutch hip hop",7
"channel pop, viral pop",7
"rap chileno, urbano chileno",7
rap espanol,7
trap triste,7
guaracha,7
"aussietronica, australian indie, brisbane indie",7
dutch house,7
dutch r&b,7
"deep house, pop dance, tropical house",7
"german pop, german singer-songwriter",7
"russian drain, russian emo rap, russian hyperpop",7
"melodic rap, miami hip hop, trap, underground hip hop",7
greek indie,7
"funk carioca, nova mpb, pop rap brasileiro",7
funk mandelao,7
uk alternative pop,7
acoustic cover,7
danish electropop,7
"cumbia paraguaya, cumbia pop, cumbia villera",7
"german pop, schlager",7
"hip hop quebecois, pop quebecois, rap conscient, rap montrealais",7
maltese pop,7
"candy pop, norwegian pop, norwegian singer-songwriter",7
"afrobeats, afroswing, london rap, nigerian pop, uk hip hop",7
german r&b,7
r&drill,7
pop quebecois,7
"cumbia paraguaya, cumbia pop, paraguayan rock",7
shimmer pop,7
chilean rock,7
"nordic house, pop house",7
"deep pop edm, pop dance, swedish tropical house",7
"dakke dak, danish electronic, danish hip hop, danish pop",7
"bulgarian hip hop, bulgarian trap",7
"dutch indie, dutch pop",7
"musica costarricense, pop costarricense",7
"czech pop, slovak pop",7
"danish alternative rock, danish pop, danish pop rock, danish rock",7
"classic swedish pop, dansband, skansk musik, swedish country",7
"agronejo, arrochadeira, funk carioca, funk paulista",7
"german dance, german pop",7
"latin pop, modern salsa, salsa, salsa peruana, salsa puertorriquena, tropical",7
"sad lo-fi, sad rap",7
"classic venezuelan pop, cumbia, jazz venezolano, salsa, tropical",7
"album rock, classic rock, mellow gold, rock, singer-songwriter, soft rock, yacht rock",7
"classic rock, rock",7
"folk rock italiano, italian adult pop, rome indie",7
"colombian hip hop, mexican hip hop",7
"latin pop, ranchera",7
"edm, pop dance, progressive electro house, tropical house",7
"arab alternative, arab pop, egyptian alternative, egyptian pop",7
arab alternative,7
rally house,7
"hard bass, russian rave",7
"icelandic electronic, icelandic post-punk, icelandic punk, icelandic rock",7
"finnish pop, finnish reggae, suomi rock",7
iskelma,7
"finnish indie, finnish jazz, finnish pop, suomi rock",7
chanson quebecois,7
"finnish blues, suomi rock",7
finnish metal,7
"french hip hop, rap calme",7
"drill francais, pop urbaine, rap francais",7
big room,7
"german indie, german pop",7
latin worship,7
"icelandic pop, icelandic rock",7
"chamber pop, compositional ambient, dream pop, ethereal wave, icelandic rock, indie rock, melancholia, nordic post-rock, post-rock",7
"tamil pop, tollywood",7
"himachali pop, modern bhajan",7
lagu jawa,7
"indonesian indie, indonesian jazz, indonesian pop, indonesian singer-songwriter",7
"indonesian folk pop, indonesian pop",7
"indonesian idol pop, indonesian pop, indonesian pop rock",7
sholawat,7
"italian pop, italo dance",7
japanese pop rap,7
"latvian folk, latvian pop",7
"lithuanian pop, lithuanian rock",7
"malay rap, malaysian pop",7
"arabic hip hop, moroccan pop, rai, rif, tunisian pop",7
"moroccan pop, rap belge",7
"moroccan pop, north moroccan rap, rap maroc",7
"dutch house, dutch rap pop",7
"dutch hip hop, moombahton",7
"dutch pop, dutch rock, kermis, levenslied",7
"afrobeats, afropop, azonto, nigerian pop",7
"afrobeats, viral afropop",7
"cruise, nigerian pop",7
"norwegian hip hop, norwegian rock",7
"opm, pinoy hip hop, pinoy r&b, tagalog rap",7
classic disco polo,7
"kizomba, musica angolana",7
"afro r&b, afro soul, south african pop, south african r&b",7
"ccm, christian music, worship",7
"swedish dancehall, swedish hip hop, swedish reggae, swedish trap pop",7
"classic swedish pop, dansband, swedish pop",7
"swedish pop, swedish pop rap",7
"classic swedish pop, swedish americana, swedish punk",7
"mandopop, taiwan hip hop, taiwan pop",7
c-pop,7
"thai indie, thai indie rock, thai pop",7
"thai ost, thai pop",7
"turkish alt pop, turkish pop, turkish rock, turkish singer-songwriter",7
turkish soundtrack,7
"turkish alternative, turkish rock",7
"russian alt pop, russian punk",7
russian emo rap,7
"c-pop, classic mandopop, mandopop",7
"israeli pop, israeli singer-songwriter",7
"israeli pop, israeli rock, israeli singer-songwriter",7
"alte, neo soul, nigerian pop, pop soul",7
"kavkaz, russian electronic, russian gangster rap, russian hip hop, russian trap",7
"chinese singer-songwriter, mainland chinese pop",7
"c-pop, mandopop",7
"chinese r&b, mandopop, taiwan hip hop",7
"taiwan hip hop, taiwan pop, taiwan singer-songwriter",7
"colombian pop, reggaeton, reggaeton colombiano, trap latino, urbano latino",7
"piseiro, sertanejo, forro, arrocha, agronejo, sertanejo universitario",7
"moroccan rap, arabic hip hop, moroccan pop",7
grupera,7
"funk consciente, brazilian funk, trap funk",7
"pinoy hip hop, pinoy r&b, opm, p-pop",7
"arabesk, oyun havasi, turkish pop",7
"arabesk, anatolian rock",7
"thai pop, t-pop, thai rock, thai indie pop",7
"j-pop, japanese indie, j-rock",7
"amapiano, afropop, afro soul, gqom",7
"hindi pop, bollywood",7
"k-rock, k-ballad",7
"phonk, drift phonk",7
"rai, moroccan chaabi",7
"corrido, corridos tumbados, corridos belicos, electro corridos, sad sierreno",7
"italian singer-songwriter, singer-songwriter",7
"punjabi pop, punjabi hip hop",7
phonk,7
"sertanejo, sertanejo universitario, agronejo, arrocha, piseiro",7
"drum and bass, liquid funk",7
"thai hip hop, thai trap, t-pop, thai pop",7
"chinese hip hop, taiwanese pop, mandopop, chinese r&b, c-pop",7
"vallenato, colombian pop",7
"pop urbaine, french rap, french r&b",7
"k-rap, k-ballad",7
"indian indie, hindi indie, desi",7
"corrido, corridos tumbados, corridos belicos, musica mexicana, sierreno, banda, electro corridos, sad sierreno, dembow belico",7
"corrido, corridos tumbados, corridos belicos, electro corridos, dembow belico",7
"corrido, electro corridos, corridos tumbados, corridos belicos, dembow belico",7
"opm, pinoy indie, harana, p-pop, kundiman",7
"metal, heavy metal, rock, stoner rock, doom metal, hard rock",7
"arabic hip hop, egyptian hip hop, khaleeji",7
"3 step, amapiano, private school piano, gqom, afro house, afro tech, afropiano",7
new jack swing,7
"guaracha, reggaeton chileno, chilean trap, chilean mambo",7
"urbano latino, latin r&b",7
"indie, indie rock",7
chilean trap,7
"brazilian pop, funk pop, brazilian funk, funk carioca",7
"indian indie, bollywood, sufi, desi pop",7
"cumbia nortena, banda, norteno, musica mexicana, corrido, corridos tumbados, grupera, tejano, ranchera",7
"kizomba, zouk, kompa, kuduro",7
bongo flava,7
"gospel, afrogospel",7
"worship, christian, ccm, gospel, pop worship",7
"bongo flava, bongo piano, singeli, afrobeats, afrobeat, afropop, amapiano",7
"arabic hip hop, moroccan rap",7
"dancehall, ragga, soca, reggae, riddim",7
"tejano, cumbia, musica mexicana",7
"cumbia, cumbia sonidera, tropical music, salsa",7
"cumbia, chicha, huayno, guaracha, cumbia sonidera",7
"cumbia, cumbia nortena, cuarteto",7
"cumbia, cuarteto, chamame",7
"cumbia, chicha, latin alternative",7
miami bass,7
"disco, funk",7
"corrido, banda, norteno, corridos belicos, musica mexicana, sierreno, ranchera",7
"norteno, grupera, banda, tejano",7
"norteno, corrido, ranchera, banda, musica mexicana, grupera, norteno sax",7
"norteno, corrido, cumbia nortena, tejano",7
"ranchera, norteno, mariachi, tejano, corrido, musica mexicana",7
"norteno, ranchera, corrido, banda, grupera, musica mexicana, cumbia nortena",7
west coast hip hop,7
"old school hip hop, gangster rap, west coast hip hop, g-funk",7
"east coast hip hop, old school hip hop, hip hop, boom bap",7
"old school hip hop, east coast hip hop, hip hop, hardcore hip hop",7
rave funk,6
"neo mellow, piano rock, pop rock",6
"modern indie pop, pov: indie, singer-songwriter pop",6
"irish rock, pop rock, rock",6
"australian reggae fusion, australian surf rock",6
"trap brasileiro, trap carioca",6
"deep groove house, house, pop dance, uk dance",6
"electro house, pop dance, slap house",6
korean city pop,6
"cantautora mexicana, latin alternative, latin pop, latin rock, rock en espanol",6
"colombian pop, latin alternative, latin pop, rock en espanol",6
"british invasion, classic rock, merseybeat, psychedelic rock, rock",6
"big room, german dance, hypertechno, slap house",6
pop rock,6
"album rock, classic rock, hard rock, heartland rock, mellow gold, rock, singer-songwriter, soft rock",6
"post-teen pop, viral pop",6
sad lo-fi,6
"canadian hip hop, dark trap, meme rap",6
"metropopolis, pop, pov: indie, uk alternative pop",6
"dance pop, neo soul, pop rap, r&b, urban contemporary",6
acid house,6
"new wave, permanent wave, rock, uk post-punk",6
"dance pop, gangster rap, hip hop, pop rap, rap, st louis rap, urban contemporary",6
modern blues rock,6
"bronx hip hop, east coast hip hop, gangster rap, hardcore hip hop, hip hop, pop rap, rap, trap",6
"huzunlu sarkilar, turkce slow sarkilar",6
"permanent wave, rock",6
"funk, funk rock, minneapolis sound, rock, synth funk",6
"neo mellow, uk pop",6
"gym phonk, phonk brasileiro",6
"modern rock, pop, pov: indie, rock",6
"electropop, indie poptimism, viral pop",6
"axe, pagode, pagode baiano",6
"alt z, gen z singer-songwriter",6
"irish pop, singer-songwriter pop",6
"boy band, contemporary r&b, new jack swing, r&b, urban contemporary",6
"k-pop, korean talent show",6
"australian indie folk, indie folk",6
nordic house,6
nyc rap,6
"belo horizonte indie, nova mpb",6
"deboxe, funk mandelao, funk mtg, funk viral",6
"album rock, blues rock, classic rock, electric blues, mellow gold, rock, singer-songwriter, soft rock",6
ambient,6
"classic oklahoma country, contemporary country, country, country road",6
"hip hop, pop rap, rap, trap, underground hip hop",6
australian reggae fusion,6
"hypertechno, techno remix",6
"conscious hip hop, hip hop, rap",6
"boom bap espanol, rap canario, spanish hip hop, urbano espanol",6
italian pop rock,6
"dance pop, talent show, uk dance, uk pop",6
album rock,6
"complextro, edm, electro house, pop dance, progressive electro house",6
"dancehall, reggae fusion",6
"opm, pinoy city pop",6
"chicha, cumbia chilena, cumbia villera",6
"vietnamese hip hop, vietnamese trap",6
"alt z, pop, talent show",6
"italian adult pop, mexican pop",6
"grime, instrumental grime",6
"chillwave, edm, indietronica",6
"rap baixada fluminense, trap brasileiro, trap carioca",6
"australian country, australian pop, contemporary country, country, country road",6
"thai indie rock, thai pop",6
"adult standards, mellow gold, soft rock",6
mexican pop,6
"dance pop, idol, pop, post-teen pop",6
"dancehall, jamaican hip hop, reggae fusion, traphall",6
"latin viral pop, mexican pop",6
"bosnian pop, turbo folk",6
latin christian,6
"modern rock, post-grunge",6
"australian indigenous music, australian pop, australian talent show",6
raspe,6
"alt z, electropop",6
"neoperreo, trap chileno, urbano chileno",6
"baroque pop, modern rock, sheffield indie",6
"chanson, french pop, variete francaise",6
"arrochadeira, brega funk",6
"african rock, south african alternative, south african hip hop",6
"acoustic pop, ectofolk, lilith, neo mellow",6
"pop reggaeton, urbano espanol",6
"funk carioca, funk pop, funk rj, pop nacional",6
"australian dance, australian indie, downtempo, escape room",6
"german alternative rap, german hip hop, german underground rap",6
"electropop, indie poptimism, pov: indie",6
"ghanaian hip hop, viral trap",6
"funk mtg, funk rj, funk viral",6
"trap latino, reggaeton, trap, urbano latino",6
"afrofuturismo brasileiro, brazilian hip hop, brazilian reggae, funk ostentacao, hip hop tuga, manguebeat, pop lgbtq+ brasileira",6
"hip hop, rap, southern hip hop, trap",6
"chinese r&b, mandopop, taiwan idol pop",6
talent show,6
"grime, uk drill, uk hip hop",6
"classic hardstyle, dutch house, edm, electro house, euphoric hardstyle, melbourne bounce, pop dance, progressive electro house",6
"aussietronica, gauze pop, house",6
"uk alternative hip hop, uk hip hop",6
"czech pop rock, czech punk, czech rock",6
argentine hip hop,6
"mellow gold, soft rock",6
nu disco,6
"ukrainian hip hop, ukrainian pop, ukrainian rock",6
drum and bass,6
"champeta, salsa choke",6
arrocha,6
"alt z, swedish electropop",6
"indonesian pop punk, indonesian rock",6
marathi pop,6
"classic rock, mellow gold, rock, soft rock",6
persian pop,6
"merengue, merengue tipico",6
"edm, electro house, pop dance, pop edm, progressive electro house, progressive house, progressive trance",6
"funk carioca, funk das antigas, funk ostentacao, funk pop, sertanejo universitario",6
jamaican dancehall,6
"deep groove house, house, uk dance",6
swedish tropical house,6
"entehno, greek pop, laiko",6
"dancehall, dancehall queen, uk dancehall, uk hip hop",6
"czech pop, polish pop",6
"czsk hip hop, czsk viral pop",6
danish electronic,6
swedish indie pop,6
"disco house, filter house",6
dakke dak,6
"deep german hip hop, german alternative rap, german hip hop",6
"r&b, urban contemporary",6
cumbia uruguaya,6
classic norwegian pop,6
"latin arena pop, latin viral pop, mexican pop",6
danish pop rock,6
"hypertechno, partyschlager",6
"pop rap, portland hip hop, rap, underground hip hop",6
"lilith, new wave pop, singer-songwriter",6
"r&b, talent show, uk pop",6
"classic colombian pop, folclor colombiano, musica popular colombiana",6
"electro latino, reggaeton",6
"album rock, classic rock, heartland rock, mellow gold, rock, soft rock, yacht rock",6
"electropop, indietronica, neo-synthpop, swedish electropop, swedish indie pop, swedish pop",6
"latin arena pop, musica canaria, rock en espanol, spanish pop",6
"afrobeats, afropop, azontobeats, ghanaian hip hop, nigerian pop, swedish dancehall",6
"latin alternative, latin rock, rock en espanol",6
"banda, latin talent show, mariachi, musica mexicana, ranchera",6
"banda, musica mexicana",6
cumbia sonidera,6
"big room, dance pop, dutch house, edm, electro house, pop dance, progressive electro house",6
"cantautor, spanish pop",6
"boom bap espanol, spanish hip hop, urbano espanol",6
"acoustic pop, irish rock, irish singer-songwriter, neo mellow, singer-songwriter",6
indie quebecois,6
"arab pop, belly dance, lebanese pop",6
syrian hip hop,6
"afghan pop, arab pop, belly dance, lebanese pop",6
classic arab pop,6
christian afrobeat,6
"arab pop, syrian pop",6
"cumbia salvadorena, musica costena",6
"estonian folk, estonian pop, estonian rock",6
"finnish dance pop, finnish hip hop, finnish pop, finnish pop punk, iskelma",6
somali pop,6
"finnish pop punk, finnish punk",6
"finnish heavy metal, finnish power metal, power metal",6
"finnish heavy metal, finnish power metal, gothic symphonic metal, power metal, symphonic metal",6
"canadian folk, canadian indigenous music, indie quebecois, inuit pop",6
"anime, anime rock, j-pixie, j-pop",6
"hungarian metal, hungarian rock, magyar alternative",6
jewish pop,6
modern bhajan,6
"desi hip hop, desi pop, punjabi pop, sufi",6
"desi hip hop, desi pop",6
"classic pakistani pop, desi pop, filmi, modern bollywood, pakistani pop, sufi",6
"indonesian city pop, indonesian pop",6
"k-indie, korean pop",6
k-indie,6
limerick indie,6
"emo rap italiano, italian hip hop, italian pop, pop virale italiano",6
rap napoletano,6
"anime rock, dance rock, j-pop, j-rock",6
"j-pop, japanese singer-songwriter, okinawan pop",6
"j-pop, japanese r&b",6
"j-acoustic, j-pop, j-rock, japanese singer-songwriter",6
"central asian hip hop, kazakh hip hop, kazakh indie, kazakh pop",6
kazakh hip hop,6
lithuanian indie,6
"k-rap, korean pop",6
rap tunisien,6
"afrobeats, afropop, igbo pop, nigerian pop",6
"afrobeats, afropop, alte, nigerian pop",6
"classic norwegian pop, norske viser, norwegian singer-songwriter, rogaland musikk",6
epa dunk,6
"norske viser, norwegian pop",6
"pakistani indie, pakistani rock",6
"pakistani hip hop, pakistani pop",6
"classic pakistani pop, filmi, indian fusion, pakistani folk, qawwali, sufi, world",6
"classic pakistani pop, naat, pakistani pop",6
"pinoy hip hop, pinoy trap, tagalog rap",6
"polish electronica, polish hip hop, polish trap",6
"polish pop, polish reggae",6
"polish post-punk, polish rock",6
"polish alternative rock, polish reggae",6
"portuguese rock, punk tuga",6
"manele, romanian pop, romanian rap",6
"russian drill, russian trap",6
"czech hip hop, czsk hip hop, slovak hip hop",6
"afro soul, south african house, south african pop",6
"south african hip hop, south african pop, south african trap",6
xitsonga pop,6
"alternative r&b, scandinavian r&b, swedish soul",6
"swedish electropop, swedish pop",6
"swedish dancehall, swedish gangsta rap, swedish hip hop, swedish reggae, swedish trap pop",6
danspunk,6
"swedish alternative rock, swedish indie rock",6
"alt z, indie poptimism, metropopolis",6
"chinese electropop, chinese r&b",6
"t-pop, thai folk, thai pop",6
"thai hip hop, thai indie rock, thai trap",6
"turkish alternative, turkish pop, turkish rock",6
"turkish alt pop, turkish modern jazz, turkish rock",6
"turkish pop, turkish trap pop",6
"deep turkish pop, turkish pop",6
"british singer-songwriter, indie anthem-folk",6
"cumbia pop, cumbia uruguaya, plena uruguaya",6
"classic venezuelan pop, gaita zuliana, salsa venezolana, venezuelan rock",6
indie viet,6
ambient lo-fi,6
"russian alt pop, russian rave",6
"ukrainian indie, ukrainian rock",6
"belarusian pop, belarusian rock, classic russian rock, russian alternative rock, russian punk, russian rock",6
"russian hip hop, russian trap, russian viral rap",6
"central asian hip hop, kyrgyz hip hop, russian gangster rap",6
"cook islands pop, fijian pop, melanesian pop, pacific islands pop",6
"malaysian mandopop, mandopop, taiwan singer-songwriter",6
"taiwan idol pop, taiwan pop",6
"t-pop, thai trap",6
"t-pop, thai indie, thai rock",6
trap colombiano,6
"reggaeton, reggaeton colombiano, urbano latino",6
p-pop,6
"corridos tumbados, corrido, corridos belicos, sad sierreno, musica mexicana, banda",6
"reggaeton chileno, chilean trap, chilean mambo, mambo, urbano latino, reggaeton",6
"gufeng, c-pop, mandopop",6
rock,6
"j-pop, j-rock, anime, japanese indie",6
"amapiano, afropiano",6
"phonk, brazilian phonk, funk",6
"thai pop, thai rock, t-pop",6
"grupera, vallenato, cumbia",6
"corrido, corridos belicos, corridos tumbados",6
"indian indie, hindi indie, hindi pop",6
"piseiro, forro, arrocha, sertanejo, agronejo, brega",6
"afropop, afro soul",6
"egyptian pop, khaleeji, mahraganat, sholawat",6
"turkish pop, turkish hip hop",6
"brazilian trap, brazilian hip hop, trap, trap funk",6
"brazilian trap, trap funk, trap",6
"african gospel, gospel",6
"cumbia, cuarteto, rkt",6
"brazilian trap, trap funk, trap, brazilian hip hop",6
"mollywood, malayalam pop, malayalam hip hop",6
"argentine trap, trap latino, turreo",6
"sertanejo, sertanejo universitario, arrocha, piseiro, agronejo",6
"arrocha, seresta, brega, forro, piseiro",6
"finnish pop, iskelma, finnish hip hop, finnish rock",6
"malay, malay rap, malay pop, malaysian pop",6
"banda, norteno, sierreno, corrido, grupera, ranchera, sad sierreno, musica mexicana",6
"k-ballad, k-rock",6
"bacardi, amapiano, gqom, 3 step",6
"german pop, german indie",6
"finnish pop, finnish rock",6
"dark r&b, r&b, trap soul",6
"melodic death metal, folk metal, death metal, progressive metal, gothic metal, metal, doom metal, finnish rock",6
"v-pop, vietnamese lo-fi, vietnamese hip hop, vietnam indie",6
"chilean mambo, reggaeton chileno, mambo, chilean trap, rkt",6
"christmas, big band, adult standards, swing music, jazz, vocal jazz",6
"christmas, adult standards, big band, swing music",6
"yacht rock, soft rock",6
"rockabilly, rock and roll",6
"portuguese hip hop, kizomba, kuduro",6
"arrocha, seresta, forro, brega, piseiro, sertanejo",6
"dembow, neoperreo",6
"german indie, german pop, german indie pop, german hip hop",6
"3 step, amapiano, private school piano, gqom, afro tech, afro house, afropiano",6
sexy drill,6
"alte, nigerian drill",6
"trap funk, brazilian trap, trap, brazilian funk",6
"bhajan, hindi pop, bollywood, devotional",6
"tamil pop, kollywood, bollywood, sufi, hindi pop, desi",6
"afro adura, nigerian drill, afrobeat",6
"argentine trap, trap latino, urbano latino",6
"chilean mambo, chilean trap, mambo, reggaeton chileno",6
"latin pop, reggaeton, pop urbano",6
"merengue, mambo",6
"hard techno, acid techno, techno, tekno",6
"trance, progressive trance, progressive house, electronica",6
"anatolian rock, arabesk, turkish pop",6
"candombe, cumbia",6
"merengue, rumba congolaise",6
"cumbia nortena, norteno, cumbia, tejano, norteno-sax, grupera",6
"reggaeton mexa, neoperreo",6
"reggaeton, urbano latino, latin",6
"afrobeats, afrobeat, afropop, afro adura, afro r&b, afropiano, alte, afroswing, afro soul",6
"chilean trap, chilean mambo, reggaeton chileno, mambo",6
"kizomba, kuduro",6
dream pop,6
"french rap, french r&b, shatta",6
"afrobeats, afropop, afro r&b, gengetone, afrobeat, afro soul, alte, afropiano",6
"afrobeats, hiplife, afrobeat, afropop, azonto, afropiano, afro r&b, afroswing, highlife",6
"asakaa, ghanaian hip hop, hiplife, rap ivoire",6
"hiplife, azonto, shatta, afrobeats, ghanaian hip hop, afrobeat, asakaa, afropop, dancehall, highlife",6
"dancehall, riddim, soca",6
"salsa, cumbia",6
"champeta, merengue, tropical music",6
"reggaeton chileno, neoperreo, chilean mambo, chilean trap",6
"corrido, norteno, cumbia nortena, musica mexicana, banda, ranchera",6
"french house, electronic, electro",6
acid jazz,6
"motown, classic soul, soul",6
"funk, disco",6
"ranchera, banda, mariachi, norteno, grupera, musica mexicana",6
"banda, corrido, norteno",6
"future house, bass house, electro house",6
"future house, big room",6
"southern hip hop, crunk, new orleans bounce",6
"east coast hip hop, boom bap, old school hip hop, hardcore hip hop",6
"french house, new rave",6
"latin alternative, electrocumbia",6
"brooklyn indie, pov: indie",5
"corrido, corridos tumbados",5
"sigilkore, sped up",5
"indie soul, uk contemporary r&b",5
"irish pop, modern rock",5
"bruneian pop, indonesian pop",5
"british soul, neo soul",5
"la indie, pop, pov: indie",5
"alternative rock, garage rock, modern rock, permanent wave, rock",5
"australian house, deep groove house, house",5
"classic soul, jazz blues, memphis soul, neo soul, soul, southern soul, vocal jazz",5
"edm, pop dance, pop edm",5
"opm, p-pop, pinoy singer-songwriter",5
"pop r&b, r&b",5
"eurodance, italo dance",5
"desi pop, hindi indie",5
"brill building pop, classic girl group, motown, rock-and-roll",5
"drift phonk, gym phonk",5
"cloud rap, dark trap",5
"deep tech house, house, progressive house, uk dance",5
"classic italian pop, italian adult pop, mexican pop",5
"arrocha, brega paraense",5
turkish alternative rock,5
"alt z, escape room",5
"channel islands indie, escape room, hyperpop, indie soul, vapor soul",5
cantautora argentina,5
"reggae, reggae fusion",5
"pinoy hip hop, pinoy r&b, tagalog rap",5
"conscious hip hop, hip hop, rap, southern hip hop, trap",5
"modern blues, neo soul, soul",5
"pop rap, r&b, rap",5
"quiet storm, soul",5
"classic soul, motown, neo soul, northern soul, quiet storm, soul",5
"italian progressive rock, operatic pop",5
"manchester hip hop, melodic drill",5
"adoracao, brazilian gospel",5
"comedy rap, indie pop rap, pop rap",5
"electropop, uk dance",5
jazz trio,5
"alt z, social media pop",5
"austrian pop, deep euro house",5
"dance pop, r&b, southern hip hop, trap, urban contemporary",5
"british indie rock, modern rock, pov: indie, rock",5
"london rap, uk drill, uk hip hop",5
"german pop, talentschau",5
"german dance, slap house",5
"mpb, nova mpb, pop nacional",5
"conscious hip hop, gangster rap, hip hop, pop rap, rap, southern hip hop, trap",5
gaming dubstep,5
"contemporary country, country, country pop",5
"alternative pop rock, modern alternative rock, modern rock",5
stomp and holler,5
"chill drill, melodic drill",5
"grupera, latin pop, ranchera",5
"classic oklahoma country, contemporary country, country, country dawn, country road, dance pop",5
"edm, electro house, pop dance, progressive electro house",5
"australian indie, brisbane indie",5
"french indie pop, french pop, french rock",5
haryanvi hip hop,5
polish alternative,5
israeli trap,5
"downtempo, electropop, shiver pop, vapor twitch",5
"argentine rock, post-punk argentina",5
"deep pop edm, nordic house",5
chill abstract hip hop,5
musical advocacy,5
"canadian contemporary r&b, canadian pop",5
"dance pop, electropop",5
"cumbia santafesina, cumbia villera",5
"dark trap, drill, hip hop, miami hip hop, pop rap, rap, trap, underground hip hop",5
"austropop, neue deutsche welle",5
"funk carioca, funk ostentacao, funk pop",5
pacific islands pop,5
"charva, indie hip hop",5
"colombian hip hop, rap conciencia",5
"brostep, edm, electro house, moombahton, pop dance, progressive electro house, slap house",5
"alt z, canadian pop, uk pop",5
otacore,5
"aussietronica, australian dance, australian indie, indietronica, nu disco",5
"brazilian hip hop, funk carioca, no beat, trap funk",5
"bachata, latin viral pop",5
"german soundtrack, orchestral soundtrack, scorecore, soundtrack",5
"belgian edm, house, nu disco",5
"cuarteto, cumbia santafesina",5
"electronica, german techno, leipzig electronic, minimal techno",5
idol,5
"detroit hip hop, gangster rap, hip hop, pop rap, rap, southern hip hop, trap",5
"reggaeton, salsa choke, urbano latino",5
"bayerischer rap, german hip hop",5
mambo chileno,5
"australian pop, candy pop, dance pop, girl group, post-teen pop",5
gauze pop,5
"australian indie, modern rock",5
"conscious hip hop, hip hop, rap, underground hip hop",5
"detroit trap brasileiro, trap brasileiro",5
"canadian hip hop, melodic rap, rap montrealais",5
"alternative dance, aussietronica, australian dance, australian electropop",5
"deboxe, funk carioca, funk mtg, funk ostentacao, funk rj",5
"aussietronica, edm, electra, electronic trap, escape room, indietronica",5
"romanian pop, romanian rap",5
"indie soul, neo soul, soul",5
"art pop, baroque pop, chamber pop, indie pop, indie rock, singer-songwriter",5
"dutch americana, dutch pop",5
"austrian hip hop, german hip hop",5
"alt z, canadian pop",5
canadian electropop,5
"new weird finland, russian hip hop, russian viral rap",5
"french pop, nouvelle chanson francaise",5
"bachata, bachata dominicana, tropical",5
"edm, electro house, pop dance, progressive electro house, progressive house, vocal house",5
"drill francais, french hip hop, pop urbaine, rap francais, rap lyonnais",5
"latin christian, rap conciencia, rap cristiano",5
"deep tropical house, tropical house",5
"classic danish pop, danish pop, dansktop",5
meme rap,5
strut,5
"arrocha, funk pop",5
chicano rap,5
healing hz,5
"reggaeton mexicano, urbano mexicano",5
"argentine indie, pop argentino",5
"indie electropop, indie poptimism, metropopolis",5
modern rock,5
"argentine telepop, latin arena pop, latin pop",5
"electropop, house, uk dance",5
"dutch americana, dutch indie, dutch pop, dutch rock",5
"dembow, dembow dominicano, rap dominicano",5
moldovan pop,5
austrian pop,5
"danish pop, danish rock",5
spanish indie pop,5
"afroswing, grime, london rap, uk hip hop",5
"grime, uk hip hop, uk melodic rap",5
kurdish pop,5
arab electronic,5
"greek trap, greek underground rap",5
"classic swedish pop, lund indie, swedish pop",5
german underground rap,5
"big room, dutch house, edm, electro house, indian edm, pop dance, progressive electro house, slap house",5
trap venezolano,5
"chinese hip hop, chinese idol pop",5
swedish soul,5
"acoustic pop, neo mellow",5
"cologne hip hop, german hip hop, german reggae, reggae fusion",5
"australian garage punk, australian indie, australian surf rock, brisbane indie",5
"danish electropop, danish pop",5
axe,5
"basshall, dutch hip hop, dutch house",5
"deep underground hip hop, indie pop rap",5
bolero,5
"broadway, show tunes",5
"chamber pop, gothenburg indie, indie folk, stomp and holler, swedish indie folk, swedish indie pop, swedish singer-songwriter",5
"edm, german dance, pop dance, tropical house, uk dance",5
"brazilian rock, mpb, nova mpb",5
"krushclub, sigilkore",5
"rap, slap house",5
"reggaeton, reggaeton flow",5
"electro latino, rap dominicano, trap latino",5
"canzone dautore, classic italian pop, italian adult pop",5
"cancion melodica, latin pop, ranchera",5
"banda, corrido, corridos alternativos, corridos tumbados, musica mexicana, norteno, sad sierreno, sierreno",5
"banda, musica mexicana, sierreno",5
"corrido, norteno, sierreno",5
"cumbia sonidera, musica mexicana, norteno, ranchera",5
"latin pop, latin talent show, spanish pop",5
"rap politico, rap underground espanol, spanish hip hop",5
"cantautor, spanish indie pop",5
"east coast hip hop, hip hop, rap",5
"contemporary vocal jazz, jazz pop, neo mellow, vocal jazz",5
czsk reggae,5
shaabi,5
"baltic folk, estonian folk, estonian indie, estonian pop",5
"deep tropical house, edm, pop dance, pop edm, progressive electro house, tropical house",5
"dancehall, jamaican dancehall, jamaican hip hop, traphall",5
"afrikaans, south african pop",5
"finnish dance pop, finnish hip hop, finnish pop, finnish soul, suomi rock",5
"finnish pop punk, finnish punk, suomi rock",5
musiikkia lapsille,5
"iskelma, suomi rock",5
"norwegian house, norwegian pop",5
"chanson, ye ye",5
frauenrap,5
deep euro house,5
"k-pop, korean ost, korean pop, korean r&b",5
"korean ost, korean pop",5
hungarian rock,5
"hungarian edm, hungarian hip hop, hungarian pop",5
sunnlensk tonlist,5
"classic icelandic pop, icelandic folk, icelandic pop, icelandic rock",5
sandalwood,5
"desi hip hop, desi pop, filmi, modern bollywood",5
"filmi, indian folk, modern bollywood",5
shabad,5
"classic pakistani pop, filmi, modern bollywood, qawwali, sufi",5
indian lo-fi,5
"haryanvi hip hop, haryanvi pop",5
"desi hip hop, tamil hip hop, tamil pop",5
"indonesian indie, indonesian pop, malang indie",5
"indonesian folk, indonesian folk pop, indonesian indie",5
"afrobeats, ghanaian alternative, ghanaian pop",5
"indonesian pop, indonesian pop rock, malaysian pop",5
irish rock,5
classic israeli pop,5
"italian adult pop, italian pop, turin indie",5
italian indie pop,5
"italian adult pop, italian pop, italian underground hip hop, rap napoletano",5
"europop, italian adult pop",5
"romanian pop, romanian rock",5
"italian alternative, italian indie pop, rome indie",5
"anime rock, j-pop",5
"j-pop, okinawan folk, okinawan pop",5
japanese dance pop,5
"j-pop, j-rock, japanese soul",5
krushclub,5
"baltic classical, latvian pop",5
synthwave,5
"kizomba, kizomba antigas, kizomba cabo-verdiana",5
"bruneian pop, malaysian pop",5
malaysian hip hop,5
"deep rai, rai",5
"deep rai, rai, rai algerien",5
"dutch rock, kermis, levenslied",5
"dutch hip hop, dutch rap pop, surinamese pop",5
"dutch hip hop, dutch pop, dutch rock, nederreggae",5
"dutch hip hop, dutch rap pop, dutch trap",5
"carnaval, kermis, nederlandse hardstyle",5
"funk rock, nz reggae",5
"canadian indie, canadian rock",5
"bolero, cancion melodica, latin pop, ranchera",5
ghanaian pop,5
"afrobeats, dancehall, nigerian pop",5
"afrobeats, igbo rap, igbo trap, nigerian hip hop, nigerian pop",5
rogaland musikk,5
"melbourne bounce international, russelater",5
"norwegian indie, norwegian pop, norwegian singer-songwriter",5
new age,5
"balochi pop, pakistani pop",5
"banda, grupera, gruperas inmortales, grupero romantico, musica mexicana, norteno",5
"pop peruano, salsa peruana",5
"opm, p-pop, pinoy r&b",5
"opm, pinoy city pop, pinoy indie",5
polish alternative rap,5
"klubowe, polish pop",5
"polish alternative, polish jazz",5
polish drill,5
"kizomba, musica santomense, portuguese pop",5
"manele, romanian rap",5
"manele, romanian pop, romanian trap",5
"russian electronic, russian hip hop",5
"gulf hip hop, khaliji",5
"arab pop, shaabi",5
"amapiano, quantum sound",5
"african rock, afrikaans, south african pop",5
korean drill,5
"swedish electropop, swedish pop, swedish synthpop",5
"swedish hip hop, swedish pop rap, swedish trap pop",5
"classic swedish pop, skansk musik, swedish country, swedish pop",5
dansband,5
"classic swedish pop, swedish singer-songwriter",5
"dalarna indie, swedish pop",5
"swedish eurodance, swedish pop rap",5
"chinese r&b, mandopop, taiwan pop",5
"chinese electropop, taiwan pop",5
"chinese minyao, taiwan indie, taiwan pop",5
"t-pop, thai folk, thai indie pop",5
"new school turkce rap, turkce drill",5
"turkce kadin rap, turkish hip hop",5
turkish deep house,5
"anadolu rock, turkish pop, turkish rock",5
turkish folk,5
deep turkish pop,5
ukrainian hip hop,5
"vietnamese melodic rap, vietnamese trap",5
"russian drain, russian trap",5
"russian alt pop, russian drain, russian indie rock",5
"classic russian rock, russian post-punk, russian rock",5
"russian alt pop, russian hip hop, russian pop",5
"russian pop, russian rock",5
"cantopop, chinese audiophile",5
"mainland chinese pop, mandopop, taiwan pop",5
"festigal, israeli mediterranean, israeli pop, mizrahi",5
"israeli hip hop, jewish hip hop",5
"j-indie, j-pop, japanese alternative rock",5
"classic j-pop, j-acoustic, j-pop, japanese singer-songwriter",5
thai indie rock,5
"t-pop, thai viral pop",5
viet lo-fi,5
"indie viet, rock viet",5
"vietnamese bolero, vietnamese pop",5
"alternative r&b, persian electronic",5
"arrocha, piseiro, seresta, forro, brega",5
"russelater, norwegian hip hop, norwegian pop",5
"opm, harana, pinoy indie, kundiman",5
"thai hip hop, thai trap, thai pop",5
"forro, sertanejo pop, sertanejo universitario",5
"classic greek pop, laiko, rebetiko",5
"samba, pagode, mpb",5
"sertanejo, agronejo",5
"finnish pop, finnish hip hop, iskelma, finnish rock",5
"afro adura, afropiano, amapiano, afrobeat",5
desi,5
"qawwali, sufi, ghazal",5
"timba, salsa",5
"arabic hip hop, khaleeji",5
"amapiano, gqom, 3 step, afropiano, private school piano, bacardi",5
"epadunk, ragga",5
"vinahouse, v-pop",5
"merengue, mambo, bachata",5
"mahraganat, egyptian pop, khaleeji, egyptian shaabi, arabic rap",5
"indonesian pop, indorock",5
"punjabi hip hop, punjabi pop, bhangra, desi hip hop",5
"metal, glam metal, heavy metal, hard rock",5
afro adura,5
"salsa, salsa romantica, merengue",5
"bachata, bachata pop",5
"hindi indie, indian indie, desi pop",5
"southern hip hop, hip hop",5
"rkt, turreo",5
"cumbia, chicha, cumbia nortena, huayno",5
"punjabi hip hop, punjabi pop, desi hip hop",5
"bollywood, hindi pop, gujarati garba, desi",5
"latin pop, latin",5
alte,5
"funk, brazilian funk, trap funk, funk consciente",5
"sertanejo, sertanejo universitario, arrocha, agronejo, piseiro, forro",5
"funk, funk consciente, trap funk, brazilian funk",5
"reggaeton, urbano latino, pop urbano",5
"iskelma, finnish pop",5
"moroccan rap, arabic rap",5
"v-pop, vietnamese hip hop, vinahouse",5
"vietnamese hip hop, v-pop, vinahouse",5
"amapiano, gqom, private school piano, afropiano, 3 step",5
"rap, melodic rap, trap",5
"metal, hard rock",5
"malayalam hip hop, malayalam pop",5
"chinese r&b, cantopop, chinese hip hop, mandopop, c-pop, taiwanese pop",5
"amapiano, afro soul, afropop, private school piano, gqom, afropiano",5
"amapiano, private school piano, 3 step, gqom, afropiano",5
"german indie, german pop, german hip hop",5
"reggaeton chileno, chilean trap, reggaeton mexa, chilean mambo, guaracha",5
"alte, afrobeats, afropiano, afrobeat",5
"bacardi, amapiano, gqom",5
"forro, piseiro, sertanejo, arrocha, seresta, agronejo",5
"pop urbaine, french r&b, french rap",5
"taiwanese pop, mandopop, c-pop",5
"hip hop, east coast hip hop",5
"italian trap, canzone napoletana",5
"v-pop, vietnamese hip hop, vietnam indie, vietnamese lo-fi",5
bollywood,5
"argentine rock, latin rock, ska, rock en espanol, murga, latin alternative",5
punta,5
"french rap, pop urbaine, shatta",5
"hipdut, lagu timur, dangdut, malay, funkot, koplo, malay rap, indonesian hip hop",5
"opm, harana, p-pop, kundiman, pinoy indie",5
"german indie, german pop, german indie pop",5
"medieval, medieval metal, celtic, folk metal, folk",5
"grime, uk grime",5
"j-pop, j-rock, anime",5
"old school hip hop, east coast hip hop, hardcore hip hop, hip hop, gangster rap",5
"french r&b, pop urbaine, french rap",5
"alte, afrobeats, afrobeat, afropop, afropiano, nigerian drill, afro adura, afro r&b, afro soul, afroswing",5
post-punk,5
"reggaeton, latin hip hop",5
"banda, norteno, grupera, corrido",5
reggae,5
happy hardcore,5
"acid techno, hard techno",5
"christmas, norwegian pop",5
"gqom, amapiano, ndombolo, 3 step",5
"german indie, german indie pop, german pop, german hip hop",5
"reggaeton chileno, neoperreo",5
"italian singer-songwriter, italo dance, italo disco",5
"mandopop, c-pop, taiwanese pop, gufeng, cantopop, chinese r&b",5
"christmas, gospel",5
"brazilian pop, new mpb",5
"villancicos, christmas",5
"thai hip hop, luk thung",5
"bollywood, hindi pop, gujarati garba",5
"k-rap, k-pop, k-ballad",5
"afropop, gqom",5
"afrobeats, afrobeat, afropop, afro adura, azonto, afropiano, afroswing, afro r&b",5
"corrido, corridos tumbados, corridos belicos, electro corridos, dembow belico, musica mexicana, sierreno",5
"kizomba, kuduro, zouk",5
"reggaeton, urbano latino, trap latino",5
"zouk, kompa, kizomba",5
"ndombolo, coupe decale, rumba congolaise",5
"kizomba, portuguese hip hop",5
"dancehall, riddim, reggae",5
"new jack swing, quiet storm",5
"g-funk, west coast hip hop, old school hip hop",5
afrogospel,5
"afro tech, afro soul, afropop, 3 step, afro house, amapiano, gqom, private school piano",5
"kizomba, portuguese hip hop, kuduro",5
"merengue, tropical music, salsa",5
"merengue, bachata, salsa, popular colombian music",5
"merengue, electrocumbia",5
"merengue, latin house",5
"chilean trap, chilean mambo, reggaeton chileno",5
"electrocumbia, cumbia, mexican indie",5
"chicha, cumbia, cumbia sonidera, electrocumbia",5
"cumbia, cuarteto, chicha",5
french house,5
"europop, eurodance",5
"east coast hip hop, jazz rap, hip hop",5
"eurodance, hip house",5
trip hop,5
"disco, post-disco",5
"motown, disco",5
"art rock, soft rock",5
"disco, philly soul",5
"brass band, corrido, banda",5
"corrido, norteno, musica mexicana, ranchera, banda",5
"norteno, grupera, duranguense, banda, tejano",5
"tech house, house, bass house",5
"tech house, edm, house",5
crunk,5
"g-funk, west coast hip hop, gangster rap, old school hip hop, hip hop, rap",5
"east coast hip hop, boom bap, old school hip hop",5
"art pop, electropop, pop",4
"alt z, canadian contemporary r&b, canadian pop, pop",4
"modern alternative rock, modern rock, pop, pov: indie",4
"arrocha, arrochadeira",4
"dance rock, modern alternative rock, modern rock, neo mellow, pop rock",4
"perreo, reggaeton mexicano",4
"modern country pop, singer-songwriter pop",4
"neo mellow, piano rock, pop, pop rock",4
"conscious hip hop, g funk, gangster rap, hip hop, rap, west coast rap",4
"argentine rock, latin alternative, latin pop, latin rock, mexican pop, rock en espanol, ska argentino",4
"classic soul, memphis soul, soul, soul blues, southern soul, vocal jazz",4
"colombian pop, reggaeton, urbano latino",4
indonesian folk,4
"alternative metal, nu metal, post-grunge, rock",4
"pop dance, pop edm, slap house, uk dance",4
"kentucky indie, kentucky roots, outlaw country",4
"argentine trap, urbano latino",4
"hip pop, r&b, urban contemporary",4
"adult standards, dixieland, harlem renaissance, jazz trumpet, new orleans jazz, soul, swing, vocal jazz",4
"compositional ambient, neo-classical",4
"dance pop, girl group, pop, r&b, urban contemporary",4
"lgbtq+ hip hop, neo soul",4
"disco, mellow gold, soft rock",4
"drill francais, rap francais",4
"australian house, house",4
"afro r&b, afrobeats, alternative r&b, ghanaian alternative, ghanaian pop",4
"canadian indie rock, pov: indie, vancouver indie",4
funk bh,4
"otacore, pixel, pov: indie",4
"dance pop, hip pop, pop, r&b, urban contemporary",4
"boom bap espanol, rap conciencia, rap politico, trap latino, venezuelan hip hop",4
"dance pop, pop rap, reggae fusion",4
"canadian country, canadian pop, contemporary country, country, country dawn",4
show tunes,4
"italian adult pop, italian hip hop, italian pop, milan indie, r&b italiano",4
"arkansas country, outlaw country, rock",4
"bass trap, new french touch",4
"dutch house, electro house, progressive electro house, sky room",4
"acoustic pop, lilith, neo mellow, pop rock, post-teen pop",4
"t-pop, thai pop rap",4
"hollywood, show tunes",4
"album rock, alternative metal, birmingham metal, classic rock, glam metal, hard rock, metal, nu metal, rock",4
"cubaton, pop venezolano, trap latino, urbano latino",4
"atl hip hop, rap, trap",4
"florida drill, florida rap, southern hip hop",4
"r&b, soul",4
"dutch indie, dutch pop, dutch rock, folk-pop",4
"bolobedu house, south african house",4
afroswing,4
"dance pop, hip pop, r&b, rap, southern hip hop, trap, urban contemporary",4
"cloud rap, psychedelic hip hop, underground hip hop",4
"alternative dance, indie rock, modern rock, neo-synthpop, new rave, rock independant francais, shimmer pop",4
"contemporary r&b, r&b, urban contemporary",4
uk drill,4
"pop soul, r&b",4
"hip hop, melodic rap, philly rap, rage rap, rap, trap",4
"dutch house, edm, electro house, melbourne bounce, pop dance, progressive electro house",4
"latin pop, mariachi, ranchera",4
"neo soul, pop, r&b",4
"dancehall, jamaican dancehall",4
"basshall, dutch rap pop, ritmo kombina",4
"rap latina, trap queen",4
"big beat, breakbeat, dance rock, hardcore techno, rave",4
"alternative dance, dance-punk, electronica, filter house, indietronica, neo-synthpop, new rave",4
"electropop, pop edm",4
"chilean indie, chilean rock",4
"cali rap, rap",4
"indie soul, london rap",4
"british indie rock, english indie rock, modern rock",4
"funk mandelao, funk mtg, phonk brasileiro",4
"indie pop, pov: indie, springfield mo indie",4
"atl hip hop, hip hop, rap, trap",4
"cuarteto, cumbia pop",4
"argentine rock, cuarteto, cumbia villera",4
australian surf rock,4
"australian alternative pop, australian pop",4
"alt z, electropop, gauze pop, indie poptimism",4
"funk bh, funk carioca, funk mtg",4
"edm, melodic dubstep, pop dance",4
"argentine telepop, cumbia pop, pop argentino",4
"antideutsche, german indie",4
"alternative metal, alternative rock, grunge, modern rock, palm desert scene, rock, stoner metal, stoner rock",4
"nova mpb, pop lgbtq+ brasileira",4
chill house,4
"folk-pop, modern rock, stomp and holler",4
"british indie rock, chamber pop, indie rock, indietronica, modern rock, shimmer pop",4
"dutch house, edm, electro house, pop dance, progressive electro house, progressive house, sky room",4
"indie poptimism, modern rock, nyc pop, shimmer pop",4
"alternative dance, big beat, breakbeat, electronica, rave, trip hop",4
"rap latina, trap latino, urbano latino",4
"argentine reggae, argentine rock, latin alternative, latin rock, rock en espanol, ska argentino",4
"cloud rap francais, french hip hop, pop urbaine, rap francais, rap lyonnais",4
"funk carioca, trap funk",4
filter house,4
"agronejo, sertanejo, sertanejo pop, sertanejo tradicional, sertanejo universitario",4
"k-pop, k-pop girl group, korean city pop",4
"afrobeats, azonto",4
"europop, metropopolis",4
rap canario,4
"cantautor, spanish new wave, spanish pop",4
"atl hip hop, melodic rap, trap",4
"dembow dominicano, rap dominicano, trap dominicano",4
"afrofuturism, alternative r&b, art pop, escape room, experimental r&b, trip hop",4
dark techno,4
"house, uk house",4
"antideutsche, bayerischer rap, deep german hip hop, german cloud rap, german hip hop",4
"acoustic pop, indie anthem-folk, neo-singer-songwriter, uk pop, viral pop",4
musica para ninos,4
"atl hip hop, melodic rap, southern hip hop, trap",4
"indietronica, pop",4
"frauenrap, german hip hop, german pop, german singer-songwriter",4
"belgian edm, dutch house, edm, electro house, pop dance, progressive electro house, progressive house, slap house",4
speed up brasileiro,4
"talent show, uk hip hop",4
"afrobeats, ghanaian pop",4
"modern rock, scottish rock",4
chilean hardcore,4
"cantautor, latin afrobeat, latin alternative, latin rock, nueva cancion, trova",4
indie folk,4
"german indie, swiss indie",4
"spanish indie pop, spanish modern rock",4
"agronejo, funk bh, funk mandelao, funk mtg, funk viral",4
gogeo,4
"hyphy, pop rap, southern hip hop, trap",4
"indie rock, indietronica, irish rock, modern alternative rock, modern rock, northern irish indie",4
"australian alternative pop, australian r&b",4
"classic colombian pop, cumbia, folclor colombiano, musica andina colombiana, musica popular colombiana",4
"greek hip hop, greek pop, laiko",4
"canadian hip hop, chicago rap, conscious hip hop, underground hip hop",4
chinese electropop,4
"canadian pop, indie poptimism",4
football,4
"argentine indie, electronica argentina, trap argentino",4
"cantautor, latin pop, mexican pop, musica canaria, spanish pop",4
"acoustic pop, viral pop",4
"bandung indie, indonesian emo, indonesian post-hardcore",4
"dance pop, pop, pop rap, post-teen pop",4
"colombian pop, vallenato moderno",4
punjabi lo-fi,4
arrochadeira,4
"grime, instrumental grime, london rap, uk hip hop",4
"alt z, neo-singer-songwriter, uk pop",4
"argentine telepop, cumbia paraguaya, cumbia pop",4
"complextro, edm, electro house, electropop, filter house, nantes indie, pop dance",4
"belgian pop, neo soul",4
"anime, anime rock, j-pop, j-poprock, j-rock",4
bulgarian trap,4
lithuanian rock,4
vegas indie,4
"reggaeton flow, trap latino",4
"classic rock, country rock, folk, folk rock, rock, roots rock, singer-songwriter",4
"funk mandelao, funk mtg",4
"champeta, vallenato moderno",4
grime,4
"belgian hip hop, french hip hop, pop urbaine, rap belge, rap francais",4
"indie poptimism, la pop",4
trap tuga,4
"dutch edm, dutch house, edm, electro house, pop dance, progressive electro house, slap house",4
"canadian electronic, electro house, pop dance, pop edm",4
czsk electropop,4
"danish electropop, danish pop, electropop",4
"indie viet, v-pop, vietnamese melodic rap",4
acoustic pop,4
dutch drill,4
"brazilian rock, rock brasiliense",4
"cumbia chilena, cumbia ranchera",4
"kwaito, south african house, south african pop",4
"canadian electropop, pop quebecois",4
"afroswing, birmingham grime, grime, london rap, uk hip hop",4
latin arena pop,4
"funk mtg, funk viral",4
"electropop, swedish indie pop",4
"balkan hip hop, macedonian hip hop, turbo folk",4
"dembow, rap dominicano, rap latina",4
"musica hondurena, punta, punta rock",4
"czech hip hop, czech pop, czsk viral pop",4
"italian indie pop, italian pop",4
vallenato moderno,4
"australian dance, dutch house, edm, electra, electro house, house, pop dance, progressive electro house, progressive house",4
"acoustic cover, neo mellow, viral pop",4
"kazakh hip hop, russian hip hop, russian trap",4
"shimmer pop, swedish alternative rock, swedish indie pop",4
"hands up, pop house",4
"australian alternative rock, australian indie, australian pop, australian rock, perth indie",4
complextro,4
pakistani hip hop,4
"bulgarian pop, bulgarian rock, classic bulgarian pop",4
"canadian folk, canadian pop, electropop",4
"finnish pop, german pop",4
"britpop, dance rock, madchester",4
volkspop,4
"belgian edm, sky room",4
"sami, swedish pop",4
"c-pop, classic cantopop, vintage cantonese pop",4
"belgian pop, muziek voor kinderen, vlaamse kinderliedje",4
"latin alternative, latin pop, mexican pop, rock en espanol, spanish rock",4
"sertanejo, sertanejo pop, sertanejo tradicional, sertanejo universitario",4
"baroque pop, classic rock, folk rock, mellow gold, psychedelic rock, rock, singer-songwriter, sunshine pop",4
"classical tenor, italian tenor, operatic pop",4
"flamenco urbano, pop flamenco, spanish pop",4
latin house,4
"banda, musica mexicana, norteno, tejano",4
"latin alternative, latin arena pop, latin pop, mexican pop, mexican rock, rock en espanol",4
"corrido, musica sinaloense, sierreno",4
"latin arena pop, spanish pop",4
"indie extremena, spanish rock",4
"classic italian pop, experimental, italian adult pop",4
"baton rouge rap, pop rap, rap, southern hip hop, trap",4
art pop,4
"indie quebecois, pop quebecois",4
danish indie pop,4
rap montrealais,4
"classic czech pop, czech pop",4
"album rock, canadian metal, classic canadian rock, classic rock, glam metal, hard rock",4
estonian indie,4
belarusian indie,4
"finnish alternative rock, funk metal",4
"deep tropical house, pop dance, pop edm",4
alternative rock,4
"finnish dance pop, finnish hip hop, finnish pop, finnish reggae, suomi rock",4
"finnish new wave, iskelma, suomi rock",4
"classic iskelma, finnish hard rock, iskelma, suomi rock",4
"classic finnish rock, finnish new wave, suomi rock",4
"classic finnish pop, classic iskelma, iskelma",4
"album rock, art rock, classic rock, mellow gold, new romantic, new wave, permanent wave, progressive rock, rock, singer-songwriter, soft rock",4
rautalanka,4
"classic finnish pop, classic iskelma, finnish pop, iskelma",4
"finnish indie, finnish jazz",4
afghan pop,4
"chanson, french pop, french rock, variete francaise",4
"chanson, french pop, french rock, french synthpop",4
"chanson, french indie pop, french rock, nouvelle chanson francaise",4
rap marseille,4
"folk-pop, stomp and flutter, uk americana",4
"classical, early romantic era, polish classical",4
hoerspiel,4
canadian drill,4
"asian american hip hop, dance pop, pop rap",4
"banda, duranguense, grupera, musica mexicana, norteno",4
"argentine rock, latin alternative, latin pop, latin rock, rock en espanol",4
"5th gen k-pop, k-pop boy group",4
"k-pop, k-pop girl group, k-pop reality show",4
icelandic electronic,4
viking folk,4
"filmi, modern bollywood, west bengali pop",4
"desi emo rap, desi hip hop, desi pop, desi trap",4
"desi hip hop, desi pop, desi trap, pakistani hip hop",4
"desi pop, folk-pop, hindi indie, indian indie, indian singer-songwriter",4
bhojpuri pop,4
bhajan,4
"classic bollywood, filmi",4
"indonesian folk pop, indonesian indie, indonesian pop",4
indonesian lo-fi pop,4
"campursari, dangdut, dangdut koplo, javanese dangdut, lagu jawa",4
korean singer-songwriter,4
"indonesian folk, indonesian indie, indonesian jazz, indonesian singer-songwriter",4
"indonesian indie, indonesian indie rock",4
"italian adult pop, italian alternative, italian indie pop, italian pop, milan indie",4
"emo rap italiano, italian adult pop, italian pop",4
"classic italian pop, italian adult pop, italian alternative",4
canzone napoletana,4
city pop,4
"j-rock, japanese r&b, japanese soul",4
"j-pixie, japanese electropop",4
classic j-pop,4
"j-rock, japanese alternative rock",4
"kazakh indie, kazakh viral pop",4
"central asian hip hop, kazakh hip hop",4
"russian dance, russian trap",4
"baltic folk, baltic post-punk, dainuojamoji poezija, lithuanian indie, lithuanian pop",4
"dainuojamoji poezija, lithuanian pop",4
"hip hop tuga, portuguese pop, rap criolo",4
"malaysian indie, malaysian pop, malaysian punk",4
"arabic hip hop, rap tunisien",4
trap soul,4
"dutch hip hop, dutch pop, dutch rock",4
"dutch cabaret, dutch pop",4
"carnaval, kermis, levenslied",4
"basshall, dutch rap pop",4
"dutch pop, dutch rock, kermis",4
"dutch drill, dutch hip hop, dutch trap",4
"jazz cubano, modern jazz piano",4
"ambient, american contemporary classical, compositional ambient, drone, fourth world, minimalism",4
"afrobeats, afropop, azonto, dancehall, nigerian pop",4
"afrobeats, cruise, nigerian pop",4
"afro r&b, afrobeats, afropop, nigerian pop",4
cruise,4
"classic norwegian pop, norwegian pop, norwegian rock",4
"pakistani pop, qawwali, sufi",4
"grupera, gruperas inmortales, musica mexicana, norteno",4
"brazilian reggae, brazilian rock, reggae tuga",4
"opm, pinoy singer-songwriter",4
"classic opm, opm",4
"opm, pinoy r&b",4
"opm, pinoy hip hop",4
pinoy indie,4
pinoy r&b,4
classic opm,4
"crank wave, polish indie, polish pop",4
polish viral rap,4
polish alternative rock,4
uwielbienie,4
"polish hip hop, rap motywacja",4
"poezja spiewana, polish alternative",4
russian drill,4
"russian dance, russian gangster rap, russian hip hop",4
"classic arab pop, jalsat, khaliji",4
"arabic hip hop, gulf hip hop",4
"classic czech pop, slovak pop",4
"amapiano, barcadi, quantum sound",4
"afro soul, kwaito, south african house, south african pop",4
"bolobedu house, sepedi pop",4
"south african hip hop, xhosa hip hop",4
"k-rap, korean r&b, korean trap",4
"fotbollslatar, swedish idol pop",4
"classic swedish pop, dansband",4
"gothenburg hip hop, swedish hip hop, swedish trap pop",4
"gothenburg hip hop, swedish hip hop, swedish pop rap",4
"classic swedish pop, skansk musik, swedish hip hop, swedish pop, swedish pop rap",4
"classic swedish pop, swedish jazz",4
"swedish hip hop, swedish pop",4
"swedish dancehall, swedish hip hop, swedish reggae",4
"classic swedish pop, swedish indie rock",4
"singaporean mandopop, taiwan pop",4
thai ost,4
"turkce slow sarkilar, turkish hip hop, turkish pop, turkish rock",4
"turkish folk, turkish pop, turkish singer-songwriter",4
"arabesk, turkish folk",4
anadolu rock,4
"new school turkce rap, turkish hip hop",4
ukrainian indie,4
"venezuelan indie, venezuelan rock",4
rock viet,4
"alternative hip hop, drumless hip hop, experimental hip hop, hip hop, rap, underground hip hop",4
"russian indie, russian indie rock",4
"russian hip hop, russian underground rap",4
"russian alt pop, russian pop punk, russian punk, russian punk rock, russian rock",4
"hard bass, russian hip hop, russian rave",4
"classic russian rock, russian rock",4
"russian hip hop, russian viral pop",4
pagode novo,4
"banda, musica chihuahuense, musica mexicana, norteno",4
"classic k-pop, korean pop",4
hip house,4
"israeli indie, israeli pop",4
modern j-rock,4
"central asian hip hop, kazakh pop",4
"classic russian pop, ukrainian pop",4
"russian alt pop, russian pop, ukrainian indie, ukrainian pop",4
"russian dance, russian gangster rap, russian hip hop, russian pop",4
korean superband,4
"central asian hip hop, kazakh hip hop, russian hip hop",4
"afro soul, sesotho hip hop, sesotho pop, south african pop",4
"classic mandopop, mandopop, taiwan pop",4
chinese drama ost,4
"classic mandopop, mandopop, singaporean mandopop, singaporean pop",4
"malaysian mandopop, mandopop, taiwan pop, taiwan singer-songwriter",4
"classic thai pop, thai pop",4
"thai folk rock, thai indie, thai rock",4
"v-pop, vietnamese hip hop, vietnamese trap",4
"v-pop, vietnamese bolero",4
vinahouse,4
"dance pop, edm, electronic trap, pop, pop dance",4
"funk, brazilian funk, funk pop, funk carioca, brega funk, brazilian pop",4
choral,4
"agronejo, sertanejo universitario",4
"sertanejo, sertanejo universitario, arrocha, agronejo, piseiro",4
"bollywood, hindi pop, desi, sufi",4
"afro adura, afrobeat, afrobeats, afro soul, afropop",4
"amapiano, gqom, afropiano",4
"shatta, soca, kompa, zouk",4
"rkt, turreo, cumbia",4
surf rock,4
chanson quebecoise,4
"finnish rock, finnish pop, iskelma",4
"german pop, neue deutsche welle",4
rap quebecois,4
"tamil pop, kollywood, bollywood, sufi, hindi pop",4
"bollywood, desi pop",4
"j-pop, kayokyoku, j-rock",4
"rai, arabic hip hop, moroccan rap, moroccan pop",4
"epadunk, russelater, norwegian pop",4
"hindi indie, indian indie",4
"desi hip hop, hindi hip hop, desi",4
"qawwali, sufi",4
"bacardi, amapiano, maskandi",4
"private school piano, deep house, 3 step, afro soul, amapiano",4
"turkish hip hop, turkish pop, arabesk",4
"oyun havası, arabesk",4
"amapiano, gqom, bacardi",4
"country, outlaw country, red dirt, alt country, texas country, bluegrass",4
"country, red dirt",4
"rap quebecois, french rap, chanson quebecoise",4
"brazilian trap, trap, trap funk, rap nacional",4
"metalcore, metal",4
"mahraganat, egyptian pop, khaleeji",4
"bollywood, sufi, desi, hindi pop",4
"canzone napoletana, neomelodico, italian trap",4
"j-pop, anime, vocaloid, j-rock",4
"luk thung, southern thai music, phleng phuea chiwit",4
"corridos tumbados, corrido, corridos belicos, musica mexicana, sad sierreno, electro corridos, banda",4
"sad sierreno, corridos tumbados, corrido, musica mexicana, sierreno",4
"mexican hip hop, latin hip hop, electro corridos",4
"afro adura, afrobeats, afrobeat, afropop",4
"thai trap, thai hip hop",4
"iskelma, finnish rock, finnish pop",4
"funk, funk consciente, trap funk",4
"norwegian pop, epadunk, russelater",4
"african gospel, gospel, worship",4
"corrido, corridos tumbados, corridos belicos, electro corridos",4
"french pop, pop urbaine, chanson",4
"afro adura, afrobeats, afrobeat, afropop, amapiano",4
"turkish pop, arabesk, t-pop",4
"opm, harana, p-pop, pinoy indie, kundiman",4
"sexy drill, drill",4
"mahraganat, khaleeji",4
"desi hip hop, hindi hip hop, desi, punjabi hip hop",4
"vietnam indie, v-pop",4
"forro, piseiro, arrocha, seresta, brega",4
"k-ballad, soundtrack",4
hardstyle,4
"malayalam hip hop, malayalam pop, mollywood, tamil hip hop",4
"funk de bh, funk, brazilian funk",4
"laiko, trap",4
"funkot, lagu timur, dangdut",4
"thai hip hop, t-pop",4
"amapiano, gqom, private school piano, afropiano, afrobeats, afro house, bacardi, afropop, 3 step",4
"norwegian pop, dansband",4
"grupera, cumbia",4
"corrido, corridos tumbados, corridos belicos, musica mexicana, sad sierreno, electro corridos, banda",4
"moroccan rap, moroccan pop, arabic hip hop, rai",4
"chinese r&b, chinese hip hop, mandopop, c-pop, taiwanese pop",4
"v-pop, vietnamese lo-fi",4
"amapiano, private school piano, gqom, 3 step",4
gnawa,4
"cumbia, chicha, huayno, cumbia nortena, electrocumbia",4
"folk pop, oyun havasi",4
"v-pop, vietnam indie, vietnamese lo-fi, vietnamese hip hop",4
"uk garage, bassline, bass house, house",4
"afro adura, afrobeat, afropiano, afrobeats",4
"bhangra, punjabi pop, punjabi hip hop",4
"corrido, corridos belicos, corridos tumbados, sierreno, electro corridos, dembow belico, banda, musica mexicana",4
"moroccan pop, rai, moroccan rap",4
"amapiano, afropiano, afrobeat, afro adura, afrobeats",4
"afro adura, afrobeat, afrobeats, afropiano",4
"desi, sufi",4
"corridos tumbados, corrido, sad sierreno, corridos belicos, musica mexicana",4
"funk, funk consciente, brazilian funk, trap funk",4
"kompa, zouk, french r&b, pop urbaine, kizomba, shatta",4
"kayokyoku, j-pop",4
"malay, indonesian pop, malay pop, dangdut, sholawat",4
"spanish-language reggae, reggaeton",4
"shatta, zouk, kompa, dancehall",4
"private school piano, amapiano, gqom, 3 step",4
"piseiro, sertanejo, arrocha, agronejo, sertanejo universitario, forro",4
"taiwanese indie, chinese indie, taiwanese pop, chinese rock",4
"malay, malay pop, malaysian pop, dangdut, indonesian pop, malay rap",4
metalcore,4
"electro corridos, dembow belico",4
"alte, afrobeats, afropiano, afrobeat, afro adura",4
"aor, classic rock",4
"salsa, merengue, bachata, latin, latin pop",4
"colombian pop, vallenato, latin, latin pop",4
"v-pop, vinahouse, vietnamese hip hop, vietnam indie",4
"arabic hip hop, egyptian hip hop",4
"corrido, corridos belicos, corridos tumbados, electro corridos, dembow belico, banda, sierreno, sad sierreno, musica mexicana",4
"afrobeats, afrobeat, afroswing, afropiano, afropop, azonto",4
"mandopop, taiwanese pop, taiwanese indie, chinese indie, c-pop",4
"indonesian pop, malay, indonesian r&b, indonesian jazz",4
"banda, norteno, grupera, musica mexicana, ranchera, corrido",4
"haryanvi pop, desi hip hop, punjabi hip hop",4
"3 step, amapiano, private school piano, afro house, gqom, afro tech, afropiano",4
"schlager, schlagerparty, german pop",4
"pinoy hip hop, opm, pinoy r&b, pinoy rock",4
sertanejo,4
"rai, moroccan pop, moroccan chaabi",4
"moroccan pop, moroccan rap, rai, arabic hip hop",4
"dubstep, melodic bass",4
"salsa, timba, merengue",4
"techengue, afro house, latin house",4
"chilean mambo, mambo, reggaeton chileno, chilean trap",4
space music,4
"merengue, reggaeton, latin",4
pop punk,4
"folk, indie folk, folk rock",4
"maskandi, afropop, 3 step, afro soul",4
"hard techno, acid techno, techno, tekno, hardcore techno",4
"bass house, future house, g-house",4
"brazilian funk, funk de bh",4
"hipdut, lagu timur, funkot",4
"corrido, corridos belicos",4
"afrobeats, afrobeat, afropop, afropiano, afro r&b, afroswing, afro soul",4
"desi, sufi, indian indie",4
"piseiro, sertanejo, agronejo, arrocha, sertanejo universitario, forro",4
"egyptian pop, egyptian hip hop, arabic hip hop, mahraganat",4
"guaracha, rkt, reggaeton chileno, reggaeton mexa, exotica",4
"indonesian pop, indonesian jazz",4
"funk, nu disco",4
"brazilian trap, trap, brazilian hip hop, trap funk",4
"tamil pop, kollywood, sufi, bollywood, hindi pop",4
"arrocha, forro, seresta, brega, piseiro",4
"banda, corrido, norteno, sierreno, corridos belicos",4
"bhajan, early music, gregorian chant, devotional",4
"philly soul, soul blues, classic soul",4
nu jazz,4
"pinoy hip hop, pinoy r&b, parang, opm",4
"glam rock, art rock",4
"afro adura, afrobeats, afrobeat, amapiano, afropiano, afropop",4
"new age, celtic",4
"haryanvi pop, desi hip hop, punjabi hip hop, hindi hip hop",4
"corrido, corridos tumbados, corridos belicos, musica mexicana, sad sierreno, sierreno, electro corridos, banda",4
"trance, progressive trance",4
"gangster rap, old school hip hop, g-funk",4
"amapiano, afropiano, gqom, afrobeats, private school piano, bongo piano, 3 step, afrobeat",4
"tollywood, telugu pop, mollywood, malayalam pop",4
"sertanejo, sertanejo universitario, piseiro",4
"afro adura, amapiano, afrobeats, afrobeat, afropiano, afropop",4
"egyptian pop, egyptian hip hop, arabic hip hop",4
"trap funk, brazilian trap, brazilian funk, trap",4
"stutter house, house, edm",4
"latin afrobeats, champeta, pop urbano",4
"bongo flava, bongo piano, singeli, gengetone",4
bass house,4
"soca, dancehall, calypso",4
"gospel, worship, traditional gospel",4
"kuduro, afro house",4
maloya,4
"bongo flava, bongo piano, amapiano, afrobeats, afrobeat, singeli, afropiano, ndombolo, afropop, rumba congolaise",4
ethiopian jazz,4
"portuguese hip hop, melodic rap",4
"lovers rock, reggae, dancehall, roots reggae, riddim, ragga",4
"grupera, vallenato, cumbia, polka",4
"hiplife, asakaa, afro adura, afrobeats, afrobeat, ghanaian hip hop, afropop, highlife, azonto",4
"afrogospel, gospel, worship",4
"afrobeats, azonto, afrobeat, afropop, hiplife, bongo flava",4
"progressive rock, psychedelic rock, classic rock, art rock, rock",4
"hiplife, azonto, afrobeats, afrobeat, ghanaian hip hop, dancehall, afropop, asakaa, highlife, afroswing",4
"bachata, salsa, merengue",4
"salsa, merengue, tropical music",4
"tropical music, merengue, electrocumbia",4
"electrocumbia, cumbia",4
"cumbia, tropical music, merengue",4
"cumbia sonidera, cumbia, guaracha",4
"cumbia, electrocumbia, chicha",4
"cumbia nortena, cumbia, tejano, musica mexicana, norteno",4
"edm, progressive house, dubstep",4
"alternative dance, new rave, indie dance",4
big beat,4
motown,4
new wave,4
"funk rock, funk",4
"disco, motown, philly soul",4
"corridos tumbados, corrido, sierreno, corridos belicos, sad sierreno",4
"banda, norteno, corrido, musica mexicana",4
"banda, norteno, musica mexicana, grupera, ranchera, corrido",4
"banda, corrido, brass band",4
"norteno sax, norteno, cumbia nortena",4
"norteno, grupera, tejano, ranchera, cumbia nortena",4
"norteno, corrido, ranchera",4
"tech house, future house",4
"bass house, g-house, tech house",4
"old school hip hop, gangster rap, g-funk",4
"southern hip hop, crunk, new orleans bounce, bounce",4
"west coast hip hop, old school hip hop, hip hop",4
"g-funk, west coast hip hop, gangster rap",4
"alternative dance, indie dance, indie electronic, new rave",4
"nu disco, alternative dance",4
"alternative dance, new rave",4
"electra, float house",3
"reggaeton, urbano mexicano",3
"noise pop, pov: indie",3
"neo mellow, permanent wave, pop rock, post-grunge",3
"irish singer-songwriter, modern rock, pop, pov: indie",3
"atl hip hop, dirty south rap, hip hop, old school atlanta hip hop, rap, southern hip hop",3
"memphis soul, motown, soul",3
"scenecore, sped up",3
"album rock, alternative metal, birmingham metal, classic rock, hard rock, metal, rock, stoner rock, uk doom metal",3
"album rock, classic rock, hard rock, rock, southern rock",3
"atl hip hop, contemporary r&b, dance pop, girl group, hip pop, r&b, urban contemporary",3
"contemporary country, country road",3
"indie rock, la indie, modern alternative rock, modern rock, pov: indie",3
"latin alternative, world",3
"dark r&b, hyperpop, sped up",3
"idol rock, j-metal, kawaii metal",3
weirdcore,3
"british soul, talent show, uk pop",3
pittsburgh rap,3
"pop rock, post-grunge",3
"bubblegum dance, eurodance, europop",3
"modern rock, pop rock",3
british alternative rock,3
"blues rock, classic rock, mexican classic rock",3
"boy band, dance pop, pop, post-teen pop",3
"reggae fusion, virgin islands reggae",3
"alternative dance, bitpop, digital hardcore, indietronica, neo-synthpop, new rave, nintendocore",3
"album rock, german hard rock, german metal, german rock, hard rock, rock",3
"disco, funk, jazz funk, soul",3
"electro house, pop nacional, sertanejo universitario, slap house",3
"escape room, indietronica, new rave",3
"alternative rock, indie rock, indietronica, modern rock, rock",3
"dangdut, indonesian pop rock",3
"chihuahua indie, indie triste, mexican indie",3
"reggaeton, reggaeton colombiano",3
"alternative rock, blues rock, garage rock, indie rock, indietronica, modern blues rock, modern rock, punk blues, rock, roots rock",3
"pov: indie, weirdcore",3
"alternative metal, canadian metal, canadian rock, nu metal, post-grunge, rock",3
"neo mellow, pop rock, post-grunge",3
"boy band, europop, talent show",3
"argentine reggae, rock en espanol",3
"alternative rock, chamber pop, indie rock, indietronica, modern rock, washington indie",3
"hollywood, movie tunes, show tunes",3
tontipop,3
"indie poptimism, modern rock",3
"cantautora mexicana, mexican pop",3
scenecore,3
"album rock, dance rock, new romantic, new wave, new wave pop, rock, scottish new wave, soft rock",3
"la indie, modern alternative rock, modern rock, rock, stomp pop",3
"r&b, rap, uk contemporary r&b",3
"broadway, hollywood, show tunes",3
"argentine rock, post-punk argentina, ska argentino",3
"aggressive phonk, drift phonk, gym phonk",3
israeli folk,3
"dance pop, neo mellow, pop",3
"rap conciencia, spanish hip hop",3
urdu hip hop,3
"adult standards, american folk revival",3
downtempo,3
"alternative metal, christian alternative rock, christian music, christian rock",3
chill drill,3
"eurodance, europop, hip house",3
"alabama rap, rap, trap",3
"alternative metal, nu metal, post-grunge, rap metal",3
"europop, swedish pop, synthpop",3
"baroque pop, metropopolis",3
"alt z, modern indie pop",3
"soft rock, sophisti-pop",3
orlando indie,3
"hypertechno, melbourne bounce international, slap house",3
"funk mtg, phonk brasileiro",3
"deboxe, funk mandelao, funk mtg",3
miami hip hop,3
"emo, modern rock, pop, pop punk, rock",3
"r&b, rap latina",3
"alt z, indie pop, nyc pop",3
"hypertechno, pop dance",3
"adult standards, torch song, vocal jazz",3
"dance pop, hip hop, hip pop, neo soul, pop rap, r&b, rap, urban contemporary, virginia hip hop",3
"broadway, hollywood, movie tunes, show tunes",3
"alt z, deep pop edm",3
"latin pop, latin viral pop, viral pop",3
"dutch house, edm, electro house, melbourne bounce international, pop dance, progressive electro house, slap house",3
"argentine rock, latin alternative, latin rock, rock en espanol, ska, ska argentino",3
tropical,3
"reggae fusion, uk reggae",3
"drill chileno, trap chileno",3
"modern alternative rock, pov: indie",3
"reggaeton mexicano, urbano latino",3
"dance pop, pop, r&b, urban contemporary",3
"la indie, modern alternative rock, modern rock, pop rock, pov: indie",3
"chicago rap, conscious hip hop, hip hop, political hip hop, pop rap, rap, southern hip hop",3
"alternative metal, alternative rock, funk metal, funk rock, hard rock, nu metal, post-grunge, rap metal, rock",3
"plugg, pluggnb, rage rap",3
"gangster rap, hip hop, pop rap, rap, trap, urban contemporary",3
"indie rock, indietronica, modern rock, neo-synthpop, shimmer pop",3
"alt z, pop, transpop",3
"chicago rap, drill, rap, trap",3
"art pop, art rock, baroque pop, new wave pop, permanent wave, piano rock, singer-songwriter",3
"chill drill, melodic drill, r&drill",3
german indie folk,3
"german dance, pop dance, tropical house",3
"deep german hip hop, frauenrap, german hip hop",3
chinese indie,3
"candy pop, modern rock, pixie, pop, pop emo, pop punk, rock",3
"colombian pop, reggaeton colombiano",3
rap mineiro,3
"classic oklahoma country, contemporary country, country, country road, modern country rock",3
klubowe,3
"argentine rock, cantautor, latin alternative, latin rock, pop argentino, rock en espanol",3
"adult standards, easy listening, lounge, rockabilly",3
"alternative rock, dance rock, modern rock, permanent wave, rock",3
palestinian hip hop,3
adoracao,3
"funk carioca, funk mtg, funk ostentacao",3
no beat,3
"crunk, memphis hip hop, pop rap, rap, southern hip hop, trap",3
"afrofuturism, alternative r&b, r&b, urban contemporary",3
"pop soul, singer-songwriter pop",3
"ambient house, electronica",3
"pop punk, uk pop punk",3
"australian alternative rock, australian rock",3
"chamber pop, indie rock, modern rock, philly indie",3
funk ostentacao,3
"cali rap, melodic rap",3
classic danish pop,3
"art pop, canadian indie, canadian pop, chamber pop, indie pop, indie rock",3
"merengue tipico, salsa, tropical",3
"contemporary country, country, country dawn, country pop, country road",3
"liverpool indie, modern alternative rock, modern rock",3
"uk desi rap, uk hip hop",3
"east coast hip hop, queens hip hop",3
"deep house, deep tropical house, tropical house",3
"diva house, eurodance, german techno, hip house",3
"alt z, electropop, indie poptimism, metropopolis",3
desi hip hop,3
"brooklyn drill, new york drill, trap",3
german hyperpop,3
"nova mpb, pop nacional",3
"brazilian hip hop, brazilian reggae, brazilian rock, latin alternative, rock nacional brasileiro",3
"scam rap, trap queen",3
"modern reggae, reggae",3
"previa, rkt",3
"indie siciliano, italian adult pop, italian alternative, italian indie pop, italian pop",3
"baroque pop, chamber pop, garage rock, indie rock, indietronica, modern rock",3
"cali rap, trap queen",3
"house, uk dance, uk house",3
lo-fi product,3
"rap belge, rap calme",3
"southern hip hop, trap",3
hokkien pop,3
"hip hop, virginia hip hop",3
pixel,3
finnish alternative rock,3
"australian pop, australian rock",3
"batidao romantico, brega funk, brega romantico, funk carioca, pop teen brasileiro",3
"hyperpop, sped up",3
musica madeirense,3
"brega funk, funk carioca, funk ostentacao",3
afrofuturism,3
"bubble trance, eurodance, german dance, hands up",3
"funk carioca, funk mtg, funk paulista, funk rj",3
"funk bh, funk carioca, funk mtg, funk ostentacao, funk rj",3
indie curitibano,3
uk melodic rap,3
"german pop, german reggae, hamburg hip hop",3
"brazilian edm, pop nacional",3
"electropop, pop",3
"pop rap, reggae fusion",3
"canadian pop, candy pop, dance pop, pop",3
finnish indie,3
"nottingham hip hop, uk hip hop",3
"post-teen pop, talent show, teen pop",3
musica portuguesa contemporanea,3
"trap brasileiro, trap carioca, trap pesado",3
"salsa, salsa peruana",3
"chanson, electro-pop francais, french indie pop, french pop, nouvelle chanson francaise",3
"arrochadeira, forro, piseiro",3
"colombian pop, latin pop, reggaeton colombiano",3
"dominican pop, trap dominicano",3
"australian indie, vapor soul",3
"chamber pop, indie folk, indie rock, indietronica, irish rock, modern rock",3
"agronejo, no beat",3
"czech metal, czech rock",3
"danish indie, danish pop",3
australian electropop,3
"speed plug brasileiro, speed up brasileiro",3
"florida drill, florida rap",3
"uk funky, uk hip hop",3
"electro latino, rap dominicano, reggaeton, trap latino",3
"balkan hip hop, balkan trap, turbo folk",3
rock alternatif francais,3
batidao romantico,3
"celtic, irish folk",3
"rap chileno, venezuelan hip hop",3
"albanian pop, greek trap",3
"atl hip hop, trap",3
"alternative rock, britpop, permanent wave, rock",3
"house, pop dance, uk contemporary r&b, uk dance, uk pop",3
"alternative dance, indie poptimism, nu disco",3
"german dance, german pop, schlager",3
minnesota hip hop,3
"brega funk, funk rj",3
"classic colombian pop, cumbia, folclor afrocolombiano, musica popular colombiana",3
"bachata, bachata dominicana, cubaton",3
covertronica,3
italo disco,3
"europop, talent show",3
"comic, german country, german pop, german rock",3
dutch trap,3
french reggae,3
"british indie rock, experimental pop, modern rock, new rave, shimmer pop",3
"british soul, neo soul, psychedelic soul, soul",3
"alt z, canadian electropop, canadian pop, dark pop, electropop, metropopolis",3
"funk carioca, funk rj, pagode baiano, pop lgbtq+ brasileira",3
"batidao romantico, brega funk, brega romantico, forro de favela, funk carioca",3
"german soundtrack, orchestral soundtrack, soundtrack",3
"australian rock, permanent wave",3
"funk bh, funk mtg, funk viral",3
"mambo chileno, reggaeton chileno",3
"dembow, drill dominicano, rap dominicano, trap dominicano",3
"bachata, bachata dominicana, merengue",3
kashmiri pop,3
"australian dance, indie dream pop, indie soul",3
"german cloud rap, german hip hop, german trap",3
"new wave pop, soft rock",3
"dancefloor dnb, drum and bass, uk dnb",3
"deep tropical house, pop edm",3
"funk 150 bpm, funk carioca, pop lgbtq+ brasileira",3
"brazilian emo, brazilian rock, pop rock brasileiro, rock alternativo brasileiro",3
modern reggae,3
"alternative r&b, australian hip hop",3
progressive electro house,3
"dutch edm, lustrum, pop edm",3
"balkan brass, balkan punk, bosnian indie",3
"chilean rock, pop chileno, pop electronico",3
"edm, electro house, electronic trap, viral trap",3
"aussietronica, indie soul",3
"alternative dance, australian alternative rock, australian dance, collage pop, electronica, indietronica, new rave, psychedelic hip hop",3
"pop boliviano, trap boliviano",3
"alt z, nyc pop",3
rap rock,3
assamese pop,3
"canadian indie, canadian rock, indie rock, indietronica, metropopolis, neo-synthpop",3
"entehno, greek swing",3
anime lo-fi,3
industrial pop,3
australian dance,3
german pop rock,3
"funk carioca, funk pop, viral pop brasileiro",3
"folk-pop, viral pop",3
uk funky,3
"british indie rock, garage rock, indie rock, modern rock, rock, scottish rock",3
"abstract beats, indie soul, instrumental hip hop, vapor twitch",3
classic belgian pop,3
"pop chileno, reggaeton chileno",3
canadian folk,3
"german cloud rap, german hip hop, german trap, neue neue deutsche welle",3
"baroque, classical, early music, german baroque",3
"austrian pop, german pop rock",3
"canadian contemporary country, canadian country",3
"classic danish pop, danish pop",3
danish singer-songwriter,3
trap beats,3
"boom bap brasileiro, brazilian hip hop, brazilian reggae, rap nacional antigo",3
"pop reggaeton, venezuelan rock",3
"belgian edm, moombahton",3
"dembow, trap dominicano",3
scottish singer-songwriter,3
finnish idol pop,3
irish singer-songwriter,3
"aussietronica, australian indie",3
piseiro,3
"dancehall, dancehall guyanaise, r&b francais, shatta, zouk riddim",3
"afroswing, grime, nottingham hip hop, uk hip hop",3
smooth jazz,3
gregorian chant,3
"bulgarian pop, bulgarian rock",3
"merengue, merengue tipico, salsa",3
kabarett,3
pop house,3
slovenian pop,3
"circuit, dutch house, progressive electro house",3
lo-fi sleep,3
tamazight,3
"pop lgbtq+ brasileira, pop teen brasileiro",3
"pop lgbtq+ brasileira, pop nacional",3
puerto rican pop,3
"auckland indie, kiwi rock",3
"brazilian hip hop, pop nacional, pop rap brasileiro, r&b brasileiro",3
"classic danish pop, danish pop rock",3
rif,3
"funk carioca, r&b brasileiro",3
"german pop, liedermacher",3
"czech drill, czech hip hop, czsk emo rap, czsk hip hop",3
"canadian rock, hamilton on indie",3
"latin pop, latin viral pop, mexican pop, reggaeton",3
"anime, j-pop, j-poprock, j-rock, japanese pop punk",3
"german rock, karneval, kolsche karneval",3
chinese new year,3
"latin afrobeat, latin alternative, latin hip hop, latin rock, puerto rican rock, rap conciencia, reggaeton, rock en espanol",3
"afroswing, uk alternative hip hop, uk hip hop",3
"cantautora mexicana, latin arena pop, latin pop, mexican pop",3
"argentine rock, latin alternative, latin rock, rock en espanol, ska argentino",3
"icelandic folk, icelandic indie, icelandic pop",3
"german pop, german pop rock, german singer-songwriter",3
traprun,3
trap peruano,3
"cantautora mexicana, latin alternative, latin pop, mexican pop, mexican rock",3
mexican indie,3
"pagode novo, pop nacional, sertanejo universitario",3
"deboxe, funk mtg, rave funk",3
"brazilian hip hop, funk carioca",3
rap df,3
"afrofuturismo brasileiro, brazilian hip hop, funk carioca, indie curitibano, pop lgbtq+ brasileira, r&b brasileiro, rap feminino nacional, rap latina",3
"chilean hardcore, chilean rock, latin alternative, latin rock, rock en espanol, ska chileno",3
"latin jazz, salsa, tipico, tropical",3
"cuatro venezolano, latin pop, modern salsa, musica nicaraguense, salsa, tropical",3
"canadian latin, kizomba",3
"edm, electropop, house, indietronica, uk dance",3
"blues, blues rock, classic rock, electric blues, jazz blues, soul, soul blues, traditional blues",3
"electro latino, reggaeton, spanish pop",3
"cumbia 420, previa",3
"argentine indie, argentine reggae, argentine rock",3
"trap venezolano, venezuelan hip hop",3
"cantautor, latin alternative, latin rock, mexican rock, rock en espanol, spanish new wave, spanish pop",3
dark clubbing,3
"corrido, corridos tumbados, norteno, sad sierreno",3
"latin alternative, latin pop, latin rock, mexican rock, nu-cumbia, rock en espanol, rock urbano mexicano",3
"banda, corrido, corridos tumbados, musica mexicana, norteno, sierreno",3
"corrido, musica mexicana, norteno",3
"latin pop, mexican pop, ranchera",3
"corrido, corridos tumbados, musica mexicana, norteno, sierreno",3
"banda, corrido, musica bajacaliforniana, musica mexicana, norteno",3
"banda, corridos tumbados, musica mexicana, norteno, sad sierreno, sierreno",3
"banda, grupera, musica mexicana, norteno",3
"mexican pop, reggaeton mexicano, urbano mexicano",3
"latin alternative, latin arena pop, latin rock, mexican rock, rock en espanol",3
"mexican pop, tejano",3
corridos tumbados,3
"bolero, cancion melodica, ranchera",3
"electro latino, flamenco urbano, pop flamenco",3
"murcia indie, spanish indie pop, spanish rock",3
"cantautor, spanish indie pop, spanish pop, spanish rock",3
galician folk,3
"tontipop, vapor twitch",3
hyperpop en espanol,3
"alternative rock, art pop, electronica, experimental pop, experimental vocal, icelandic experimental, icelandic pop, icelandic singer-songwriter, metropopolis, permanent wave, trip hop",3
"guatemalan pop, r&b en espanol",3
"canadian hip hop, rap montrealais, toronto rap",3
"chamber pop, indie anthem-folk, indie folk, irish singer-songwriter, stomp and holler",3
rap conciencia,3
musica catalana,3
"ska espanol, spanish punk, spanish rock",3
italian soundtrack,3
"cali rap, rap, trap",3
"indie pop, pov: indie",3
"cartoon, childrens music",3
"sped up, weirdcore",3
"adult standards, disco, funk, mellow gold, motown, quiet storm, soft rock, soul",3
"movie tunes, show tunes",3
"classic czech pop, czech pop, slovak pop",3
"auteur-compositeur-interprete quebecois, indie quebecois",3
"arab pop, arabic hip hop, egyptian hip hop, egyptian pop",3
"arabic hip hop, middle east hip hop, palestinian hip hop",3
"arab pop, dabke",3
arab groove,3
trap ecuatoriano,3
instrumental funk,3
"arab alternative, jordanian alternative, jordanian pop",3
modern blues,3
"gaming edm, nordic house",3
"dutch house, edm, electro house, pop dance, pop edm, progressive electro house, sky room",3
"estonian indie, estonian pop, estonian rock",3
"cyberpunk, synthwave",3
neo-classical,3
"alt z, la indie, pop, pov: indie",3
canadian singer-songwriter,3
portuguese rock,3
high vibe,3
speedrun,3
"central asian hip hop, kyrgyz hip hop",3
"finnish dance pop, finnish hip hop, iskelma",3
"classic iskelma, iskelma, suomi rock",3
"classic iskelma, finnish pop, iskelma",3
"finnish dance pop, finnish hip hop, suomirap",3
"finnish dance pop, finnish hip hop, finnish reggae",3
indie electropop,3
"finnish hip hop, lapland hip hop, suomirap",3
"eurodance, german techno",3
"finnish idol pop, finnish pop, iskelma",3
"canadian rock, country rock",3
"finnish dance pop, finnish hip hop, lapland hip hop",3
"arabic hip hop, deep rai",3
"french indie pop, french indietronica, new french touch",3
"french indie pop, french indietronica, french synthpop, new french touch",3
"french hip hop, french pop, pop urbaine, rap conscient",3
"dark disco, electro-pop francais, french indietronica",3
"pop urbaine, rap francais",3
vapor soul,3
"chanson virale, rap francais",3
"nantes indie, turntablism",3
"cloud rap francais, rap calme",3
"neon pop punk, pixie, pop punk",3
psychedelic pop,3
"german cloud rap, german hip hop, german jazz rap, hamburg hip hop",3
"deep tropical house, german pop",3
"german pop, girl group",3
"frauenrap, german cloud rap, german hip hop",3
"canadian blues, canadian folk, indie quebecois",3
neo-psychedelic,3
"electronica, future garage, indie soul",3
nightcore,3
japanese vgm,3
pop catracho,3
"hungarian pop, hungarian underground rap",3
"classic icelandic pop, icelandic pop, icelandic singer-songwriter, sunnlensk tonlist",3
"classic icelandic pop, icelandic folk, icelandic indie, icelandic pop, icelandic rock, icelandic singer-songwriter",3
sleep,3
experimental r&b,3
"chamber pop, indie folk, indie rock, indietronica, modern rock, stomp and holler",3
taraneem,3
memphis hip hop,3
"haryanvi hip hop, punjabi pop",3
"desi pop, indian indie",3
indian singer-songwriter,3
"filmi, indian folk, modern bollywood, sufi",3
"filmi, modern bollywood, sufi",3
hindi hip hop,3
"desi pop, hindi indie, indian indie",3
"chutney, filmi, odia pop",3
"punjabi pop, sufi",3
"bhangra, desi hip hop, hindi indie",3
"desi pop, filmi, modern bollywood, punjabi pop",3
"indonesian lo-fi pop, indonesian pop, indonesian singer-songwriter",3
indonesian idol pop,3
"indonesian city pop, indonesian indie, indonesian pop",3
indonesian edm,3
"classic indonesian rock, indonesian pop",3
quiet storm,3
"chill r&b, popping",3
"dangdut koplo, indonesian pop, indonesian pop rock",3
"dangdut, dangdut koplo, dangdut remix, javanese dangdut, lagu jawa",3
"indonesian emo rap, indonesian hip hop",3
"indonesian emo, indonesian indie, indonesian pop punk",3
brighton indie,3
"indonesian indie, indonesian pop, indonesian singer-songwriter",3
"azeri traditional, nasheed",3
"electro house, house, pop dance, uk dance",3
"irish folk, irish rock",3
irish folk,3
"celtic rock, irish folk, irish rock",3
"indie rock, indietronica, modern alternative rock, modern rock",3
"classic israeli pop, israeli singer-songwriter",3
"italian adult pop, italian alternative, italian indie pop, italian pop",3
"italian adult pop, rap italiano old school",3
"italian hip hop, italian indie pop",3
"italian indie pop, italian pop, rap napoletano",3
"italian alternative, italian indie pop",3
firenze indie,3
"indie rock italiano, italian hip hop, italian indie pop, italian pop, milan indie, r&b italiano, rome indie",3
"canzone dautore, classic italian pop, folk rock italiano, italian adult pop",3
"chutney, dancehall, soca",3
"canzone dautore, classic italian pop, italian adult pop, italian pop",3
sky room,3
"bergamo indie, italian alternative",3
"alabama rap, detroit hip hop",3
j-pop girl group,3
"j-pop, j-pop boy group, japanese dance pop, okinawan pop",3
"j-pop, j-poprock",3
"j-poprock, j-rock",3
"j-rap, japanese pop rap",3
"anime, j-pixie",3
"japanese r&b, japanese soul",3
"japanese electropop, japanese r&b",3
japanese ska,3
japanese alternative rock,3
"anime rap, j-division",3
latvian folk,3
"russian alt pop, russian hip hop, russian indie",3
lithuanian hip hop,3
lithuanian edm,3
ghettotech,3
"classical, classical era",3
"edm, electropop, indie poptimism, vapor soul",3
"electropop, uk dance, vapor soul",3
"baltic post-punk, lithuanian pop, lithuanian rock",3
"hip hop tuga, moombahton, reggae tuga",3
"bass house, brostep, dutch edm, electro house, electronic trap",3
dubstep,3
"malaysian indie, malaysian punk",3
"dangdut, indonesian pop, indonesian pop rock",3
"malay rap, singaporean hip hop",3
"album rock, alternative metal, birmingham metal, classic rock, glam metal, hard rock, metal, rock",3
"rai, rif",3
afro r&b,3
"moroccan pop, rai, rif",3
kompa gouyad,3
"alabama rap, trap",3
"dutch pop, kermis, levenslied",3
dutch moombahton,3
"dutch pop, dutch rock, lustrum, piratenmuziek",3
dutch cabaret,3
asakaa,3
"dutch pop, electro swing",3
"smooth jazz, smooth saxophone",3
waiata maori,3
"nz hip hop, nz reggae",3
bubblegum pop,3
"canadian pop, canadian singer-songwriter, lilith, neo mellow, pop rock, singer-songwriter",3
"ccm, christian alternative rock, christian music",3
gregorian dance,3
"afro r&b, afrobeats, ghanaian pop",3
"afrobeats, afropop, azontobeats, igbo pop, nigerian pop",3
"afrobeats, afropop, azonto, ghanaian hip hop",3
sierra leonean pop,3
"afrobeats, ghanaian hip hop, ghanaian pop",3
"classic norwegian pop, norwegian rock",3
norwegian classical,3
"hjemmesnekk, russelater",3
"neo mellow, post-teen pop, viral pop",3
"new romantic, new wave, new wave pop, permanent wave, synthpop",3
"classic pakistani pop, pakistani pop, pakistani rock, sufi",3
naat,3
"panamanian pop, panamanian rock",3
"cumbia paraguaya, grupera",3
"cumbia paraguaya, folklore paraguayo, polca paraguaya",3
"folklore paraguayo, polca paraguaya",3
"modern salsa, pop peruano, pop reggaeton, salsa venezolana",3
"peruvian rock, reggae peruano",3
"peruvian hip hop, trap peruano",3
"bases de freestyle, reggae peruano",3
"opm, pinoy indie",3
"opm, pinoy hip hop, pinoy trap",3
"opm, pinoy hip hop, pinoy r&b, pinoy trap, tagalog rap",3
"opm, papuri",3
"opm, pinoy r&b, pinoy trap",3
"polish hip hop, polish reggae",3
"polish hip hop, smutny rap",3
"polish pop, polish viral pop, polish viral rap",3
polish indie,3
"polish alternative rock, polish indie rock",3
"hardcore punk, post-hardcore, swedish hardcore, swedish post-hardcore, umea hardcore, vegan straight edge",3
"hip hop tuga, portuguese pop, trap tuga",3
"portuguese folk, tuna",3
"russian witch house, witch house",3
"russian alt pop, russian electronic, russian rave",3
jalsat,3
"arab pop, dabke, palestinian alternative, palestinian pop, palestinian traditional",3
"pluggnb, rap, southern hip hop, trap",3
"argentine ambient, latin classical, latin soundtrack, orchestral soundtrack, soundtrack",3
focus,3
"israeli indie, new americana",3
"afrikaans gqom, gqom",3
quantum sound,3
"afrikaans, afrikaans hip hop, south african pop",3
"amapiano, south african r&b",3
"amapiano, south african house",3
"drum and bass, jungle",3
"k-indie, k-rock",3
"k-rap, korean trap",3
"dalarna indie, swedish garage rock, swedish indie rock",3
"gotlandsk musik, swedish pop",3
"swedish electropop, swedish idol pop, swedish pop",3
"classic swedish pop, folkmusik, swedish pop",3
"classic swedish pop, dansband, danspunk",3
"swedish drill, swedish hip hop, swedish trap, swedish trap pop",3
"dansband, skansk musik",3
"classic swedish pop, fotbollslatar, swedish eurodance, swedish pop",3
"metropopolis, swedish electropop",3
hard bass,3
hyphy,3
"classic swedish pop, swedish country, swedish pop",3
"classic swedish pop, norrbotten indie",3
"classic swedish pop, danspunk",3
"schweizer rap, swiss hip hop",3
"mundart, swiss hip hop, swiss reggae",3
swiss hip hop,3
"mandopop, taiwan hip hop, taiwan pop, taiwan singer-songwriter",3
thai teen pop,3
"t-pop, thai ost, thai teen pop",3
turkish instrumental,3
"turkce slow sarkilar, turkish alt pop",3
"turkish hip hop, turkish trap pop",3
"new school turkce rap, turkce drill, turkish hip hop",3
"classic turkish pop, uyghur pop",3
"anadolu rock, turkish instrumental, turkish psych, turkish rock",3
"turkce remix, turkish pop",3
"melancholia, turkish pop",3
azeri pop,3
"rock viet, v-pop",3
vietnamese pop,3
viet remix,3
"indie viet, vietnamese singer-songwriter",3
"deep tropical house, german dance",3
russian gangster rap,3
russian indie rock,3
russian underground rap,3
"russian drain, zxc",3
"kavkaz, russian hip hop, russian reggae",3
"russian alt pop, russian underground rap",3
"russian alt pop, russian post-punk, russian synthpop",3
classic russian pop,3
"sertanejo pop, sertanejo universitario",3
deboxe,3
"czech alternative rap, czech hip hop, czsk hip hop",3
bachata dominicana,3
middle east hip hop,3
"canadian hip hop, canadian trap, toronto rap",3
"afro house, latin house",3
"c-pop, cantopop, classic mandopop",3
salsa venezolana,3
"malayalam hip hop, mollywood",3
"indonesian indie, indonesian jazz, indonesian pop, jazz pop",3
celtic rock,3
"classic israeli pop, israeli hip hop",3
"classic israeli pop, israeli pop",3
"israeli rock, israeli singer-songwriter",3
"j-rock, japanese indie pop",3
"japanese teen pop, modern j-rock",3
alt-idol,3
"classic city pop, idol kayo",3
"kazakh hip hop, kazakh pop",3
"russian dance, russian pop, russian trap",3
"central asian hip hop, kazakh viral pop, q-pop, zhenskiy rep",3
"c-pop girl group, mandopop, taiwan idol pop, taiwan pop",3
kermis,3
"russian pixel, russian viral rap",3
russian rave,3
"chinese viral pop, zhongguo feng",3
singaporean mandopop,3
south african underground rap,3
"k-pop, k-pop boy group, k-rock",3
"mandopop, singaporean mandopop",3
"classic mandopop, mandopop, taiwan pop, taiwan singer-songwriter",3
"classic mandopop, mandopop, taiwan singer-songwriter",3
cantonese worship,3
"chinese indie, chinese minyao",3
"thai folk, thai indie rock",3
"t-pop, thai indie rock, thai pop",3
"thai folk rock, thai pop",3
thai folk pop,3
thai bl ost,3
"thai bl ost, thai ost",3
"luk thung, thai folk pop",3
sovietwave,3
"houston rap, pop, rap, trap queen",3
"rap italiano old school, rap napoletano",3
"mambo chileno, trap latino, urbano chileno, urbano latino",3
"afro house, south african house",3
"pov: indie, singer-songwriter pop",3
"bachata, latin hip hop, latin pop, trap latino, urbano latino",3
yoruba worship,3
hungarian folk,3
"banda, corrido, norteno, corridos belicos, corridos tumbados, musica mexicana",3
"alte, afrobeats, afrobeat, afropop, afropiano, afro adura, afro soul, afroswing",3
"epadunk, norwegian pop",3
"afro house, afro tech, house, melodic house",3
"german indie, german indie pop, german hip hop, german pop",3
"argentine rock, rock en espanol, latin rock, latin alternative",3
"piseiro, sertanejo, pagode, forro, arrocha",3
"boom bap, brazilian hip hop",3
"sertanejo tradicional, sertanejo",3
"iskelma, finnish pop, christmas",3
"french r&b, french pop, pop urbaine, variete francaise",3
"german hip hop, gangster rap",3
"cantopop, chinese indie",3
"bollywood, desi",3
"moroccan pop, moroccan rap, arabic hip hop, rai",3
"nigerian drill, afro adura, afrobeat",3
"alte, afrobeats, afropiano, amapiano, afrobeat",3
"hardstyle, hardcore, hardcore techno, frenchcore",3
"moombahton, dancehall",3
"epadunk, russelater, ragga, norwegian pop",3
"3 step, amapiano, private school piano, afro tech, gqom, afro house",3
"bacardi, amapiano, maskandi, gqom, 3 step",3
"k-ballad, k-rap",3
"arabesk, anatolian rock, turkish pop",3
"dark ambient, ambient",3
"tamil pop, kollywood, tamil dance, tollywood, tamil hip hop, telugu pop",3
"anime, j-pop, j-rap",3
"khaleeji, sholawat, egyptian pop",3
"gospel, african gospel, worship",3
afrobeat,3
"russelater, norwegian rap, epadunk, norwegian pop",3
"russelater, epadunk, norwegian pop",3
"portuguese hip hop, kuduro",3
"funk, funk consciente, trap funk, brazilian funk, brazilian trap",3
"afropop, afro soul, amapiano, gqom",3
"variete francaise, chanson, french pop",3
"gospel, devotional, worship, brazilian evangelical music",3
"sertanejo, sertanejo universitario, pagode, arrocha",3
horrorcore,3
"grime, uk drill, drill",3
"electro corridos, corrido, corridos tumbados, corridos belicos, dembow",3
"norwegian pop, norwegian rap",3
"thai rock, thai pop, t-pop, southern thai music",3
"cantopop, mandopop, c-pop, taiwanese pop, chinese indie",3
"piseiro, forro, arrocha, sertanejo, brega",3
"corrido, corridos belicos, norteno, sierreno, banda",3
"bhajan, devotional",3
"sertanejo, sertanejo universitario, forro, piseiro, agronejo, arrocha",3
"chilean trap, reggaeton chileno, argentine trap",3
"tollywood, telugu pop",3
"alternative rock, rock",3
"turkish pop, t-pop, arabesk",3
"mandopop, c-pop, taiwanese pop, cantopop, gufeng",3
"dembow, urbano latino, latin, reggaeton",3
"p-pop, opm",3
"slap house, italo dance",3
"egyptian hip hop, arabic rap, mahraganat, egyptian pop",3
"salsa, bachata",3
"tamil pop, kollywood, tamil hip hop, tamil dance",3
"corrido, corridos tumbados, corridos belicos, musica mexicana, electro corridos",3
"schlager, german pop",3
"mollywood, malayalam pop",3
"ranchera, popular colombian music, banda",3
"edm, dance",3
"luk thung, southern thai music, phleng phuea chiwit, thai pop",3
funk,3
"sertanejo, sertanejo universitario, sertanejo tradicional",3
"mambo, merengue",3
"reggaeton chileno, chilean trap, chilean mambo, mambo, guaracha",3
"merengue, salsa, salsa romantica",3
"christian, worship",3
"corrido, corridos belicos, corridos tumbados, sierreno, electro corridos, banda, musica mexicana",3
"lagu timur, maluku, batak",3
"indonesian pop, malay, malay pop",3
"j-pop, j-r&b",3
cold wave,3
"italian trap, drill",3
"corrido, corridos belicos, norteno, sierreno",3
"corrido, corridos tumbados, corridos belicos, musica mexicana",3
"afrobeats, afrobeat, amapiano, afropiano, afropop",3
"afrobeats, afrobeat, alte, afropiano, afropop, afro adura, afroswing",3
"russelater, norwegian hip hop, epadunk, norwegian pop",3
"opm, harana, p-pop, kundiman",3
"rkt, turreo, argentine trap, trap",3
"bacardi, amapiano, gqom, private school piano, afropop",3
"bacardi, gqom, private school piano, amapiano",3
"afropop, afro soul, 3 step",3
"amapiano, gqom, afropop, 3 step, bacardi",3
"gqom, 3 step, amapiano, afro house, private school piano, afropiano",3
"brazilian trap, trap funk, trap, brazilian funk, brazilian hip hop",3
"moroccan rap, arabic hip hop",3
"sufi, qawwali, desi",3
"portuguese hip hop, kizomba, kuduro, afro house",3
"bacardi, gqom",3
"italo dance, italo disco",3
"thai rock, t-pop, thai pop",3
"folk pop, nederpop",3
"salsa, latin jazz, son cubano, timba",3
"cumbia, chicha, electrocumbia, cumbia nortena, huayno",3
"rap quebecois, french rap",3
"moroccan pop, moroccan chaabi, rai",3
"sholawat, malay",3
"gqom, underground hip hop",3
"reggaeton chileno, trap latino",3
"swedish pop, epadunk",3
"piseiro, forro, arrocha, sertanejo",3
"forro, piseiro, arrocha",3
"reggaeton chileno, chilean mambo",3
"chilean trap, reggaeton chileno, chilean mambo, mambo, argentine trap, urbano latino",3
"corridos tumbados, corrido, corridos belicos, electro corridos, dembow belico, sad sierreno",3
"ghazal, bangla pop, hindi pop, bollywood",3
"brega funk, brega",3
"french rap, pop urbaine, french r&b, moroccan pop",3
"k-pop, bubblegum pop",3
"moroccan rap, moroccan pop, arabic hip hop, egyptian hip hop",3
"amapiano, private school piano, gqom, 3 step, afropiano, afro house",3
"bollywood, hindi hip hop, desi, hindi pop, punjabi pop",3
"funk consciente, funk, brazilian funk, trap funk",3
"mariachi, ranchera, musica mexicana, bolero, banda, norteno",3
punk,3
"amapiano, bacardi, gqom",3
"southern thai music, luk thung, phleng phuea chiwit, thai rock, thai pop",3
"banda, corrido, norteno, sierreno, corridos belicos, musica mexicana",3
"trap latino, latin hip hop",3
"mahraganat, egyptian shaabi, egyptian pop, egyptian hip hop",3
"khaleeji, sholawat",3
"brazilian hip hop, brazilian trap",3
"thai hip hop, thai pop, t-pop, thai trap",3
"russelater, epadunk, norwegian pop, norwegian hip hop",3
"3 step, amapiano, private school piano, gqom",3
folk,3
"afro adura, afrobeats, afrobeat, afropiano, afropop, amapiano",3
"italo dance, eurodance",3
"vietnamese lo-fi, v-pop, vinahouse",3
"afro adura, afrobeat, afro soul",3
"banda, sierreno, corrido, norteno, sad sierreno, corridos belicos",3
"devotional, bhajan",3
"kannada pop, bollywood, sandalwood, hindi pop, desi, marathi pop",3
"moroccan rap, moroccan pop, moroccan chaabi, arabic hip hop",3
"afrobeats, afrobeat, afropop, afro r&b, alte, afropiano, afro soul, afroswing",3
"brega funk, brazilian funk",3
"bhojpuri pop, bhojiwood",3
"popular colombian music, ranchera, colombian pop, vallenato",3
"afrobeats, afrobeat, afropop, afropiano, dancehall",3
"afro adura, afrobeats, afrobeat, alte, afropop, afropiano, nigerian drill, afro soul",3
lo-fi,3
"t-pop, thai pop, luk thung",3
"funk de bh, brazilian funk",3
"thai rock, southern thai music, luk thung, phleng phuea chiwit, thai pop, t-pop",3
"sertanejo, sertanejo universitario, pagode, forro, piseiro, agronejo, arrocha",3
"dansk pop, dansk rap",3
"k-ballad, soundtrack, k-pop",3
"afrobeats, afrobeat, afro r&b, afropop",3
"opm, pinoy indie, harana",3
indian indie,3
"indonesian pop, indonesian r&b, indonesian jazz",3
"hipdut, lagu timur, dangdut, malay, funkot, koplo, malay rap, indonesian pop",3
"old school hip hop, gangster rap, east coast hip hop, hip hop",3
popular colombian music,3
"grupera, norteno, cumbia, ranchera, cumbia nortena, tejano, banda",3
"christian hip hop, christian",3
"rkt, turreo, guaracha, cumbia",3
"tech house, latin house",3
"axe, pagode baiano, mpb, brazilian pop",3
"rkt, reggaeton",3
"latin afrobeats, pop urbano",3
"rock en espanol, mexican rock, latin alternative, mexican indie, latin rock",3
"shatta, french rap, dancehall, zouk, pop urbaine, kompa",3
"tejano, cumbia, grupera",3
"mariachi, bolero, latin pop, ranchera, villancicos",3
"christian, christian hip hop",3
"gqom, ndombolo, 3 step, amapiano, afro tech",3
"country, acoustic country",3
"bacardi, amapiano, gqom, maskandi, 3 step",3
"punk, skate punk, hardcore punk, ska punk, melodic hardcore",3
"g-funk, west coast hip hop, gangster rap, hip hop, old school hip hop, rap",3
"progressive house, big room, edm",3
"big room, future house, edm",3
"hipdut, funkot, lagu timur, dangdut",3
"sertanejo, agronejo, sertanejo universitario, piseiro",3
"taiwanese indie, chinese indie, taiwanese pop, chinese rock, mandopop",3
"amapiano, gqom, bacardi, afropiano",3
"thai pop, t-pop, thai hip hop",3
"mizrahi, indie dance",3
"french r&b, pop urbaine, zouk, kompa",3
"j-pop, japanese indie",3
"gospel, worship, brazilian gospel, devotional",3
"mahraganat, egyptian pop, egyptian shaabi, khaleeji",3
"punjabi hip hop, punjabi pop, desi hip hop, hindi hip hop, desi",3
"french pop, french indie pop",3
"moroccan rap, arabic hip hop, egyptian pop, egyptian hip hop",3
"amapiano, gqom, afropiano, 3 step",3
"afro adura, afrobeat, afrobeats, nigerian drill, afropiano, afropop, afro soul",3
"c-pop, mandopop, chinese r&b",3
"arabic hip hop, khaleeji, egyptian hip hop",3
"3 step, private school piano, amapiano",3
"afrobeats, afrobeat, afropop, afropiano, afro r&b",3
"argentine rock, murga, latin rock",3
"childrens music, lullaby",3
"christian, worship, ccm",3
"christmas, big band, swing music",3
"christmas, childrens music",3
"new mpb, mpb, brazilian pop",3
"soul, soul blues, blues, classic soul, vocal jazz",3
"afro adura, afrobeats, afrobeat, afropiano, afropop, fuji",3
jazz pop,3
uk r&b,3
"italian trap, concerto, trap",3
"tollywood, telugu pop, mollywood, tamil pop",3
"j-pop, kayokyoku",3
"mandopop, taiwanese pop, c-pop, taiwanese indie, chinese indie",3
"desi hip hop, hindi hip hop, hindi indie, indian indie",3
"thai hip hop, thai pop",3
"indie, garage rock",3
"corrido, banda, sierreno, corridos belicos, norteno, sad sierreno, corridos tumbados",3
"afro adura, nigerian drill, afro soul, afrobeat, afrobeats, alte",3
"punjabi pop, punjabi hip hop, bhangra, desi",3
"afrobeats, afrobeat, afropop, afro r&b, afropiano, afro soul, afroswing, afro adura",3
"afrobeats, afrobeat, afropop, afropiano, alte, afroswing, amapiano, azonto, afro r&b",3
"pinoy hip hop, opm, pinoy r&b, p-pop",3
"amapiano, afropiano, gqom, 3 step, bacardi, afrobeats, private school piano",3
"thai hip hop, thai pop, thai trap, t-pop",3
"v-pop, vietnamese hip hop, vietnamese lo-fi, vietnam indie",3
"afro adura, afrobeats, afrobeat, afropop, alte, afropiano, nigerian drill, fuji, afro soul",3
"turkish hip hop, turkish pop, drill",3
"trance, progressive trance, progressive house, electronica, edm",3
"bongo flava, singeli, bongo piano",3
"dancehall, ragga, reggae, soca, riddim",3
"worship, christian, pop worship, ccm",3
"soca, calypso",3
"britpop, madchester, alternative rock",3
"worship, christian, ccm",3
"dancehall, reggae, lovers rock, ragga, riddim, soca, roots reggae",3
"reggae, nz reggae, reggae rock",3
"singeli, bongo flava, bongo piano",3
post-grunge,3
"amapiano, private school piano, gqom, 3 step, bacardi, afropiano",3
"amapiano, 3 step, afropiano",3
"worship, gospel, christian",3
"afro soul, afro house",3
"afro house, afro tech",3
"brooklyn drill, new york drill, drill",3
"southern hip hop, crunk, gangster rap",3
"tribal house, disco house",3
"thai hip hop, thai trap, thai pop, southern thai music, t-pop",3
"pop punk, punk, skate punk",3
luk thung,3
"afrobeats, afro r&b, alte, afrobeat",3
"brazilian phonk, phonk",3
"gengetone, rumba congolaise, bongo flava, afro soul",3
"bongo flava, singeli, bongo piano, afropop, afrobeats",3
"salsa, son cubano",3
"bachata, kizomba",3
"merengue, electrocumbia, tropical music",3
"merengue, grupera, tropical music, cumbia, electrocumbia",3
"merengue, tropical music, electrocumbia",3
"reggaeton chileno, chilean trap, chilean mambo, guaracha, reggaeton mexa",3
"cumbia, turreo",3
"cumbia, rkt, turreo, cuarteto",3
"electrocumbia, chicha",3
"cumbia, chicha, electrocumbia",3
"cumbia nortena, cumbia, musica mexicana",3
"bolero, cumbia, tropical music, cha cha cha",3
"chicha, cumbia, cumbia sonidera",3
"cumbia, banda, grupera, cumbia nortena, duranguense",3
"cumbia sonidera, cumbia, guaracha, electrocumbia, salsa",3
"cumbia, cumbia sonidera, grupera",3
"cumbia nortena, cumbia, tejano, norteno, grupera, musica mexicana, cumbia sonidera",3
"dubstep, edm, electro, electronic",3
"happy hardcore, eurodance",3
"disco house, funky house, french house, tech house",3
"big beat, breakbeat",3
"big beat, trip hop",3
electronic classical,3
"rap rock, old school hip hop, east coast hip hop, hip hop",3
jangle pop,3
aor,3
"disco, soul, classic soul, quiet storm, philly soul",3
"philly soul, motown, classic soul, soul, northern soul",3
"corridos belicos, corridos tumbados, corrido",3
"norteno, corrido",3
"corridos tumbados, corrido, corridos belicos, sierreno, sad sierreno, musica mexicana, banda",3
brass band,3
"corrido, brass band, banda",3
"banda, ranchera, norteno",3
"corrido, norteno, musica mexicana",3
"tejano, norteno",3
"norteno, corrido, ranchera, cumbia nortena, musica mexicana",3
"norteno, corrido, bolero",3
"norteno, tejano, ranchera, musica mexicana, bolero, corrido",3
"norteno, grupera, ranchera",3
"bass house, edm, bassline",3
funky house,3
"bass house, tech house, g-house, house, electro house",3
"latin house, afro house, techengue, house",3
"future house, house, deep house",3
"progressive house, future house, edm",3
"bass house, future house, brazilian bass",3
"big room, bass house",3
"house, future house",3
"miami bass, baltimore club",3
"southern hip hop, new orleans bounce",3
"southern hip hop, rap, trap",3
"old school hip hop, g-funk, gangster rap, west coast hip hop, hip hop, rap",3
"west coast hip hop, g-funk",3
"west coast hip hop, g-funk, gangster rap",3
"hyphy, west coast hip hop, g-funk, old school hip hop, gangster rap",3
"east coast hip hop, boom bap, old school hip hop, underground hip hop",3
"jazz rap, east coast hip hop, boom bap",3
"east coast hip hop, hardcore hip hop, old school hip hop",3
"horrorcore, east coast hip hop, hardcore hip hop",3
"indie rock, baroque pop",3
"new rave, alternative dance",3
"riot grrrl, queercore",3
"urbano latino, reggaeton",3
"tribal house, latin house, afro house, afro tech",3
"corrido, corridos tumbados, corridos belicos, musica mexicana, sierreno, banda, electro corridos, sad sierreno",2
"bedroom pop, bedroom r&b",2
"new romantic, new wave, new wave pop, permanent wave, rock, sophisti-pop, synthpop",2
"alternative rock, art rock, melancholia, oxford indie, permanent wave, rock",2
"album rock, classic rock, permanent wave, rock",2
"indie folk, indie quebecois",2
"agronejo, funk rj, sertanejo pop",2
"dreamo, indie surf, pov: indie, surf punk, vegas indie",2
memphis phonk,2
"edmonton indie, lo-fi indie, pov: indie",2
"album rock, classic rock, hard rock, mellow gold, rock, soft rock, yacht rock",2
"contemporary country, outlaw country",2
toronto indie,2
"canadian pop, canadian singer-songwriter, classic canadian rock, heartland rock, mellow gold, soft rock",2
"alternative metal, alternative rock, emo, modern power pop, modern rock, neon pop punk, pop punk, pop rock, post-grunge, punk, rock",2
"folk, lilith, singer-songwriter, womens music",2
la indie,2
"album rock, classic rock, heartland rock, mellow gold, rock, singer-songwriter, soft rock, yacht rock",2
"dance pop, new wave pop, permanent wave, soft rock",2
"musica mexicana, norteno, sierreno",2
"alternative metal, nu metal, rap metal, rap rock, rock",2
"irish rock, modern rock, neo mellow, permanent wave, pop rock",2
"british soul, neo soul, pop soul, soul",2
"ottawa rap, viral rap",2
"album rock, classic rock, mellow gold, rock",2
"pop dance, tech house",2
"lilith, pop rock",2
"new romantic, new wave, new wave pop, soft rock",2
"album rock, classic rock, heartland rock, mellow gold, piano rock, rock, singer-songwriter, soft rock",2
"album rock, art rock, beatlesque, classic rock, glam rock, mellow gold, rock, soft rock, symphonic rock",2
"classic uk pop, rockabilly",2
"experimental pop, indie surf, pov: indie",2
"alternative metal, alternative rock, grunge, hard rock, nu metal, permanent wave, post-grunge, rock, supergroup",2
dark synthpop,2
sigilkore,2
"british folk, classic rock, folk, folk rock, mellow gold, singer-songwriter",2
"album rock, classic rock, mellow gold, new romantic, new wave pop, soft rock, synthpop",2
"alternative rock, permanent wave, punk, rock",2
"opm, pinoy indie rock",2
"bubblegrunge, chicago indie, indie pop, pov: indie",2
"austindie, indie rock, pov: indie",2
"pluggnb, rap, trap",2
"rock drums, soft rock",2
balochi pop,2
"alternative metal, funk metal, nu metal, post-grunge, rap metal, rock",2
"alternative metal, alternative rock, funk metal, funk rock, nu metal, post-grunge, rock",2
"atl hip hop, dirty south rap, pop rap, rap, southern hip hop, trap",2
"post-teen pop, teen pop, viral pop",2
"indie pop rap, pop rap, rhode island rap",2
dutch tech house,2
"eurodance, europop, new wave pop",2
"san diego rap, viral trap",2
"modern alternative rock, modern rock, pov: indie, punk blues, rock",2
"classic soul, soul, vocal jazz",2
"classic rock, folk, folk rock, mellow gold, permanent wave, rock, singer-songwriter, soft rock",2
"la indie, stomp and holler",2
"europop, synthpop",2
"drift phonk, ukrainian phonk",2
canadian old school hip hop,2
"rap rock, reggae fusion, ska mexicano, ska punk",2
"downtempo, nu jazz",2
"alternative metal, alternative rock, pop rock, post-grunge",2
"australian rock, dance rock, funk rock, new romantic, new wave, rock",2
"album rock, classic rock, heartland rock, mellow gold, new wave pop, singer-songwriter, soft rock, yacht rock",2
"classic country pop, country, nashville sound",2
"metropopolis, pop, swedish electropop, swedish pop, swedish synthpop",2
"torch song, vocal jazz",2
"modern alternative rock, modern rock, rock",2
"hindi indie, indian indie, indian rock, new delhi indie",2
"alternative pop rock, pov: indie",2
"mexican hip hop, sad sierreno, tamaulipas rap",2
indie hip hop,2
"german pop, new wave pop",2
japanese alternative pop,2
"dance pop, gangster rap, hip hop, pop rap, r&b, rap, southern hip hop, trap, urban contemporary",2
"folk-pop, neo mellow, pop rock",2
"deep talent show, hollywood, movie tunes",2
"australian pop, singer-songwriter pop",2
"chicago drill, chicago rap, drill, trap",2
"trap queen, viral rap",2
"korean instrumental, neo-classical, new age piano",2
"pop rap, westcoast flow",2
"j-rock, japanese alternative rock, japanese shoegaze",2
smutny rap,2
"nyc rap, rap, trap",2
"classic soul, funk, quiet storm, soul",2
"chamber pop, folk, indie folk, indie rock, indietronica, modern rock, seattle indie, singer-songwriter, stomp and holler",2
"funk bh, funk mtg, funk rj",2
"bass house, old school bassline",2
hi-nrg,2
"boy band, dance pop, pop rock",2
"contemporary r&b, hip pop, r&b, urban contemporary",2
"ccm, christian music, world worship, worship",2
"neo mellow, post-teen pop",2
"trap, viral trap",2
"memphis hip hop, southern hip hop, tennessee hip hop, trap",2
novelty,2
"broadway, show tunes, vocal jazz",2
"boom bap brasileiro, brazilian hip hop",2
"alternative r&b, r&b",2
"album rock, british invasion, classic rock, hard rock, rock",2
"cubaton, reggaeton",2
"detroit trap, southern hip hop, trap",2
"crank wave, indie rock",2
trap pesado,2
"memphis hip hop, southern hip hop, trap",2
"british soul, new romantic, new wave, new wave pop, soft rock, sophisti-pop",2
"chanson, french jazz, nouvelle chanson francaise",2
"latin pop, trap latino, urbano latino",2
"j-pop, j-rock, japanese post-hardcore",2
"alternative metal, alternative rock, classic rock, grunge, permanent wave, rock",2
"baroque pop, modern rock, uk alternative pop",2
gambian hip hop,2
"dance pop, k-pop, k-pop girl group",2
"spanish indie pop, spanish pop, tontipop",2
"la indie, modern alternative rock, modern rock, pov: indie",2
trap carioca,2
"electropop, indie poptimism, la pop",2
"circuit, guaracha",2
"girl group, post-teen pop, talent show",2
"hip pop, miami hip hop",2
"modern alternative rock, modern blues rock, south african rock",2
"disco house, hip house, vocal house",2
"australian pop, indie electropop",2
"australian indie folk, indie anthem-folk, indie folk, stomp and flutter, stomp and holler",2
"brooklyn indie, indietronica, modern rock, shimmer pop",2
"r&b francais, rap francais",2
concurso de talentos argentino,2
"adult standards, rock-and-roll",2
"adult standards, classic oklahoma country, cowboy western, traditional country, western swing, yodeling",2
"detroit hip hop, kansas city hip hop, pop rap",2
"acoustic pop, chamber pop, indie folk, indie rock, stomp and holler",2
"meme rap, minnesota hip hop",2
"contemporary r&b, new jack swing, r&b, urban contemporary",2
cubaton,2
"neon pop punk, piano rock, pixie, pop punk",2
"alternative r&b, lgbtq+ hip hop, nyc rap, rap, trap",2
"agronejo, funk bh, funk consciente, funk mtg",2
"latin viral pop, reggaeton mexicano, urbano mexicano",2
"argentine rock, rock en espanol, ska argentino",2
"reggae fusion, reggae rock",2
"modern alternative rock, modern hard rock",2
"indie folk, modern blues rock, new americana, stomp and holler",2
"alternative metal, nu metal, post-grunge",2
"contemporary country, modern country rock",2
"miami hip hop, viral trap",2
"classic texas country, contemporary country",2
torch song,2
"new romantic, new wave, new wave pop, singer-songwriter, soft rock, synthpop",2
"trap, underground hip hop",2
"argentine rock, ska argentino",2
"argentine reggae, argentine rock, latin alternative, latin rock, mexican rock, rock en espanol, ska argentino",2
"german dance, hands up",2
"thai indie rock, thai pop, thai post-rock",2
"afrofuturismo brasileiro, bass trap, funk carioca, pop nacional",2
"puerto rican rock, reggae en espanol",2
"german hip hop, hypertechno",2
"funk consciente, funk ostentacao, funk paulista",2
"folk brasileiro, nova mpb, nova musica carioca",2
"electropop, hyperpop, rage rap",2
"atlanta indie, indie pop",2
"atl hip hop, lgbtq+ hip hop, trap",2
"lithuanian edm, lithuanian electronic",2
"alternative dance, electropop, indietronica, neo-synthpop, shimmer pop, swedish electropop, swedish indie pop, swedish synthpop",2
"latin pop, pop argentino",2
"balearic, swedish indie pop",2
"permanent wave, soft rock, sophisti-pop",2
"anadolu rock, karadeniz turkuleri, turkish psych, turkish rock",2
bassline,2
"indie catala, musica catalana, reggae catala, rock catala",2
"metropopolis, modern rock",2
"detroit hip hop, r&b, rap, southern hip hop, trap, trap queen",2
halloween,2
"electro, hypertechno",2
"alternative rock, baroque pop, canadian indie, chamber pop, indie rock, indietronica, modern rock, permanent wave, quebec indie, rock",2
guaracha santiaguena,2
"dutch pop, folk-pop",2
"latin alternative, latin hip hop, latin rock, mexican hip hop, mexican rock, rock en espanol",2
"chinese indie, taiwan pop, taiwan singer-songwriter",2
"alternative hip hop, east coast hip hop, hip hop, nyc rap, queens hip hop",2
"cuarteto, cumbia 420, cumbia paraguaya, cumbia pop, cumbia villera",2
"trap venezolano, urbano latino, venezuelan hip hop",2
"funk mandelao, funk viral",2
fidget house,2
"dancehall, traphall",2
"bachata, dominican pop",2
"deep underground hip hop, indie pop rap, pop rap, viral trap",2
"aesthetic rap, cloud rap, florida rap, underground hip hop",2
"dance pop, east coast hip hop, hip hop, hip pop, pop rap, rap",2
"alternative rock, britpop, garage rock, leicester indie, modern rock, rock",2
"alt z, gen z singer-songwriter, singer-songwriter pop",2
"indie rock, modern alternative rock, modern rock",2
"british singer-songwriter, indie anthem-folk, indie folk, stomp and holler",2
"irish rock, irish singer-songwriter, neo mellow, singer-songwriter",2
"funk bh, funk consciente, funk mtg",2
pinoy trap,2
alabama rap,2
"canadian indie, canadian singer-songwriter, indie folk, stomp and holler",2
"alternative r&b, indie anthem-folk, uk contemporary r&b",2
"australian r&b, bedroom soul, chill r&b",2
"brazilian hip hop, brazilian reggae, pop rap brasileiro, r&b brasileiro",2
"r&b brasileiro, speed up brasileiro",2
"nerdcore brasileiro, rap geek",2
"black americana, modern country pop",2
"post-teen pop, teen pop",2
drill chileno,2
colombian hip hop,2
"pop, teen pop",2
"halloween, novelty",2
"latin alternative, latin rock, rock en espanol, ska argentino",2
"classic danish pop, danish pop, danish pop rock, dansktop",2
"indietronica, modern rock, shimmer pop",2
"german house, hypertechno",2
swiss pop,2
bubblegum dance,2
indonesian viral pop,2
"new jersey underground rap, trap queen",2
"alternative metal, modern rock, post-grunge, rap metal, rap rock",2
"reggaeton flow, trap dominicano, trap latino",2
"trap boricua, trap latino",2
"indie pop, lilith, piano rock",2
"chilean rock, cumbia chilena",2
"progressive rock, symphonic rock",2
"brazilian hip hop, r&b brasileiro, rap feminino nacional",2
"brazilian rock, mpb, pop rock brasileiro",2
"alternative metal, hard rock, industrial, industrial metal, industrial rock, nu metal, post-grunge, rock",2
"dakke dak, danish electronic",2
"alternative metal, hard rock, melodic thrash, metal, old school thrash, rock, speed metal, thrash metal",2
"deep groove house, house",2
"aussietronica, brostep, edm, electro house, electronic trap, escape room, vapor twitch",2
british singer-songwriter,2
"german pop, hypertechno",2
"dutch rock, lustrum, piratenmuziek",2
"brazilian rock, latin alternative, manguebeat, mpb, pop rock brasileiro, rock mineiro, rock nacional brasileiro",2
slayer,2
"celtic punk, celtic rock, punk",2
"chilean rock, cumbia chilena, folklore chileno, latin alternative, ska chileno",2
"dance pop, europop, new wave pop",2
"australian psych, modern rock, neo-psychedelic, rock",2
"indie siciliano, italian alternative, italian indie pop, italian pop",2
"house, tech house, uk dance",2
"dance pop, girl group, post-teen pop, talent show",2
"perreo, pop peruano",2
"dirty south rap, philly rap, southern hip hop, trap",2
"australian metalcore, melodic metalcore, metalcore",2
"carnaval, kermis",2
"classic country pop, folk, folk rock, mellow gold, singer-songwriter, soft rock",2
"alternative metal, funk metal, hard rock, nu metal, post-grunge, rap metal, rock",2
"bc underground hip hop, canadian hip hop, canadian old school hip hop, indie pop rap",2
"brooklyn drill, new york drill, nyc rap",2
"boy band, post-teen pop, teen pop",2
trap dominicano,2
"atl hip hop, crunk, dirty south rap, gangster rap, old school atlanta hip hop, rap, southern hip hop, trap",2
"australian dance, dance pop, electropop, metropopolis",2
"aussie drill, brisbane hip hop",2
"alternative r&b, art pop, escape room, indie soul, indietronica, metropopolis",2
"ambient worship, chamber pop",2
"funk carioca, pop nacional, pop teen brasileiro",2
"downtempo, electronica",2
antiviral pop,2
"canadian hip hop, canadian trap, underground hip hop",2
"chicha, chilean rock, cumbia chilena, latin alternative",2
beatlesque,2
"arrocha, piseiro",2
"contemporary country, country, country pop, modern country rock",2
"english indie rock, warrington indie",2
"grime, talent show",2
"melbourne bounce, melbourne bounce international, progressive electro house",2
"australian indie, australian indigenous music",2
"big room, dutch house, melbourne bounce, melbourne bounce international",2
"acoustic pop, indie anthem-folk, indie folk, york indie",2
"otacore, pixel",2
"canadian rock, neon pop punk, pixie",2
"atl hip hop, dance pop, dirty south rap, hip hop, old school atlanta hip hop, pop rap, rap, southern hip hop, trap",2
"glam metal, hard rock",2
"channel pop, lds youth, viral pop",2
"canto popular uruguayo, cumbia pop, cumbia uruguaya",2
"chilean rock, latin rock, musica andina, musica andina chilena",2
"slowed and reverb, sped up",2
musique urbaine kinshasa,2
brazilian rock,2
"freestyle, new jack swing, new wave pop",2
"alternative metal, alternative rock, australian alternative rock, australian psych, australian rock, grunge, nu metal, post-grunge",2
"classic colombian pop, cumbia, tropical",2
"acoustic pop, oth indie",2
"indietronica, metropopolis, neo-synthpop, nyc pop, shimmer pop",2
"east coast hip hop, golden age hip hop, hip hop, old school hip hop, queens hip hop, rap",2
"east coast hip hop, hardcore hip hop, hip hop, pop rap, rap",2
"afroswing, birmingham hip hop, grime, uk hip hop",2
"frauenrap, german pop",2
"neue deutsche welle, schlager, schlagerparty, german pop",2
"canadian hip hop, melodic rap",2
"musica andina, musica andina chilena, musica nortena chilena, nueva cancion",2
"canadian electropop, dark pop, edmonton indie, grave wave, indietronica, metropopolis, shimmer pop",2
"brostep, canadian electronic, complextro, edm, electro house, filthstep, pop dance",2
"czech pop rock, czech rock",2
"hyperpop italiano, italian pop",2
japanese vtuber,2
"contemporary vocal jazz, jazz pop, neo mellow",2
"house, melodic house, nu disco, uk dance",2
zxc,2
"groove room, romanian electronic",2
detroit hip hop,2
"grime, uk dancehall, uk hip hop",2
"alt z, indie pop, pov: indie",2
"memphis hip hop, rap, tennessee hip hop, trap",2
pluggnb,2
"chilean rock, musica andina chilena, nueva cancion",2
"azonto, dancehall, reggae fusion, soca",2
"german drill, german underground rap",2
"czech pop, czech pop rock, czech singer-songwriter",2
"australian pop, australian talent show, talent show",2
"dance pop, post-teen pop, talent show",2
"argentine rock, cumbia",2
"colombian pop, rap latina, reggaeton colombiano, trap latino, urbano latino",2
talentschau,2
"alabama indie, modern blues rock, rock",2
macedonian hip hop,2
"canadian folk, canadian indie",2
"chilean indie, chilean rock, electronica chilena, pop chileno, pop electronico",2
"rap dominicano, trap dominicano",2
"north carolina hip hop, pop r&b, trap",2
r&b argentino,2
"australian indie, fremantle indie, metropopolis, perth indie",2
"canadian singer-songwriter, folk, folk rock, singer-songwriter",2
"pinoy drill, pinoy hip hop, tagalog rap",2
"polish alternative, polish indie, polish pop",2
"electropop, metropopolis, uk pop",2
"deep tropical house, house, tropical house, uk dance",2
uk house,2
"chill pop, la pop",2
"big room, dutch house, edm, electro house, pop dance, progressive electro house",2
"lo-fi chill, sad lo-fi",2
"neo mellow, piano rock, pop rock, viral pop",2
australian r&b,2
hard rock,2
"australian country, australian pop, contemporary country, country, country road, modern country rock",2
"brostep, edm, electro house, electronic trap, livetronica",2
telugu folk,2
"chamber pop, indie folk, irish singer-songwriter, stomp and holler",2
"pop house, schlager",2
"dutch americana, dutch pop, dutch rock, dutch singer-songwriter",2
gospel amapiano,2
"afroswing, girl group",2
"canadian electronic, edm, electro house, electronic trap, fidget house, turntablism",2
"australian indie, australian indie rock",2
"canadian electronic, melodic house, progressive house",2
"belgian hip hop, belgian pop",2
"atl hip hop, memphis hip hop, trap",2
"edm, electro house, house, pop dance, pop edm, uk dance",2
"dance pop, hip pop, neo soul, r&b, urban contemporary",2
"electro house, electronic trap",2
"album rock, classic rock, mellow gold, new romantic, new wave, new wave pop, permanent wave, rock, soft rock",2
belgian singer-songwriter,2
"canadian pop, lebanese pop",2
"canadian pop, singer-songwriter pop, social media pop, teen pop",2
instrumental lullaby,2
etherpop,2
"celtic, gregorian dance, operatic pop",2
"funk 150 bpm, funk carioca",2
"europop, romanian pop",2
"perreo, reggaeton flow, urbano latino",2
"argentine indie, argentine rock",2
"classic czech pop, czech folk, czech pop, czech rock",2
"big room, dutch house, edm, electro house, pop dance, progressive electro house, slap house",2
"deep tropical house, dutch pop",2
slovak trap,2
ethereal wave,2
"classic belgian pop, vlaamse kinderliedje",2
"bass trap, future bass, pop edm",2
"brooklyn indie, electropop, indie poptimism, nyc pop, shimmer pop",2
"classic danish pop, danish hip hop",2
"australian indie, australian singer-songwriter",2
"canadian pop punk, canadian punk, canadian rock, modern rock, neon pop punk, pop punk, pop rock",2
"canadian americana, canadian indie, indie folk, new americana, stomp and holler",2
"metropopolis, modern alternative rock",2
"boogaloo, salsa, salsa colombiana",2
draga,2
"bases de freestyle, rap sureno chileno",2
"alternative hip hop, escape room, hip hop, political hip hop",2
"indie anthem-folk, neo-singer-songwriter",2
"british indie rock, indie rock, modern rock, new rave",2
"dutch edm, dutch house, electro house, future house, house, progressive electro house",2
"german house, german techno",2
"austrian indie, austrian pop, german indie",2
"belgian indie, belgian pop, belgian rock",2
indiecoustica,2
viral trap,2
chill breakcore,2
"alt z, australian alternative pop, australian electropop",2
"austrian pop, salzburg indie",2
folklore chileno,2
reparto,2
"indonesian lo-fi pop, indonesian pop",2
"big room, dutch edm, dutch house, edm, electro house, pop dance, progressive electro house",2
"melbourne bounce, pop edm, sky room",2
"big room, edm, electro house, pop dance, progressive electro house, progressive house, russian edm",2
"indie tico, pop costarricense",2
"pop costarricense, reggae tico",2
progressive metal,2
"french rock, uk alternative pop",2
"balkan hip hop, macedonian hip hop, macedonian pop",2
"hopebeat, indie poptimism, nyc pop",2
"future bass, pop dance, pop edm",2
"australian dance, australian house, bass house",2
"canadian indie, metropopolis, vancouver indie",2
"chicago rap, drill, trap queen",2
"canadian electropop, canadian pop",2
czech hip hop,2
detroit rock,2
"melbourne bounce, melbourne bounce international",2
"dfw rap, southern hip hop, trap",2
"adult standards, canadian pop, easy listening, rock-and-roll",2
"electronica, trip hop",2
"acoustic pop, christian indie, nashville americana, nashville singer-songwriter, new americana",2
german drill,2
groove room,2
"arrocha, arrochadeira, piseiro",2
"new french touch, nice indie",2
"alt z, brooklyn indie, dark pop, electropop, indie poptimism, metropopolis, nyc pop, vapor pop",2
"alternative metal, hard rock, metal, rock, speed metal",2
"house, progressive house",2
"argentine reggae, argentine rock, rock en espanol",2
"german pop, german viral rap",2
"oktoberfest, partyschlager",2
"electronica, hamburg electronic, organic electronic, pop ambient",2
wave,2
"austrian pop, austropop, german pop",2
"indie poptimism, modern alternative rock, modern rock, pov: indie",2
"austropop, classic schlager",2
"auteur-compositeur-interprete quebecois, chanson quebecois",2
cumbia boliviana,2
"funk 150 bpm, funk mtg",2
"deboxe, funk mtg, funk paulista",2
"brazilian rock, mpb, rock brasiliense, rock nacional brasileiro",2
r&b brasileiro,2
"deboxe, funk mtg",2
"brazilian rock, nova mpb, pop rock brasileiro",2
"axe, pop nacional, sertanejo universitario",2
"axe, pagode baiano",2
"alt z, indietronica",2
"chilean rock, nueva cancion",2
"argentine rock, latin alternative, latin pop, latin rock, rock en espanol, ska, ska argentino",2
"musica andina, musica andina chilena, nueva cancion, trova",2
"classic colombian pop, cumbia, musica popular colombiana, porro, tropical",2
"colombian hip hop, colombian rock",2
"atl hip hop, atlanta bass, crunk, dirty south rap, old school atlanta hip hop, southern hip hop",2
"adult standards, lounge, rockabilly",2
"dominican pop, electro bailando, electro latino",2
"cumbia pop, trap argentino, trap triste",2
"cumbia 420, previa, rkt",2
"trap argentino, trap latino, trap triste",2
latin viral rap,2
"classic rock, glam rock, permanent wave, rock, singer-songwriter",2
"complextro, dancefloor dnb, electro house",2
"latin arena pop, musica aragonesa, spanish pop, spanish pop rock, spanish rock",2
"canadian indie, canadian singer-songwriter, vancouver indie",2
"british soul, sophisti-pop",2
"classic rock, folk, folk rock, melancholia, mellow gold, rock, soft rock",2
"trap ecuatoriano, urbano latino",2
classic venezuelan pop,2
"boogaloo, salsa",2
"merengue, salsa, tropical, vallenato moderno",2
"brostep, edm, electro house, electronic trap",2
"alt z, dark pop, pop",2
"childrens music, preschool childrens music",2
"boogaloo, latin jazz, salsa",2
"metropopolis, shimmer pop",2
"latin alternative, latin rock, mexican rock, rock en espanol, ska mexicano",2
"banda, mariachi, musica mexicana, norteno, ranchera",2
"banda, musica mexicana, musica sonorense, norteno",2
"corrido, sad sierreno, sierreno",2
"mexican edm, urbano mexicano",2
corridos belicos,2
"cdmx indie, mexican indie",2
"latin alternative, mexican pop",2
"guadalajara indie, latin alternative, latin rock",2
"banda, corridos clasicos, musica mexicana, norteno",2
gruperas inmortales,2
"chilena, cumbia sonidera, tropical",2
"latin alternative, latin rock, musica aragonesa, rock en espanol, spanish rock",2
colombian indie,2
"electro latino, funk mexicano, latin alternative, mexican rock, rock en espanol",2
"cantautor, latin alternative, latin pop, rock en espanol, spanish pop, spanish pop rock",2
"jovem guarda, mpb",2
"cancion melodica, pop romantico",2
"boom bap espanol, drill espanol, spanish hip hop, urbano espanol",2
"rap espanol, tontipop",2
spanish rock,2
"rap conciencia, spanish hip hop, urbano espanol",2
"neoperreo, urbano espanol",2
"deep tropical house, indie poptimism, tropical house",2
"spanish indie pop, spanish modern rock, tontipop",2
"rap canario, spanish hip hop, urbano espanol",2
"cantautor, spanish indie pop, spanish modern rock",2
"brooklyn indie, indie surf",2
"neo mellow, uk pop, viral pop",2
"dutch americana, dutch pop, dutch rock",2
cantautor,2
"adult standards, easy listening, lounge, soul, swing, vocal jazz",2
"art pop, electropop, indietronica, neo-synthpop, swedish electropop, swedish indie pop, swedish pop",2
"brooklyn indie, sped up",2
"trap, underground hip hop, viral trap, virginia hip hop",2
"chicago bop, viral trap",2
classic texas country,2
corecore,2
drumless hip hop,2
"atl hip hop, dirty south rap, hip hop, southern hip hop",2
horror synth,2
"album rock, dance rock, new romantic, new wave, new wave pop, rock, soft rock, synthpop",2
"countrygaze, lo-fi emo, lo-fi indie, pov: indie, slowcore, small room",2
"alternative rock, anti-folk, permanent wave, rock, slacker rock",2
"indietronica, metropopolis, neo-synthpop",2
"czech pop, czsk viral pop",2
"hardcore hip hop, queens hip hop",2
"dembow, rap dominicano, salsa choke, trap dominicano",2
"pop reggaeton, pop venezolano",2
"arab pop, assyrian pop",2
syrian pop,2
"armenian hip hop, armenian pop",2
"arab pop, classic arab pop, syrian pop",2
"latin christian, rock cristiano",2
"merengue, merengue tipico, musica tradicional dominicana",2
"ecuadorian alternative rock, ecuadorian indie",2
"arab pop, jordanian pop",2
"alberta country, contemporary country, country pop",2
"asian american hip hop, bc underground hip hop",2
"alaska indie, ectofolk, lilith, permanent wave, pop rock, singer-songwriter",2
"arab pop, classic arab pop, dabke, lebanese pop",2
"dance pop, east coast hip hop, hip hop, hip pop, pop rap, r&b, rap, southern hip hop, trap queen, urban contemporary",2
"alternative r&b, viral rap",2
"estonian electronic, estonian indie",2
german house,2
"hypertechno, slap house",2
"battle rap, nyc rap",2
"meme rap, phonk",2
"krushclub, scenecore",2
liquid funk,2
"electropop, indie electropop, vapor soul",2
"dark rock, neue deutsche harte",2
funky breaks,2
pop violin,2
quran,2
"canadian hip hop, canadian trap, cloud rap, dark trap, ottawa rap",2
childrens story,2
"maltese hip hop, maltese pop",2
vintage italian soundtrack,2
kora,2
"finnish punk, suomi rock",2
"finnish heavy metal, finnish metal, rautalanka, suomi rock",2
"classic finnish rock, classic iskelma, suomi rock",2
"cello, finnish metal",2
suomirap,2
"dancehall, jamaican dancehall, traphall",2
"classic finnish rock, suomi rock",2
"finnish electro, finnish indie, finnish pop, suomi rock",2
nl folk,2
"eurodance, finnish edm",2
"canadian childrens music, childrens folk",2
"compositional ambient, post-minimalism",2
"classic finnish pop, classic finnish rock, classic iskelma, finnish pop, iskelma, suomi rock",2
"finnish indie, laulaja-lauluntekija, suomi rock",2
finnish trap,2
calypso,2
"deep pop edm, swedish tropical house",2
"anime score, japanese soundtrack",2
finlandssvenska musik,2
"classic oklahoma country, cowboy western, traditional country, yodeling",2
"rap antillais, zouk riddim",2
"chanson, french indie folk, french pop, nouvelle chanson francaise",2
"color noise, white noise",2
"french indie pop, french pop, french rock, nouvelle chanson francaise",2
"azontobeats, musique urbaine kinshasa, ndombolo, r&b francais, rumba congolaise",2
"chanson, chanson virale, french pop, french reggae, french rock",2
"etherpop, indie electropop",2
"afrobeats, afroswing, uk dancehall",2
"french hip hop, pop urbaine, rap francais, rap lyonnais",2
"cloud rap francais, french hip hop, rap calme",2
"early romantic era, german romanticism",2
"comptine, musique pour enfants",2
"chanson, vintage french electronic",2
"french hip hop, pop urbaine, r&b francais, rap marseille",2
trap antillais,2
"cloud rap francais, rap calme, rap francais",2
"drill francais, french hip hop, rap francais",2
"chanson humoristique, french rock, rap conscient",2
"belgian indie, belgian rock, french indie pop",2
"comedie musicale, french movie tunes",2
"dance pop, pop rap",2
"british singer-songwriter, cambridgeshire indie, indie folk",2
"hypertechno, nu gabber",2
"german pop, metropopolis",2
"german hip hop, german pop, turkish trap pop",2
"discofox, kolsche karneval, partyschlager, schlager",2
"antideutsche, german alternative rap",2
"cologne hip hop, german hip hop, turkish hip hop",2
"german alternative rap, hamburg hip hop",2
"covertronica, hypertechno",2
"classic schlager, schlager, volksmusik",2
"christmas instrumental, relaxative",2
"album rock, glam metal, hard rock",2
"canadian drill, canadian hip hop",2
zoomergaze,2
edmonton indie,2
"dutch pop, pop soul",2
"alternative metal, funk metal, pop rock, post-grunge",2
"canadian celtic, nl folk",2
"alberta hip hop, canadian hip hop",2
"pop catracho, raspe",2
"k-pop, korean pop, korean singer-songwriter",2
"bc underground hip hop, canadian hip hop",2
"k-pop, korean ost",2
"cantopop, chinese indie, hong kong indie",2
"dance pop, pop, post-teen pop, talent show",2
"hawaiian, slack-key guitar",2
"indie pop rap, underground hip hop",2
classic hungarian rock,2
"canadian contemporary r&b, folk-pop",2
"alternative metal, canadian pop punk, canadian punk, modern rock, pop punk, post-grunge, punk, rock",2
"classic icelandic pop, icelandic folk, icelandic pop",2
"classic icelandic pop, icelandic folk, icelandic indie, icelandic pop, icelandic rock",2
"classic icelandic pop, icelandic pop, sunnlensk tonlist",2
"icelandic folk, icelandic indie, icelandic pop, icelandic singer-songwriter, sunnlensk tonlist",2
"chill house, vapor soul",2
"adult standards, british invasion, soul, vocal jazz",2
chill phonk,2
macedonian pop,2
"deep folk metal, folk metal, icelandic metal, icelandic punk, viking metal",2
armenian pop,2
croatian pop,2
hawaiian,2
"canadian pop, canadian singer-songwriter, ectofolk, lilith, permanent wave, pop rock",2
"desi hip hop, haryanvi hip hop",2
"desi pop, pakistani electronic, pakistani pop",2
"classic kollywood, filmi",2
"desi hip hop, punjabi hip hop, punjabi pop",2
"hare krishna, modern bhajan",2
bangla pop,2
"desi emo rap, desi pop",2
"indian folk, indian indie",2
swedish electropop,2
"filmi, modern bollywood, pakistani pop",2
"desi pop, hindi indie, indian edm",2
"modern indie pop, singer-songwriter pop",2
"desi hip hop, hindi hip hop, modern bollywood",2
"classic pakistani pop, ghazal, pakistani pop, sufi",2
"arab trap, turkish trap",2
hindi indie,2
"singaporean pop, singaporean singer-songwriter",2
"indonesian folk, indonesian folk pop, indonesian indie, indonesian singer-songwriter",2
"indonesian pop rock, indonesian rock",2
"indonesian folk, semarang indie",2
"bedroom r&b, chill r&b",2
korean electronic,2
"indonesian folk, indonesian indie",2
"dangdut, dangdut koplo, javanese dangdut, lagu jawa",2
"dangdut, dangdut koplo, dangdut remix",2
"indonesian pop, javanese dangdut",2
"indonesian alternative rock, indonesian indie, indonesian indie rock",2
lagu timur,2
"classic indonesian rock, indonesian pop, indonesian pop rock",2
indonesian pop punk,2
dangdut remix,2
classic city pop,2
"k-pop boy group, k-pop reality show",2
indonesian reggae,2
"classic indonesian rock, dangdut, indonesian pop, indonesian pop rock, indonesian rock",2
"charva, deep groove house, house, uk dance",2
"bass house, house, tech house",2
irish electronic,2
"celtic, celtic rock, irish folk, irish pub song",2
irish indie,2
"chamber pop, indie folk, indie rock, indietronica, modern rock",2
auteur-compositeur-interprete quebecois,2
"emo trap italiana, italian hip hop, rap genovese, trap italiana",2
"italian indie pop, italian pop, rap napoletano, turin indie",2
"emo trap italiana, italian pop",2
"italian indie pop, italian pop, rome indie",2
"emo rap italiano, pop virale italiano",2
italian alternative,2
"rap siciliano, trap italiana",2
"gaming edm, speedrun",2
"baroque, classical, early music, italian baroque",2
"canzone napoletana, classic italian pop, italian adult pop",2
"italian alternative, italian indie pop, italian post-hardcore, rome indie",2
"italian adult pop, italian pop, italian pop rock",2
"italian adult pop, italian jazz",2
swiss rock,2
"j-pop, j-poprock, j-rock, okinawan pop",2
anime rock,2
atl trap,2
"anime rock, j-division, j-pixie, vocaloid",2
"j-idol, j-pop",2
"j-pop boy group, k-pop reality show",2
"dutch trance, edm, pop dance, progressive house, trance",2
"city pop, japanese r&b",2
"j-division, j-pop boy group",2
"classic j-pop, eurobeat, j-pop",2
"dariacore, gym phonk, hyperpop",2
classic latvian pop,2
latvian indie,2
"baltic folk, latvian folk, latvian pop",2
"dainuojamoji poezija, lithuanian indie",2
"atl trap, melodic rap",2
baltic post-punk,2
"lithuanian pop, lithuanian trap",2
"dainuojamoji poezija, lithuanian pop, sung poetry",2
"alt z, electropop, indie electropop, indie poptimism, la pop",2
"art pop, downtempo, electronica, indie soul, indietronica, shimmer pop",2
"contemporary country, country pop",2
fingerstyle,2
luxembourgian pop,2
"australian childrens music, childrens music",2
"african rock, cape town indie, folk-pop, south african pop, south african rock",2
"hip hop tuga, kuduro",2
"classic malaysian pop, keroncong, rock kapak",2
dikir barat,2
"malaysian hip hop, malaysian pop, rock kapak",2
nasyid,2
nashville singer-songwriter,2
"malay rap, malaysian hip hop, malaysian pop",2
"malay rap, malaysian hip hop, singaporean hip hop",2
"alt z, swedish pop",2
indietronica,2
australian alternative pop,2
"conscious hip hop, french hip hop",2
"kabyle, rai",2
"gen z singer-songwriter, pixel, pov: indie",2
"rap tunisien, tunisian pop",2
"belgian hip hop, rap belge, rap maroc",2
instrumental hip hop,2
"carnaval, levenslied, nederlandse hardstyle",2
"kermis, levenslied",2
"belgian hip hop, dutch drill, dutch hip hop, dutch rap pop",2
"dutch rap pop, surinamese hip hop",2
"kermis, nederlandse hardstyle",2
afro house angolano,2
"afropop, mande pop, world",2
"indie r&b, pop r&b",2
"country, country road",2
"canadian singer-songwriter, classic canadian rock, classic rock, folk rock, mellow gold, permanent wave, rock, roots rock, singer-songwriter",2
christchurch indie,2
southern soul,2
eritrean pop,2
"dutch pop, dutch singer-songwriter",2
carnaval limburg,2
australian americana,2
"nz reggae, reggae fusion, ska jazz",2
"dubsteppe, nz hip hop, pacific islands pop",2
"classic nz pop, kiwi rock",2
"nz hip hop, pacific islands pop, polynesian hip hop",2
"nz dnb, nz electronic",2
"nz pop, pacific islands pop",2
"classic nz pop, lilith, new wave pop, nz pop, nz singer-songwriter",2
thai folk,2
"classic soul, disco, funk, philly soul, quiet storm, soul, southern soul",2
"pop quebecois, singer-songwriter pop",2
"chanson quebecois, rock quebecois",2
comedy,2
"canadian electronic, electra",2
modern indie folk,2
"canadian hip hop, ottawa rap",2
"azontobeats, bongo flava, tanzanian pop",2
"afrobeats, dancehall, ghanaian pop, hiplife",2
"dark cabaret, norwegian alternative rock, norwegian rock, rogaland indie, rogaland musikk",2
oslo indie,2
deep pop edm,2
"classic swedish pop, swedish electropop, swedish pop",2
danseband,2
"hard motivation, motivation",2
"dansband, danseband",2
"early modern classical, swedish classical",2
"alt z, indie poptimism",2
indie anthem-folk,2
"nordic folk, sami, yoik",2
"ccm, christian alternative rock, christian indie, christian music, world worship",2
"pakistani hip hop, pakistani indie",2
"pakistani pop, pakistani rock, urdu hip hop",2
"pakistani pop, urdu hip hop",2
"classic pakistani pop, pakistani pop",2
"panamanian indie, panamanian rock",2
"grupera, gruperas inmortales",2
"cumbia amazonica, cumbia peruana",2
"classic peruvian pop, musica afroperuana, musica criolla, peruvian rock",2
"chicha, classic peruvian pop, cumbia amazonica, cumbia peruana, peruvian indie, reggae peruano",2
"pinoy alternative rap, pinoy hip hop, pinoy r&b, tagalog rap",2
"opm, pinoy pop punk, pinoy rock",2
pinoy singer-songwriter,2
"pinoy alternative rap, pinoy hip hop, tagalog rap",2
chill beats,2
"jewish pop, polish hip hop",2
"polish alternative rap, polish trap",2
"classic disco polo, disco polo",2
anime cv,2
"kompa, kompa gouyad",2
russian electronic,2
"compositional ambient, electronica, neoclassical darkwave",2
"glam rock, modern alternative rock",2
"indietronica, modern alternative rock, modern rock, shimmer pop",2
"folk-pop, seattle indie, stomp and holler",2
"chamber pop, indie folk, stomp and holler, swedish americana, swedish singer-songwriter",2
"indie folk, stomp and holler",2
"hip hop tuga, morna",2
"kizomba, kizomba antigas, musica angolana",2
"hip hop tuga, rap tuga underground",2
"drill tuga, hip hop tuga, rap criolo, trap tuga",2
"fado, portuguese indie, portuguese rock",2
"musica angolana, trap angolano",2
"drill tuga, hip hop tuga",2
"fado, portuguese rock",2
"fado, musica de intervencao, portuguese rock",2
"hip hop tuga, portuguese pop, portuguese rock",2
"american folk revival, folk, folk rock, singer-songwriter",2
"manele, muzica etno",2
"rap moldovenesc, romanian pop",2
muzica moldoveneasca,2
"romanian pop, romanian trap",2
russian grime,2
"russian emo rap, russian trap",2
"arab pop, classic arab pop, lebanese pop",2
anthem worship,2
"arab alternative, lebanese indie",2
trance brasileiro,2
"cloud rap, dark trap, florida rap",2
"trap, viral rap, viral trap",2
"gym phonk, meme",2
"sad lo-fi, slowed and reverb, sped up",2
"classic arab pop, microtonal",2
"chasidic pop, jewish pop",2
"bhangra, punjabi pop",2
"chanson quebecois, prog quebec",2
calming instrumental,2
czsk emo rap,2
"slovak indie, slovak pop",2
"baroque, classical, early music, english baroque, german baroque",2
"classic soul, funk, motown, p funk, soul",2
"afro soul, deep house, kwaito, south african house, south african pop",2
"barcadi, quantum sound",2
"afrikaans gqom, afrikaans hip hop",2
"south african alternative, south african pop",2
kinderliedjies,2
"afrikaans, afrikaans hip hop, cape town indie",2
"afro soul, gqom, kwaito, south african house, south african pop",2
kwaito,2
"african rock, afrikaans, south african pop, south african rock",2
"african rock, afropop",2
"afrikaans, afrikaans hip hop",2
"afro soul, afropop, kwaito, south african pop, south african pop dance",2
"african rock, south african pop",2
"korean pop, korean singer-songwriter",2
"k-indie, korean indie rock",2
"deep disco house, melodic house",2
"korean indie folk, korean r&b",2
korean electropop,2
"joseon pop, korean singer-songwriter",2
"swedish hip hop, swedish reggae, swedish trap pop",2
"danspunk, swedish alternative rock",2
"electro house, progressive electro house",2
"swedish hip hop, swedish pop rap",2
"melodipop, orebro indie",2
"swedish americana, swedish indie folk, swedish indie pop",2
"norrbotten indie, sami, swedish hip hop, swedish pop",2
norrlandsk hip hop,2
"classic swedish pop, scandinavian r&b, swedish soul",2
swedish jazz,2
"swedish electropop, swedish indie rock",2
"stoner metal, swedish alternative rock",2
"alberta country, canadian contemporary country, canadian country, contemporary country, country road, modern country rock",2
swedish singer-songwriter,2
"swedish drill, swedish gangsta rap, swedish hip hop, swedish trap pop",2
"swedish hip hop, swedish reggae",2
"swedish alternative rock, swedish pop",2
"contemporary jazz, ecm-style jazz, german jazz, jazz trio, modern jazz trio, norwegian jazz, swedish jazz",2
"swedish electropop, swedish indie pop, swedish pop",2
"disco house, vocal house",2
"classic swedish pop, svensk progg",2
"classic swedish pop, swedish jazz, swedish pop, swedish soul",2
"swiss indie, swiss pop",2
chinese soundtrack,2
chinese idol pop,2
classic k-pop,2
"chinese hip hop, sichuanese hip hop",2
"chinese electropop, chinese indie, taiwan indie, taiwan pop",2
taiwan idol pop,2
"glam metal, rock",2
"acoustic pop, british singer-songwriter, indie folk, stomp and holler",2
"folk-pop, pov: indie, san marcos tx indie, stomp and holler",2
classic turkish pop,2
"turkish alternative, turkish modern jazz, turkish pop, turkish rock",2
"new school turkce rap, turkish trap",2
"classic turkish pop, turkish jazz, turkish modern jazz",2
"turkce slow sarkilar, turkish rock",2
"turkce trap metal, turkish hip hop, turkish trap",2
"turkish alt pop, turkish hip hop, turkish trap",2
"anadolu rock, arabesk, turkish folk",2
"turkish pop, uzbek pop",2
turkish alternative,2
"dutch indie, turkish psych",2
"cologne hip hop, slow game",2
"turkish pop, turkish psych",2
turkish psych,2
"alternative rock, boston rock, permanent wave, rock",2
"qanun, turkish instrumental",2
"turkish folk, turkish jazz, turkish rock",2
ukrainian folk,2
"argentine rock, reggae uruguayo, rock uruguayo",2
"rap underground argentino, rap uruguayo",2
"musique pour enfant quebecois, musique pour enfants",2
men chika,2
"french tech house, french techno, tech house",2
"australian rock, new romantic",2
"australian dance, australian electropop, dance rock, indietronica, neo-synthpop",2
"partyschlager, schlager",2
"deep house, electra, house, melodic house, progressive house, swiss pop",2
"russian alt pop, russian pop, russian synthpop",2
"russian alt pop, russian electronic, zhenskiy rep",2
"classic russian rock, russian punk, russian rock",2
"krushfunk, sped up",2
"russian dance, russian hip hop, russian viral rap",2
"russian viral pop, russian viral rap",2
"gypsy punk, russian alt pop, russian folk rock",2
"classic russian pop, russian pop, russian rock",2
russian witch house,2
"russian alt pop, ukrainian indie",2
"classic russian rock, russian alternative rock, russian rock",2
"russian pop, russian viral pop",2
detskie pesni,2
"belgian pop, classic belgian pop",2
"indie quebecois, rock quebecois",2
"chinese audiophile, chinese jazz, mandopop, taiwan singer-songwriter",2
chanson humoristique,2
"canadian celtic, trad quebecois",2
"czech folk, czech pop, czech rock, czech singer-songwriter",2
"reggaeton flow, trap boricua, trap latino, urbano latino",2
"ecuadorian pop, urbano ecuatoriano",2
"egyptian viral pop, shaabi",2
"grupera, musica mexicana",2
"cloud rap, glitchcore",2
"estonian indie, estonian pop",2
"finnish post-punk, suomi rock",2
"finnish idol pop, finnish pop, iskelma, laulaja-lauluntekija, musiikkia lapsille",2
"canadian latin, canadian pop, dance pop, pop",2
"r&b francais, rap marseille",2
"c-pop, cantopop, classic cantopop, hong kong rock",2
"c-pop, classic cantopop",2
"hungarian pop, magyar retro dance",2
"arab alternative, palestinian pop",2
bhangra,2
"bhojpuri folk, bhojpuri pop, classic bollywood, filmi, maithili",2
"dangdut, indonesian pop",2
albanian alternative,2
"electra, italian techno",2
"j-pop, j-punk, j-rock, japanese punk rock, okinawan pop",2
"japanese pop rap, japanese teen pop",2
"hyperpop, japanese dance pop, japanese electropop",2
"anime rock, j-pixie, vocaloid",2
okinawan pop,2
j-acoustic,2
"j-rock, japanese underground rap",2
"j-idol, japanese electropop",2
"japanese folk, japanese singer-songwriter",2
"kazakh indie, kazakh pop, russian alt pop",2
"kavkaz, russian gangster rap, russian hip hop",2
"aggressive phonk, gym phonk, polish phonk",2
baltic choir,2
"chinese viral pop, mainland chinese pop, zhongguo feng",2
"belgian hip hop, rap belge",2
"christmas product, muziek voor kinderen",2
"afrobeats, azontobeats",2
kuduro,2
polish rock,2
"russian grime, russian trap",2
"khaleeji iraqi, khaliji, yemeni pop",2
oud,2
"ukrainian hip hop, ukrainian viral pop",2
"chinese viral pop, mainland chinese pop, mandopop",2
"haitian gospel, naija worship, sda a cappella, south african choral, south african gospel, world worship",2
clap and tap,2
"ccm, christian alternative rock, christian music, worship",2
"t-pop, thai bl ost",2
"classic swedish pop, vintage swedish pop",2
"chinese indie, taiwan indie, taiwan singer-songwriter",2
taiwan rock,2
"chinese jazz, mainland chinese pop",2
"chinese r&b, malaysian mandopop, mandopop",2
"chinese r&b, taiwan indie, taiwan pop",2
"chinese reggae, mandopop, taiwan pop, taiwanese indigenous music",2
"chinese indie, taiwan pop",2
"chinese r&b, taiwan pop",2
"chinese electropop, chinese idol pop, mainland chinese pop, mandopop",2
"chinese indie, taiwan rock",2
"chinese idol pop, mainland chinese pop",2
"thai indie pop, thai indie rock, thai pop",2
"thai folk pop, thai rock",2
"thai indie rock, thai pop, thai rock",2
thai vtuber,2
"thai pop, thai teen pop",2
"thai folk pop, thai pop",2
"v-pop, vietnamese hip hop, vietnamese singer-songwriter",2
"v-pop, vietnamese melodic rap",2
"classical, early avant garde, early modern classical, impressionism, post-romantic era",2
"v-pop, viet remix",2
"cantopop, chinese electropop",2
"maskandi, sepedi pop",2
"bedroom pop, la indie",2
australian indie rock,2
"basshall, moombahton, shatta",2
"krushfunk, polish phonk",2
modern dream pop,2
"pop argentino, urbano latino",2
drill dominicano,2
"nyc rap, trap latino",2
nigerian hip hop,2
"etherpop, metropopolis",2
"dutch rap pop, r&drill",2
"electro latino, latin hip hop, latin pop, urbano latino",2
"modern blues, modern blues rock",2
"adult standards, easy listening, lounge, swing",2
norteno,2
"hip pop, pop rap, r&b, southern hip hop, trap, urban contemporary",2
"canadian hip hop, toronto rap, viral trap",2
organic house,2
q-pop,2
noel quebecois,2
"cumbia peruana, salsa peruana",2
doo-wop,2
"amapiano, afropiano, afrobeats, afrobeat, afro adura",2
"alternative hip hop, hip hop, indiana hip hop, rap, underground hip hop",2
"german hip hop, cloud rap",2
"piseiro, forro, arrocha, seresta, brega",2
"agronejo, sertanejo",2
"sertanejo, agronejo, sertanejo universitario, arrocha",2
"sertanejo, arrocha, seresta, forro",2
"outlaw country, classic country, country, traditional country, honky tonk",2
"latin hip hop, rap",2
"mahraganat, egyptian hip hop",2
"german indie, german hip hop, german indie pop",2
"german pop, christmas",2
"cantopop, chinese hip hop",2
"punjabi pop, bhangra",2
"neomelodico, canzone napoletana, italian trap",2
"corridos tumbados, corrido, corridos belicos, sad sierreno, sierreno, banda, musica mexicana",2
"moroccan chaabi, rai, moroccan pop",2
"kuduro, kizomba, afro house",2
"afro adura, afrobeats, afro soul, afro r&b, afrobeat, afropop",2
"nigerian drill, afro adura",2
"alte, afrobeats, afrobeat, nigerian drill, afropop, afropiano, afro adura, afro r&b, afro soul, afroswing",2
"russelater, norwegian hip hop",2
"punjabi hip hop, desi hip hop, punjabi pop, hindi hip hop, bhangra",2
"qawwali, ghazal, sufi",2
"opm, harana, p-pop",2
"maskandi, afropop",2
"afropop, amapiano, afro soul, gqom",2
"flamenco, flamenco pop, flamenco urbano",2
"thai rock, thai pop, phleng phuea chiwit, luk thung, southern thai music",2
"thai rock, southern thai music, phleng phuea chiwit, thai pop, luk thung, t-pop",2
taiwanese pop,2
"thai rock, thai pop, t-pop, phleng phuea chiwit",2
"anatolian rock, arabesk",2
"luk thung, thai pop, thai rock, t-pop, southern thai music, phleng phuea chiwit",2
"rkt, turreo, cuarteto, cumbia",2
"v-pop, vinahouse, vietnamese lo-fi",2
"philly soul, disco, chicago house, post-disco, disco house",2
"finnish hip hop, finnish pop, finnish rock",2
"haryanvi pop, punjabi hip hop, desi hip hop",2
"alte, afrobeats, afrobeat, afropop, afropiano, afro adura, afro r&b, afro soul, afroswing",2
"russelater, epadunk, norwegian hip hop",2
"salsa, timba, latin jazz",2
"afrobeats, afroswing, uk drill, afrobeat",2
"opm, pinoy indie, harana, kundiman",2
"pagode, samba, sertanejo, piseiro",2
"seresta, arrocha, forro, brega, piseiro, sertanejo",2
"reggaeton chileno, chilean mambo, chilean trap, rkt, mambo, turreo",2
"cloud rap, space music",2
"afro soul, afrobeat",2
"uk drill, drill",2
"corrido, corridos belicos, corridos tumbados, electro corridos, banda, sad sierreno, sierreno, musica mexicana",2
"pinoy indie, opm, harana, kundiman",2
swedish ballads,2
"gqom, amapiano",2
"forro, sertanejo, piseiro, arrocha, sertanejo universitario",2
"russelater, norwegian rap, norwegian pop, epadunk",2
"russelater, norwegian rap, norwegian pop",2
"grupera, cumbia nortena, norteno, tejano",2
"taiwanese pop, mandopop, chinese hip hop, c-pop",2
"v-pop, vietnam indie, vietnamese hip hop, vietnamese lo-fi",2
"gospel, afro soul, afropop, african gospel",2
"chinese r&b, c-pop, mandopop, taiwanese pop, chinese hip hop",2
"salsa, salsa romantica",2
"asakaa, hiplife, afrobeats, afrobeat, afropop, afroswing",2
"phleng phuea chiwit, luk thung, southern thai music, thai rock, thai pop",2
"rai, moroccan chaabi, gnawa",2
"funk, brazilian funk, funk carioca, funk pop, funk melody",2
"afrobeats, afrobeat",2
neue deutsche welle,2
"italian trap, mambo",2
"piseiro, forro, sertanejo, arrocha, brega",2
"qawwali, sufi, ghazal, desi",2
"amapiano, gqom, afropop, afro soul",2
"piseiro, forro, sertanejo, arrocha, sertanejo universitario",2
"cantopop, mandopop, c-pop",2
"electro corridos, corrido, dembow, corridos tumbados, reggaeton mexa, corridos belicos",2
"sufi, desi",2
"v-pop, vietnamese lo-fi, vinahouse, vietnam indie",2
"v-pop, vietnamese lo-fi, vietnam indie, vinahouse",2
"afropop, afro soul, gqom",2
"amapiano, gqom, afrobeats, afro house",2
"variete francaise, french pop, chanson",2
"melbourne bounce, big room",2
"turkish pop, karadeniz folk, t-pop",2
"salsa, salsa romantica, merengue, bachata, latin, latin pop",2
"classical, requiem, opera, classical piano, chamber music",2
"country, red dirt, texas country, country rock",2
"brazilian bass, electronic, slap house, electro house",2
"thai rock, thai pop, phleng phuea chiwit, t-pop, southern thai music",2
"mandopop, taiwanese pop, chinese r&b, c-pop",2
"v-pop, vinahouse, vietnam indie, vietnamese lo-fi",2
"malay, indonesian pop",2
"arrocha, piseiro, seresta, forro",2
"reggaeton chileno, chilean trap, chilean mambo, mambo, rkt, reggaeton",2
traditional music,2
"thai hip hop, t-pop, thai pop, thai trap",2
"spanish-language reggae, bachata",2
"c-pop, mandopop, gufeng, chinese r&b",2
"turkish pop, anatolian rock",2
"turkish pop, t-pop, arabesk, oyun havasi",2
"indonesian indie, indorock, indie",2
"corrido, corridos tumbados, corridos belicos, electro corridos, musica mexicana",2
"indonesian pop, malay, indorock, indonesian indie",2
"funk, brazilian funk, funk carioca",2
"sholawat, khaleeji",2
"electro corridos, corrido, corridos belicos, corridos tumbados",2
"opm, pinoy rock, pinoy alternative, p-pop, harana",2
"forro, piseiro, seresta, arrocha",2
"mahraganat, khaleeji, egyptian pop, egyptian hip hop, egyptian shaabi",2
"khaleeji, egyptian pop, mahraganat, egyptian shaabi",2
"malay rap, malay, malay pop",2
"opm, harana, kundiman, pinoy indie",2
"punjabi hip hop, indian indie, punjabi pop, desi hip hop, desi, hindi indie, hindi hip hop",2
"oyun havasi, arabesk, turkish pop",2
"gufeng, mandopop, c-pop",2
"sertanejo, piseiro, sertanejo universitario",2
"trap latino, reggaeton, dembow, urbano latino",2
"nu metal, rap metal, rock, alternative metal",2
"electro corridos, corrido, corridos tumbados",2
"funk, brazilian funk, funk carioca, trap funk",2
"brazilian trap, trap, brazilian hip hop",2
"brazilian funk, funk",2
"trap latino, reggaeton, trap, urbano latino, dembow",2
"grime, uk drill",2
"lagu timur, maluku, dangdut, funkot",2
"lagu jawa, dangdut",2
"malay, malay pop, malay rap, malaysian pop",2
"afro adura, afrobeats, afrobeat, alte, afropop, afropiano, afro soul",2
"afro adura, afrobeat, afrobeats, afropiano, afropop, afro soul",2
"afrobeats, afrobeat, afropop, afropiano, afroswing, afro soul",2
"afro adura, alte, afrobeat, afro soul, afrobeats",2
"asakaa, hiplife, afrobeats, afrobeat, afropop, afropiano, afro adura",2
"russelater, norwegian pop, epadunk, norwegian hip hop",2
"desi, indian indie, hindi indie",2
"luk thung, southern thai music, thai pop, t-pop, phleng phuea chiwit, thai hip hop",2
"karadeniz folk, arabesk, turkish pop, oyun havasi",2
"flamenco, flamenco urbano",2
"moroccan rap, arabic rap, moroccan pop, egyptian hip hop",2
"texas country, country, red dirt",2
"edm, big room",2
"pop urbano, reggaeton",2
"v-pop, vinahouse, vietnam indie",2
"cumbia nortena, banda, norteno, musica mexicana, corrido, corridos tumbados, grupera, corridos belicos, tejano",2
"forro, sertanejo, piseiro, arrocha, sertanejo universitario, brega",2
"dembow, bachata, chilean trap, reggaeton chileno",2
"laiko, mizrahi",2
"bollywood, hindi hip hop, desi, hindi pop, punjabi pop, punjabi hip hop",2
"j-pop, j-r&b, anime",2
"banda, corrido, norteno, sierreno, grupera, musica mexicana, corridos belicos",2
oyun havasi,2
"afropop, afrobeats",2
"private school piano, amapiano, 3 step, gqom, afropiano, bacardi",2
"moroccan pop, rai, moroccan chaabi, moroccan rap",2
electro corridos,2
"malay, malaysian pop, malay pop, malay rap",2
"mandopop, c-pop",2
"thai rock, phleng phuea chiwit, southern thai music, thai pop, luk thung",2
"mandopop, taiwanese pop, c-pop, chinese rock, taiwanese indie, chinese indie",2
"chinese r&b, c-pop",2
"brazilian pop, nova mpb",2
pop urbano,2
"italo dance, german indie, schlager",2
"corrido, corridos belicos, corridos tumbados, banda",2
"kompa, zouk",2
"ranchera, popular colombian music, vallenato",2
"salsa, son cubano, timba",2
"salsa, latin jazz, timba",2
"rai, moroccan chaabi, moroccan pop",2
"malayalam pop, mollywood",2
pentecostal,2
"thai rock, phleng phuea chiwit, thai pop, luk thung, southern thai music",2
"mandopop, taiwanese indie, taiwanese pop, chinese indie, c-pop",2
"tropical music, merengue",2
"christian, christian hip hop, christian pop",2
"trap latino, trap, reggaeton",2
"edm, electronica, progressive house",2
"piseiro, forro, arrocha, funk de bh",2
"brazilian trap, trap funk, funk, brazilian funk, trap, funk consciente",2
"moroccan rap, arabic hip hop, moroccan pop, rai",2
"opm, pinoy indie, p-pop, harana, pinoy alternative, kundiman, pinoy rock",2
"uk drill, drill, uk grime, grime",2
"emo rap, horrorcore, cloud rap, trap metal, underground hip hop",2
"industrial metal, industrial, industrial rock, medieval metal, ebm",2
"zouk, shatta, kompa",2
"moroccan pop, moroccan rap, moroccan chaabi, rai",2
"corrido, corridos belicos, corridos tumbados, electro corridos, norteno, musica mexicana, banda, sad sierreno, dembow belico, sierreno",2
"afropiano, amapiano, afrobeat",2
"afro adura, afrobeat, afropiano",2
"afrobeats, afrobeat, afropop, afropiano, afro r&b, alte, afro soul, amapiano",2
"afrobeats, afrobeat, afropop, afro r&b, alte, afro soul, hiplife",2
"sufi, qawwali",2
"mandopop, c-pop, gufeng",2
"chinese r&b, chinese hip hop, c-pop",2
"vietnam indie, v-pop, vietnamese hip hop",2
"vinahouse, v-pop, vietnamese lo-fi",2
"hyperpop, electroclash",2
"afro adura, afrobeats, afrobeat, afro r&b, alte, afro soul, afropop",2
"hiplife, afrobeats, afrobeat, afropop, asakaa, highlife, afro adura, azonto",2
"khaleeji, moroccan pop",2
"3 step, amapiano, private school piano, gqom, afro house, afropiano",2
"dembow belico, cumbia",2
"corrido, corridos tumbados, corridos belicos, musica mexicana, sad sierreno, banda, electro corridos",2
"rock en espanol, latin rock, mexican rock, latin pop",2
"neoperreo, chilean trap",2
"trap latino, reggaeton, trap",2
"shatta, kompa, zouk, kizomba",2
"techengue, latin house",2
"afrobeats, afrobeat, afropop, azonto, hiplife, afropiano",2
"bhajan, hindi pop, devotional, bollywood",2
"disco polo, disco",2
"cumbia, electrocumbia",2
"gospel, brazilian gospel, worship, devotional",2
"rkt, guaracha, turreo, techengue",2
"french r&b, french pop, variete francaise, chanson",2
malay,2
"pop urbaine, french rap",2
"chanson quebecoise, native american music",2
"forro, piseiro, seresta",2
"moroccan pop, rai, moroccan chaabi",2
"bacardi, gqom, amapiano, afropop",2
"gujarati garba, hindi pop, gujarati pop, bollywood, desi pop, desi",2
"french rap, moroccan rap, moroccan pop",2
"mandopop, taiwanese pop, c-pop, chinese r&b, taiwanese indie, cantopop",2
"taiwanese indie, chinese indie, chinese rock, taiwanese pop",2
"opm, harana, p-pop, pinoy alternative, pinoy rock",2
"taiwanese indie, chinese indie, taiwanese pop, mandopop",2
"private school piano, amapiano, gqom",2
"mollywood, malayalam pop, tollywood, telugu pop",2
"tollywood, telugu pop, tamil dance, tamil pop, kollywood, kannada pop",2
"corridos tumbados, corrido, corridos belicos, musica mexicana",2
"jazz house, lo-fi house, disco house, funky house",2
"khaleeji, egyptian pop, egyptian shaabi, mahraganat",2
"cumbia, chicha, huayno",2
"chinese r&b, chinese hip hop, mandopop, taiwanese pop, c-pop",2
"amapiano, private school piano, gqom, afropiano, 3 step",2
"turkish pop, turkish hip hop, oyun havasi",2
"gospel, brazilian gospel, worship",2
"desi pop, hindi indie, indian indie, desi, sufi",2
"sufi, qawwali, bollywood, hindi pop, desi, ghazal",2
"amapiano, gqom, private school piano, bacardi",2
"country, classic country",2
"trova, villancicos",2
"cumbia sonidera, cumbia, guaracha, salsa, electrocumbia",2
"red dirt, texas country, country, country rock",2
"soft pop, neo soul",2
uk garage,2
"metal, thrash metal, rock, heavy metal, hard rock",2
"rap rock, nu metal",2
"afrobeats, alte, afrobeat, afro r&b, afropop",2
"portuguese hip hop, drill",2
"taiwanese indie, chinese indie, taiwanese pop, mandopop, chinese rock",2
"dembow belico, electro corridos",2
"guaracha, afro house",2
"hindi indie, indian indie, ghazal, sufi, desi",2
tekno,2
"guaracha, rkt, reggaeton chileno, exotica, chilean trap, turreo, chilean mambo",2
"amapiano, afropiano, afrobeats, afrobeat",2
"sertanejo, sertanejo universitario, arrocha, agronejo, sertanejo tradicional",2
folclor andino,2
"lagu jawa, koplo, dangdut",2
"piseiro, arrocha, forro, brazilian funk",2
"moroccan rap, moroccan pop, rai, arabic hip hop",2
"tollywood, telugu pop, tamil pop, tamil dance, kollywood, kannada pop",2
"cumbia, chicha, huayno, electrocumbia",2
"indian indie, bollywood, sufi, hindi indie",2
indonesian jazz,2
"dansktop, dansk pop",2
"arabesk, karadeniz folk",2
"brazilian hip hop, brazilian trap, trap funk, trap",2
"afrobeats, afro adura, afrobeat, afropiano, afropop",2
"afro adura, afrobeats, afrobeat, alte, afropop, afropiano, nigerian drill, afro soul, fuji",2
"taiwanese indie, chinese indie, chinese rock, taiwanese pop, mandopop",2
"anatolian rock, oyun havasi",2
"mandopop, c-pop, chinese r&b, gufeng",2
"forro, piseiro, sertanejo, arrocha, sertanejo universitario, brega",2
"sertanejo, sertanejo universitario, arrocha, forro",2
"arrocha, seresta, piseiro, forro, brega, sertanejo",2
"cumbia nortena, banda, norteno, musica mexicana, corrido, corridos tumbados, grupera, tejano, ranchera, corridos belicos",2
"french rap, drill",2
"3 step, amapiano, gqom, bacardi",2
"brazilian funk, brega funk, funk carioca",2
"polka, cumbia",2
"merengue, latin dance, salsa, latin",2
"colombian pop, reggaeton, spanish-language reggae",2
"rock en espanol, mexican rock, latin rock, latin alternative, ska",2
"big room, edm",2
"reggaeton, urbano latino, latin afrobeats, pop urbano",2
power pop,2
"latin afrobeats, champeta",2
"reggaeton mexa, electro corridos, dembow belico, reggaeton",2
"latin afrobeats, urbano latino, pop urbano",2
"melbourne bounce, electro house",2
"folk rock, folk, singer-songwriter, roots rock, country rock",2
"rock en espanol, folk metal, celtic rock, mexican rock",2
"worship, christian",2
"afro house, afro tech, house",2
grunge,2
jazz rap,2
lo-fi indie,2
"urbano latino, pop urbano",2
"dancehall, soca, riddim, ragga, reggae, shatta",2
"vallenato, champeta",2
"trap latino, latin r&b",2
"chanson quebecoise, pop quebecoise, french pop, chanson",2
"latin pop, colombian pop, rock en espanol",2
sea shanties,2
"singer-songwriter, schlager, neue deutsche welle, german pop",2
"cantopop, v-pop, c-pop, taiwanese pop",2
"punjabi hip hop, indian indie, punjabi pop, desi, desi hip hop, hindi indie, hindi hip hop",2
chilean mambo,2
"french pop, chanson, variete francaise",2
"champeta, latin afrobeats, afrobeat",2
"taiwanese indie, taiwanese pop, mandopop, chinese indie, c-pop, chinese r&b",2
"afrobeats, afrobeat, afropop, afropiano, azonto, afro adura, afro r&b, afroswing",2
"norwegian pop, norsk rock",2
"hard techno, acid techno, tekno",2
"bass house, big room, future house, edm",2
"bass house, tech house, g-house",2
"progressive house, edm, big room",2
"moombahton, edm",2
"brazilian trap, boom bap",2
"chinese r&b, c-pop, mandopop",2
"indonesian pop, indonesian rock, indorock, malay",2
"amapiano, gqom, 3 step",2
"bollywood, desi, hindi pop, desi hip hop, hindi hip hop, desi pop",2
"qawwali, sufi, ghazal, desi pop",2
"pinoy rock, opm",2
"french rap, shatta",2
"chilean mambo, reggaeton chileno, guaracha, chilean trap, mambo",2
"phonk, brazilian phonk, rally house",2
"malayalam hip hop, malayalam pop, mollywood, desi hip hop, tamil hip hop",2
"brazilian funk, brazilian phonk",2
"indonesian pop, malay pop, malay, dangdut",2
"salsa, latin jazz, merengue, son cubano",2
"mahraganat, egyptian pop, egyptian shaabi, egyptian hip hop, arabic hip hop",2
"edm, trance, big room",2
"reggaeton chileno, guaracha, chilean trap, neoperreo",2
"egyptian pop, gnawa, sholawat, moroccan pop, khaleeji",2
"gothic metal, gothic rock, finnish rock",2
"shatta, kompa, zouk",2
"chinese r&b, cantopop, canto r&b",2
"indonesian indie, indonesian indie rock, indonesian rock",2
"indonesian pop, indonesian rock, indorock",2
"lagu timur, hipdut, maluku, dangdut, koplo, funkot",2
"lagu timur, hipdut, maluku, dangdut, funkot, koplo, malay",2
"hindi pop, bollywood, desi, gujarati pop, hindi indie",2
"amapiano, 3 step, private school piano, gqom, bacardi, afropiano",2
"arabesk, karadeniz folk, oyun havasi",2
"chinese hip hop, chinese r&b, mandopop, taiwanese pop, taiwanese indie, c-pop, chinese indie, chinese rock",2
"chinese r&b, mandopop, taiwanese indie, taiwanese pop, c-pop, chinese indie",2
"sertanejo, sertanejo universitario, piseiro, arrocha",2
"french rap, moroccan rap",2
"rai, moroccan pop, gnawa",2
"v-pop, new wave, vietnamese hip hop",2
"maskandi, afropop, afro soul",2
"german hip hop, german pop, german indie, german indie pop",2
"electroclash, witch house",2
"afroswing, grime, uk grime, afrobeats",2
"taiwanese indie, chinese indie, chinese r&b, taiwanese pop, mandopop, c-pop",2
"rkt, turreo, candombe",2
"hipdut, dangdut, indonesian hip hop, koplo",2
"pop urbaine, french rap, moroccan pop, moroccan rap",2
"grupera, cumbia, cumbia nortena, tejano",2
"thai trap, thai hip hop, phleng phuea chiwit",2
"christmas, adult standards, vocal jazz",2
"rumba congolaise, merengue",2
"amapiano, afropiano, gqom, 3 step, private school piano",2
"german pop, neue deutsche welle, schlager",2
"3 step, amapiano, afro tech, private school piano, deep house, afro house, gqom",2
"moroccan rap, drill, moroccan pop",2
"french r&b, pop urbaine, afro r&b, zouk",2
"vocal jazz, jazz, swing music, big band, christmas",2
"choral, classical crossover",2
"choral, renaissance, early music, baroque, gregorian chant, medieval",2
catholic music,2
"neoclassical, contemporary classical",2
"shibuya-kei, japanese indie, jangle pop, city pop",2
"salsa, merengue, rumba congolaise, tropical music",2
"tropical music, cumbia, vallenato, rumba congolaise",2
"dansk pop, christmas",2
"worship, christian, pop worship, ccm, gospel",2
vocal jazz,2
"vocal jazz, jazz",2
"big beat, disco polo",2
neoclassical,2
"villancicos, flamenco, flamenco pop, rumba congolaise",2
jazz,2
"finnish rock, iskelma, finnish pop",2
"mandopop, c-pop, chinese r&b",2
"moroccan chaabi, rai, moroccan pop, gnawa",2
drone,2
"lo-fi hip hop, lo-fi, lo-fi beats",2
"drift phonk, phonk, brazilian phonk",2
afropiano,2
"alte, afropiano, afrobeats",2
"gospel, afrogospel, worship",2
classical,2
pinoy rock,2
"thai rock, thai pop, t-pop, southern thai music, phleng phuea chiwit",2
art rock,2
country hip hop,2
"private school piano, amapiano, 3 step, gqom, bacardi",2
"private school piano, deep house, 3 step",2
"country, country rock",2
"latin afrobeats, pop urbano, champeta",2
"haryanvi pop, desi hip hop",2
"punjabi pop, bhangra, desi, bollywood, hindi pop, desi pop",2
"corrido, corridos tumbados, corridos belicos, electro corridos, sierreno, dembow belico",2
"hard house, trance, techno, eurodance, hypertechno, bounce",2
"alte, afro adura",2
"afrobeats, afrobeat, alte, afroswing, afro r&b, afropop, afro soul",2
"opm, p-pop, harana, bisrock, kundiman, parang, pinoy r&b",2
"reggaeton, pop urbano, colombian pop, latin",2
"corrido, corridos tumbados, sierreno, corridos belicos",2
"corrido, corridos tumbados, corridos belicos, sierreno, musica mexicana, sad sierreno, electro corridos, banda",2
"pagode baiano, axe, pagode",2
christian r&b,2
"pagode baiano, axe, piseiro, pagode, arrocha, brazilian pop",2
finnish rock,2
"amapiano, gqom, bacardi, afropiano, private school piano, 3 step",2
"edm, trance, big room, house",2
"tamil hip hop, tamil pop, kollywood, tamil dance, tamil indie",2
"jazz rap, alternative hip hop",2
"lovers rock, riddim, reggae, dancehall, ragga, roots reggae",2
"kizomba, zouk, afro r&b",2
"portuguese hip hop, kizomba, fado",2
"metal, alternative metal",2
"jazz house, jazz",2
"afro r&b, gengetone, afro soul",2
"gengetone, bongo flava, afropop, rumba congolaise, afrobeats, afro soul, afrobeat, kizomba, afro r&b",2
"midwest emo, indie rock",2
"reggae, roots reggae, dancehall, lovers rock, ragga",2
"tech house, house, latin house",2
"art pop, art rock",2
"gospel, christian r&b",2
"motown, classic soul",2
"coupe decale, ndombolo, rap ivoire, rumba congolaise, azonto, bikutsi",2
"bongo flava, afropop",2
"bongo flava, kompa",2
"ndombolo, rumba congolaise, coupe decale",2
"hiplife, asakaa, ghanaian hip hop, highlife, afrobeats, afrobeat, azonto, afropop",2
"afrogospel, gospel",2
"amapiano, 3 step, afropiano, afrobeats, gqom, afropop",2
"afrobeats, hiplife, afropop, afrobeat, afro r&b, asakaa, afro soul",2
"bongo flava, bongo piano, singeli",2
"dancehall, riddim, reggae, ragga, lovers rock, roots reggae",2
"french rap, rap ivoire",2
"afrobeats, kizomba, afrobeat, afro r&b, afropop",2
"tamil indie, bangla pop",2
"afropiano, bongo piano, amapiano",2
"dancehall, soca, afrobeats, afroswing",2
"rap chretien, rap ivoire, coupe decale, afrogospel, gospel, christian",2
"rap ivoire, new wave",2
"reggae, roots reggae, ragga, lovers rock",2
"quiet storm, soul, classic soul",2
"nightcore, happy hardcore",2
"bongo flava, bongo piano, singeli, amapiano",2
"moroccan rap, arabic hip hop, rai, moroccan pop",2
"brazilian trap, trap funk, trap, brazilian hip hop, funk consciente",2
"shatta, soca",2
polka,2
"bollywood, hindi pop, sufi, desi",2
"zouk, ndombolo, rumba congolaise, coupe decale, bikutsi, kompa, azonto",2
"hiplife, azonto, afrobeats, ghanaian hip hop, afrobeat, highlife, afropop, afroswing",2
"asakaa, ghanaian hip hop, rap ivoire, hiplife",2
"moroccan pop, khaleeji, rai",2
"coupe decale, ndombolo, rap ivoire, azonto, afrobeat, afrobeats, rumba congolaise, bikutsi",2
"moombahton, shatta",2
"french rap, chanson, french pop, french r&b, pop urbaine, variete francaise",2
"maloya, reggae",2
"afro soul, 3 step, amapiano, private school piano",2
"afrogospel, christian r&b, gospel",2
"thai pop, t-pop, thai hip hop, thai rock",2
"french r&b, kizomba, zouk, kompa, rumba congolaise, afrobeats, pop urbaine, afrobeat, afro r&b",2
"thai pop, thai hip hop, thai indie pop, t-pop",2
"amapiano, afropiano, bongo piano",2
"minimal techno, melodic house, melodic techno",2
"salsa, son cubano, bolero, cha cha cha, merengue, mambo, latin dance, latin jazz",2
"salsa, bolero, son cubano",2
"latin jazz, salsa, afro-cuban jazz, son cubano, cha cha cha, mambo",2
"son cubano, latin jazz, afro-cuban jazz, latin, bolero",2
"electrocumbia, cumbia, merengue, tropical music",2
"vallenato, merengue",2
"chicha, electrocumbia, cumbia",2
"electrocumbia, chicha, cumbia",2
"tropical music, colombian pop, merengue",2
"salsa, cumbia sonidera, cumbia",2
"reggaeton chileno, flamenco urbano, chilean trap, chilean mambo, neoperreo",2
"reggaeton chileno, chilean mambo, guaracha, chilean trap, mambo",2
"reggaeton chileno, chilean trap, chilean mambo, mambo, reggaeton",2
"chilean trap, neoperreo, reggaeton chileno, chilean mambo",2
"reggaeton chileno, chilean trap, reggaeton mexa, chilean mambo",2
"guaracha, rkt, exotica, reggaeton chileno, turreo, techengue",2
"reggaeton chileno, neoperreo, chilean trap",2
"cumbia, cumbia sonidera, tropical music, son jarocho, merengue",2
"cuarteto, techengue",2
"cumbia, tropical music, grupera, cumbia sonidera, son jarocho",2
"cumbia, son jarocho, tropical music, cumbia sonidera, grupera",2
"cumbia, cumbia sonidera, grupera, son jarocho, electrocumbia, tropical music",2
"cumbia sonidera, cumbia, chicha",2
"latin rock, argentine rock, rock en espanol",2
"cumbia, candombe, tropical music, murga",2
"electrocumbia, cumbia, mexican indie, cumbia sonidera",2
"cumbia, cumbia sonidera, son jarocho, tropical music",2
"cumbia sonidera, cumbia, guaracha, electrocumbia",2
electrocumbia,2
"cumbia sonidera, cumbia, guaracha, salsa",2
"cumbia, cumbia nortena, chicha, cuarteto",2
"tropical music, cumbia, chicha, electrocumbia, merengue",2
"folclor andino, cumbia, chicha, latin folklore",2
"cumbia sonidera, cumbia, folclor andino",2
"bolero, mexican indie, latin indie",2
"cumbia, ranchera",2
"schlagerparty, schlager, german pop",2
"schlager, schlagerparty, neue deutsche welle",2
"drum and bass, dubstep",2
"eurodance, trance",2
alternative dance,2
"disco house, funky house, french house",2
"big room, electro house",2
"big beat, alternative dance, electronic, breakbeat",2
"happy hardcore, eurodance, gabber",2
"tech house, electro house",2
singer-songwriter,2
"eurodance, funk melody",2
"europop, italo disco, eurodance",2
"west coast hip hop, old school hip hop, rap rock, hip hop",2
freestyle,2
"jazz rap, east coast hip hop",2
ska,2
"funk, post-disco",2
"new wave, synthpop, post-punk, madchester",2
"post-disco, disco",2
"classic soul, soul, motown, funk",2
"italo disco, disco, hi-nrg, disco house, nu disco, post-disco, french house",2
"yacht rock, aor",2
"chanson quebecoise, rock quebecois",2
"yacht rock, soft rock, folk rock, singer-songwriter",2
"soft rock, yacht rock",2
"folk rock, singer-songwriter",2
"philly soul, disco",2
"funk, motown, classic soul, funk rock, soul",2
"country rock, mariachi",2
"corridos tumbados, corridos belicos",2
"corrido, corridos tumbados, corridos belicos, sierreno, musica mexicana, sad sierreno, banda, electro corridos",2
"corrido, banda, corridos tumbados, sierreno, corridos belicos, sad sierreno",2
"corridos tumbados, corrido, electro corridos, corridos belicos, sierreno, dembow belico",2
"sierreno, corrido, corridos belicos, corridos tumbados",2
"corridos tumbados, corrido, sad sierreno, sierreno, musica mexicana",2
"banda, norteno",2
"banda, norteno, corrido, ranchera",2
"banda, norteno, ranchera, grupera",2
"banda, cumbia nortena",2
"norteno, grupera, cumbia nortena, tejano",2
"corrido, cumbia nortena, norteno",2
"norteno, cumbia nortena, grupera, tejano, ranchera",2
"tech house, bass house",2
"bassline, bass house, uk garage, drum and bass",2
"tech house, latin house, house",2
"brazilian bass, electronic, electro",2
"tech house, house, disco house, funky house, progressive house",2
"disco house, funky house, chicago house",2
"tech house, disco house",2
"brazilian bass, electronic",2
"funk, post-disco, jazz funk",2
"edm, progressive house",2
"slap house, big room, future house",2
"future house, melodic house",2
"bass house, g-house, dubstep, bassline",2
"bass house, future house",2
"slap house, big room",2
"future house, electro house",2
"electro house, future house",2
"hyphy, west coast hip hop, g-funk",2
"southern hip hop, rap",2
"r&b, contemporary r&b",2
"miami bass, bass music, latin hip hop",2
"southern hip hop, horrorcore, crunk, gangster rap",2
"old school hip hop, gangster rap",2
"east coast hip hop, jazz rap, old school hip hop",2
"g-funk, west coast hip hop, hyphy, gangster rap, old school hip hop",2
"old school hip hop, gangster rap, west coast hip hop, hip hop, rap, g-funk",2
g-funk,2
"g-funk, old school hip hop, west coast hip hop",2
"experimental hip hop, east coast hip hop, jazz rap, alternative hip hop",2
"east coast hip hop, hardcore hip hop, old school hip hop, hip hop",2
"nu disco, indie dance, electroclash",2
"neo-psychedelic, baroque pop, art pop",2
"witch house, electroclash, new rave, alternative dance",2
"urbano latino, salsa, corridos tumbados",2
"neoperreo, rap catala, rap latina, trap catala, urbano espanol",1
"alternative r&b, bedroom soul",1
"chicago indie, pov: indie",1
"indie folk, modern rock, stomp and holler",1
"funk carioca, funk paulista, funk rj, sertanejo universitario",1
"classic rock, country rock, rock, southern rock, swamp rock",1
"alternative rock, blues rock, detroit rock, garage rock, modern blues rock, permanent wave, punk blues, rock",1
"reggaeton, latin, trap",1
"alt z, boston folk, indie pop, singer-songwriter pop",1
"alternative metal, funk metal, nu metal, pop rock, post-grunge",1
"boston indie, indie garage rock, pov: indie",1
"classic rock, folk, folk rock, heartland rock, mellow gold, rock, singer-songwriter, soft rock",1
"dutch house, hypertechno",1
"bedroom r&b, korean city pop",1
"chicago bop, chicago drill, chicago rap, drill, hip hop, rap, southern hip hop, trap",1
"candy pop, pixie, pop, pop emo, pop punk, rock",1
"new wave pop, pop rock",1
"rock-and-roll, soul",1
"glam rock, hard rock, rock",1
"pop nacional, pop teen brasileiro",1
"alternative rock, dance rock, indie rock, modern rock, rock, scottish rock",1
"afro r&b, alte, nigerian pop",1
"europop, new wave pop, soft rock",1
"neo soul, r&b",1
"atl hip hop, neo soul",1
"acoustic pop, singer-songwriter pop",1
"alternative metal, alternative rock, conscious hip hop, funk metal, hard rock, nu metal, political hip hop, post-grunge, rap metal, rap rock, rock",1
"album rock, classic rock, glam metal, hard rock, heartland rock, mellow gold, rock, soft rock",1
"new romantic, new wave, new wave pop, synthpop",1
"grunge, permanent wave, rock",1
"modern rock, neo mellow, pop rock, pov: indie",1
"alternative metal, alternative rock, classic rock, grunge, hard rock, nu metal, rock",1
"eurodance, hip house, italo dance",1
"bedroom r&b, sad lo-fi",1
"dance pop, dance rock, permanent wave, pop rock, rock",1
folk rock,1
"dark trap, oc rap, scream rap",1
dreampunk,1
tech trance,1
"bedroom pop, indie pop, pop, pov: indie",1
"album rock, alternative metal, glam metal, hard rock, metal, rock, sleaze rock",1
"funk, quiet storm, soul",1
"dance pop, neo soul, r&b, urban contemporary",1
"chill pop, neo-singer-songwriter",1
"german dance, german techno, german trance, trance",1
"edm, electronic trap",1
"bedroom pop, bubblegrunge, indie pop, pov: indie",1
"adult standards, brill building pop, folk rock, heartland rock, mellow gold, singer-songwriter, soft rock, yacht rock",1
"modern rock, neon pop punk, pop emo, pop punk",1
"album rock, classic rock, country rock, folk rock, heartland rock, mellow gold, rock, singer-songwriter, soft rock, yacht rock",1
"bedroom pop, bedroom soul",1
"bedroom r&b, sped up",1
texas latin rap,1
"neo mellow, pop rock, post-grunge, rock",1
"album rock, classic rock, dance rock, hard rock, new romantic, new wave, new wave pop, rock, soft rock",1
"album rock, classic rock, hard rock, heartland rock, mellow gold, progressive rock, rock, soft rock",1
"classic indonesian rock, indonesian pop, indonesian rock",1
"lilith, neo mellow, piano rock, pop rock, post-teen pop",1
"dance pop, pop rap, post-teen pop",1
"alternative metal, nu metal",1
"cartoon, childrens music, dong-yo",1
chicago house,1
"aesthetic rap, meme rap, phonk",1
"classic rock, folk, folk rock, heartland rock, mellow gold, singer-songwriter, soft rock",1
"drift phonk, hyperpop",1
"album rock, glam metal, hard rock, soft rock",1
"dance pop, europop, lilith, new wave pop, pop rock",1
"album rock, glam metal, hard rock, rock, swedish hard rock, swedish melodic rock",1
"album rock, new romantic, new wave, new wave pop, soft rock",1
"album rock, power pop",1
"new romantic, new wave, new wave pop, permanent wave, sophisti-pop, synthpop",1
"cumbia 420, cumbia villera",1
"garage rock, modern rock, pop rock",1
"alt z, gen z singer-songwriter, modern indie pop",1
"acid rock, album rock, alternative rock, classic rock, hard rock, proto-metal, psychedelic rock, rock",1
"alternative metal, pop punk, rap metal",1
"funk metal, glam metal, hard rock",1
"contemporary r&b, dance pop, hip pop, philly rap, r&b, urban contemporary",1
"new romantic, new wave, new wave pop",1
"alternative rock, art punk, dance rock, funk rock, new wave, permanent wave, post-punk, rock, zolo",1
"filmi, indian singer-songwriter, modern bollywood",1
pinoy city pop,1
"rock en espanol, latin rock, argentine rock, latin alternative",1
"dirty south rap, pop rap, rap, southern hip hop, trap",1
"agronejo, arrocha, sertanejo pop, sertanejo universitario",1
"baltimore indie, dream pop, dreamo, indie rock, indietronica, modern dream pop, pov: indie",1
"pov: indie, vancouver indie",1
indie rockism,1
"french indie pop, french synthpop",1
"comedy rock, comic",1
"alternative metal, alternative rock, classic rock, grunge, hard rock, nu metal, post-grunge, rock",1
"new romantic, new wave pop, soft rock, synthpop",1
"album rock, australian rock, classic rock, hard rock, heartland rock, mellow gold, new romantic, new wave, new wave pop, rock, soft rock",1
"dance pop, r&b, southern hip hop, urban contemporary",1
"italian hip hop, italian pop, italian underground hip hop, rap napoletano",1
"argentine rock, rock en espanol, latin rock",1
"alternative rock, early us punk, permanent wave, punk, rock",1
"post-romantic era, ukrainian classical",1
"glitchcore, hyperpop, scenecore, sped up",1
"gangster rap, hip hop, rap rock, west coast rap",1
"alternative rock, athens indie, permanent wave, rock",1
"hi-nrg, new romantic, new wave pop, synthpop",1
"album rock, blues rock, classic rock, glam metal, hard rock, irish rock, metal, rock",1
"candy pop, new wave pop, permanent wave, power pop, rock, synthpop",1
"house, pop dance, tech house, uk dance",1
"alternative metal, funk metal, nu metal, post-grunge, rap rock",1
"afrofuturismo brasileiro, brazilian hip hop, brazilian reggae, rap df, rap feminino nacional",1
"filmi, ghazal",1
"pop rap, viral rap",1
"disco, funk, motown, p funk, quiet storm, soul, synth funk",1
"deep groove house, scottish rock, uk dance",1
"dance pop, electropowerpop, pop punk, pop rap, post-teen pop",1
"afrobeats, afropop, azonto, azontobeats, nigerian hip hop, nigerian pop",1
"modern country pop, texas country",1
"escape room, hip pop, modern alternative rock",1
"art rock, classic rock, folk rock, mellow gold, soft rock",1
"pop, post-teen pop, viral pop",1
"eurodance, europop, german techno",1
"new romantic, new wave pop, synthpop",1
"glam metal, hard rock, rock",1
"alternative dance, electropop, neo-synthpop",1
"conscious hip hop, gangster rap, golden age hip hop, hip hop, old school hip hop, rap, west coast rap",1
"eau claire indie, folktronica",1
"indie anthem-folk, indie pop, pov: indie",1
sinhala indie,1
"detroit hip hop, east coast hip hop, gangster rap, hardcore hip hop, hip hop, rap",1
"alt z, singer-songwriter pop, social media pop",1
"japanese metalcore, japanese screamo",1
"comedy rap, comic, parody",1
"australian indie folk, australian reggae fusion",1
"album rock, australian rock, classic rock, glam metal, hard rock, heartland rock, mellow gold, new romantic, new wave pop, soft rock, yacht rock",1
"perreo, urbano latino, urbano mexicano",1
"australian indie, folk-pop",1
"deep underground hip hop, indie pop rap, pop rap",1
"edm, uk dance",1
"melanesian pop, pacific islands pop, png pop",1
"hyperpop, weirdcore",1
"canadian indie, folk-pop, stomp and holler",1
hyperpop italiano,1
"indie rock, modern alternative rock, modern rock, piano rock, stomp and holler",1
"german alternative rock, german pop rock",1
"disco, soft rock",1
"big room, dutch house, edm, electro house, melbourne bounce, pop dance, progressive electro house, progressive house",1
"girl group, golden age hip hop, hip hop, hip pop, old school hip hop, queens hip hop",1
"diva house, eurodance, europop, hip house",1
"indietronica, modern alternative rock, modern rock, pov: indie, stomp and holler",1
"alternative r&b, escape room, indie soul, lgbtq+ hip hop",1
"eurodance, europop, swedish country",1
"dream trance, eurodance, trance",1
"adult standards, australian dance, disco, mellow gold, soft rock",1
"drill italiana, rap siciliano",1
"cali rap, dfw rap, rap, trap",1
"movie tunes, post-teen pop, vapor pop",1
soul jazz,1
"bubblegum pop, classic rock, country rock, folk, folk rock, mellow gold, psychedelic rock, rock-and-roll, soft rock",1
"dirty south rap, southern hip hop",1
"afropop, french pop, zouglou",1
funana,1
"glitchcore, sped up",1
"boston punk, boston rock, celtic punk, celtic rock, punk",1
"contemporary r&b, quiet storm, r&b, urban contemporary",1
japanese soul,1
"australian dance, big room, dutch house, melbourne bounce, melbourne bounce international",1
"bass house, electro house, tech house",1
"ebm, german ebm, old school ebm",1
"hypnagogic pop, pittsburgh indie, pov: indie",1
"brazilian rock, mpb, pop nacional",1
"contemporary r&b, girl group, new jack swing, r&b, urban contemporary",1
"canadian country, canadian singer-songwriter, classic rock, country rock, folk, folk rock, heartland rock, mellow gold, singer-songwriter, soft rock",1
"adult standards, disco, motown, quiet storm, soft rock, soul",1
"neo mellow, permanent wave",1
"chicago rap, melodic rap",1
"black americana, country rap",1
"electro latino, spanish hip hop, spanish pop",1
"alternative dance, australian dance, indietronica, nu disco",1
"melodic rap, plugg",1
"mod revival, new romantic, new wave, punk",1
"dancehall, dancehall queen, jamaican dancehall",1
"jam band, pittsburgh rock",1
"alternative metal, pop rock, post-grunge",1
"album rock, classic rock, glam metal, hard rock, heartland rock, mellow gold, new romantic, new wave pop, rock, singer-songwriter, soft rock",1
uk reggae,1
"lustrum, piratenmuziek",1
"lilith, new wave pop, permanent wave, pop rock, swedish pop",1
"alternative metal, metal, post-grunge",1
trop rock,1
"argentine punk, argentine rock, rock en espanol, ska argentino",1
"indie anthem-folk, modern indie pop",1
"deep tropical house, new french touch",1
"classic schlager, german pop, german rock",1
"brazilian rock, hard rock brasileiro, pop rock brasileiro, rock baiano",1
"new wave, new wave pop, permanent wave, power pop, singer-songwriter",1
classic indonesian rock,1
"deep german indie, thai pop",1
"british folk, folk, melancholia, singer-songwriter",1
"indie hip hop, queens hip hop, rap, sudanese hip hop, sudanese pop, underground hip hop",1
"album rock, blues rock, classic rock, folk rock, heartland rock, mellow gold, rock, singer-songwriter, soft rock",1
"argentine heavy metal, argentine rock, latin metal",1
"dance rock, hi-nrg, new romantic, new wave, new wave pop, synthpop",1
"deboxe, mega funk",1
"album rock, classic rock, country rock, folk rock, hard rock, heartland rock, mellow gold, rock, singer-songwriter, soft rock",1
"amapiano, barcadi, sgija",1
"contemporary country, country road, heartland rock, modern country rock",1
"funk bh, funk mtg, funk viral, rap mineiro",1
"klubowe, polish viral pop",1
"argentine alternative rock, argentine indie, electronica argentina, pop argentino",1
"cuarteto, cumbia santafesina, cumbia villera",1
"alternative dance, art pop, baltimore indie, chamber pop, indie rock, indietronica, neo-synthpop, shimmer pop",1
fussball,1
"austin americana, austindie, indie folk, new americana, seattle indie, stomp and holler",1
"atl hip hop, atl trap",1
"thai folk, thai indie pop, thai pop",1
"acoustic pop, neo mellow, pop rock",1
"alternative r&b, la pop",1
"flamenco fusion, pop flamenco, spanish pop, spanish pop rock",1
"deep euro house, downtempo, new french touch",1
"new romantic, new wave pop, soft rock",1
"austropop, schlager",1
"neoperreo, rap latina",1
"rage rap, rhode island rap",1
"j-pop, j-rock, japanese punk rock, japanese ska",1
"chinese viral pop, taiwan singer-songwriter",1
"eurodance, europop, german techno, melbourne bounce international",1
"dirty south rap, miami hip hop, pop rap, rap, southern hip hop, trap",1
"detroit hip hop, pop r&b",1
"ccm, christian alternative rock, christian indie, christian music, folk-pop",1
"acoustic pop, indiecoustica, lds youth, neo mellow, piano rock",1
"edm, electropop, indie poptimism",1
"pop punk, social media pop, teen pop",1
music hall,1
"modern alternative rock, modern rock, neon pop punk, pop emo, pop punk",1
"nueva cancion, pop romantico, trova",1
"alternative dance, alternative rock, brooklyn indie, chamber pop, indie rock, indietronica, modern rock, neo-synthpop",1
"british singer-songwriter, indie anthem-folk, indie folk",1
"french indie pop, new french touch",1
"brazilian hip hop, pop rap brasileiro",1
gangster rap,1
"east coast hip hop, hardcore hip hop",1
"neue deutsche welle, synthpop",1
"pop rap, trap, underground hip hop, viral trap, virginia hip hop",1
"afrofuturism, pop, post-teen pop, pov: indie",1
"modern alternative rock, modern rock, pop",1
"britpop revival, english indie rock, indie surf, liverpool indie, modern alternative rock, modern rock",1
"argentine punk, argentine rock",1
"argentine rock, rock uruguayo",1
"dance pop, pop dance",1
"australian indigenous music, australian r&b",1
"german alternative rap, german boom bap, german hip hop, hamburg hip hop",1
"folk brasileiro, nova mpb",1
"alternative hip hop, boom bap, buffalo hip hop, hip hop, upstate ny rap",1
"bronx drill, melodic drill, new york drill",1
kaneka,1
"idol, neo mellow",1
"dembow, rap dominicano, trap latino",1
"french hip hop, pop urbaine, rap calme, rap francais",1
"aesthetic rap, dark trap, drift phonk, game mood",1
"dance rock, modern rock, pop",1
"beatlesque, classic rock, rock",1
"adult standards, doo-wop, rock-and-roll, rockabilly, soul",1
"pov: indie, warrington indie",1
"brazilian hip hop, trap carioca",1
"australian rock, new romantic, sophisti-pop, synthpop",1
"brazilian hip hop, trap brasileiro, trap carioca",1
"alternative r&b, lgbtq+ hip hop",1
"dancehall, modern reggae",1
kansas city hip hop,1
"alt z, pixie",1
"brostep, edm, electro house, electronic trap, future bass, pop dance",1
"emo, modern rock, pop punk, pov: indie, rock",1
funk 150 bpm,1
visual kei,1
"garage rock, modern rock, scottish rock",1
"indie pop, irish pop",1
"indie anthem-folk, indie folk, stomp and flutter",1
rap lyonnais,1
"pop r&b, viral rap",1
"funk carioca, pop nacional, pop rap brasileiro",1
"alternative r&b, escape room, lgbtq+ hip hop, trap queen",1
"conscious hip hop, nerdcore",1
"argentine alternative rock, argentine indie, latin rock",1
"dance rock, new romantic, new wave, new wave pop, permanent wave, synthpop",1
"musica catalana, trap catala",1
"alternative r&b, escape room, persian electronic",1
"houston rap, viral trap",1
"classic texas country, contemporary country, country road, modern country rock",1
"devon indie, indie anthem-folk",1
"adult standards, lounge, swing, vocal jazz",1
"trap venezolano, urbano latino",1
"australian rock, kiwi rock",1
musica infantil,1
"contemporary country, country pop, country road, modern country rock",1
"golden age hip hop, old school hip hop, philly rap",1
"chilean rock, concepcion indie, latin alternative, latin rock",1
"dance pop, edm, pop dance, uk dance, uk pop",1
"classic country pop, country dawn, country rock, soft rock",1
portuguese indie,1
"cali rap, viral rap",1
"queens hip hop, rap, sudanese hip hop, sudanese pop, underground hip hop",1
"arkansas hip hop, atl hip hop, melodic rap, southern hip hop, trap",1
"deep groove house, edm, electro house, future house, house, pop dance, progressive house",1
"british alternative rock, british indie rock",1
"indie soul, jazz pop",1
"eurodance, hip house, new beat, synthpop",1
"bhangra, filmi, modern bollywood",1
"filter house, indie soul",1
"forro, vaqueiro",1
"barcadi, underground amapiano",1
"edm, electro house, electronic trap",1
"adult standards, american folk revival, lounge",1
"desi pop, indian indie, indian singer-songwriter, modern bollywood",1
"detroit hip hop, r&b, trap, trap queen",1
shanty,1
"australian country, contemporary country, country road, modern country rock",1
cologne hip hop,1
slovenian indie,1
"latin viral rap, rap anime",1
"classic country pop, country, country road",1
glitch hop,1
"canadian pop, candy pop, pop",1
upstate ny rap,1
"indie poptimism, modern alternative rock, modern rock, stomp and holler",1
"chill drill, uk melodic rap",1
"britpop, modern rock, welsh rock",1
"cloud rap francais, french hip hop, rap francais",1
"chicago drill, chicago rap, drill, rap, trap",1
persian hip hop,1
"new romantic, new wave pop, sophisti-pop, synthpop",1
"latin hip hop, perreo, reggaeton flow",1
"classic venezuelan pop, salsa, salsa venezolana",1
lithuanian electronic,1
"deep groove house, house, pop edm",1
"early romantic era, french opera, french romanticism",1
"bouncy house, bubble trance, hands up",1
"funk carioca, funk paulista",1
"trap carioca, trap pesado",1
"afrobeat brasileiro, brazilian hip hop, brazilian reggae, latin afrobeat, manguebeat, mpb",1
"dancehall, jamaican hip hop, traphall",1
"contemporary r&b, neo soul, new jack swing, quiet storm, r&b, urban contemporary",1
"downtempo, electropop, shiver pop",1
"doo-wop, rhythm and blues",1
"alt z, indie poptimism, pop",1
"classic swedish pop, fotbollslatar",1
"charva, scouse rap",1
"argentine hip hop, bases de freestyle, rap underground espanol",1
"australian singer-songwriter, folk-pop, indie anthem-folk",1
"swedish alternative rock, swedish indie pop",1
balkan beats,1
"bow pop, pop violin",1
belgian indie,1
melodic power metal,1
"north carolina hip hop, trap",1
"cumbia chilena, cumbia santafesina",1
"alternative rock, blues rock, garage rock, garage rock revival, indie rock, modern blues rock, modern rock, punk blues, rock",1
"edm, electra, electro house, pop dance, progressive electro house",1
nu metal,1
"indie poptimism, modern alternative rock",1
"colombian hip hop, rap underground colombiano",1
"german tech house, german techno, minimal techno",1
"conscious hip hop, cuban alternative, hip hop cubano, latin alternative, latin hip hop",1
"australian house, deep tropical house",1
"folk-pop, nz pop",1
"dutch house, edm, electro house, german techno, pop dance, progressive electro house, progressive house",1
"nova mpb, r&b brasileiro",1
"bubblegum pop, classic garage rock, classic rock, country rock, folk rock, mellow gold, merseybeat, psychedelic rock, rock-and-roll",1
"chicha, classic colombian pop, cumbia, porro",1
"k-pop ballad, korean ost, korean pop",1
"rap, trap, underground hip hop",1
"cali rap, sacramento hip hop",1
"album rock, classic rock, hard rock, heartland rock, mellow gold, rock, soft rock",1
"gauze pop, vapor pop",1
"dutch pop, surinamese pop",1
"deep disco house, minimal tech house",1
"flamenco fusion, latin alternative, rumba, rumba catalana",1
"aussie drill, australian hip hop, brisbane hip hop",1
austindie,1
"german house, german techno, progressive house",1
"austrian pop, austropop",1
"electronica, indietronica",1
"funk mandelao, funk mtg, phonk brasileiro, rave funk",1
"jazz blues, soul, soul blues, torch song, vocal jazz",1
middle earth,1
"contemporary r&b, new jack swing, quiet storm, r&b, urban contemporary",1
"alternative hip hop, chicago rap, conscious hip hop, hardcore hip hop, hip hop, political hip hop",1
"drum and bass, uk dance, uk dnb",1
"aussietronica, australian house",1
"afrobeat, funk, instrumental soul, jazz funk, new orleans funk, p funk, soul",1
"arrocha, brega romantico, forro, forro de favela",1
"brazilian rock, mpb, pop rock brasileiro, rock mineiro, rock nacional brasileiro",1
"funk pop, pop lgbtq+ brasileira",1
"brazilian hip hop, manguebeat",1
"post-teen pop, talent show, viral pop",1
"boom bap espanol, rap chileno, rap conciencia, rap politico, venezuelan hip hop",1
rap guineen,1
"ambient idm, compositional ambient, electronica, intelligent dance music",1
"desi hip hop, desi pop, hindi hip hop",1
"dance pop, europop, lilith, neo mellow, pop rock",1
rap kreyol,1
"deep house, tropical house",1
instrumental grime,1
"aussietronica, nu disco",1
"gainesville indie, indie psych-pop",1
"australian metal, prog metal",1
"arrochadeira, forro, tecnobrega",1
"classic oklahoma country, cowboy western, traditional country, western swing, yodeling",1
"adult standards, easy listening, rock-and-roll, rockabilly",1
"edm, electro house, pop dance, pop edm, progressive electro house, progressive house",1
ocean,1
"classic girl group, doo-wop, rock-and-roll",1
"charva, manchester hip hop, uk hip hop",1
"australian indie, australian r&b",1
"chillwave, electronica, future garage, indie soul, indietronica",1
"german indie, german indie rock, german pop, german rock, munich indie",1
"belgian hip hop, french hip hop, rap calme",1
cancion infantil mexicana,1
"chilean rock, pop chileno",1
"anthem, football",1
"bulgarian pop, turbo folk",1
"contemporary country, country, country dawn",1
"pop r&b, r&b, teen pop",1
"canadian celtic, canadian rock, celtic rock",1
"chilean rock, latin alternative, latin pop, latin rock, rock en espanol",1
"argentine rock, rock nacional",1
"downtempo, electronica, microhouse",1
"kasi rap, south african hip hop, south african pop, south african trap",1
"fake, thai pop, thai rock",1
"city pop, japanese soul",1
"anthem worship, ccm",1
"hip pop, r&b, trap queen, urban contemporary",1
"manchester hip hop, uk hip hop, uk melodic rap",1
"post-teen pop, talent show, teen pop, viral pop",1
"nu-cumbia, rap latina",1
"australian garage punk, australian indie, australian pop",1
"brooklyn indie, indietronica",1
"chill house, pop edm",1
"russian indie rock, russian synthpop",1
"garage rock, garage rock revival, modern blues rock, palm desert scene",1
"arrochadeira, piseiro",1
irish country,1
"contemporary r&b, hip pop, r&b, southern hip hop, trap, urban contemporary",1
"album rock, art rock, blues rock, classic rock, folk rock, hard rock, mellow gold, progressive rock, singer-songwriter, soft rock, symphonic rock, synth prog",1
"rap conciencia, venezuelan hip hop",1
"a cappella, college a cappella, hollywood",1
rain,1
"big room, dutch house, edm, electro house, future house, pop dance, progressive electro house",1
"russian drain, russian emo rap",1
"dutch pop, dutch r&b",1
"chilean rock, latin funk, peruvian indie",1
"alternative metal, canadian rock, post-grunge",1
"britpop, garage rock, garage rock revival, modern rock",1
"alternative r&b, british soul, indie soul, neo soul, pop soul, soul",1
indy indie,1
"folk, folk rock, mellow gold, soft rock",1
"brostep, complextro, edm, electro house, filthstep",1
"belgian hip hop, belgian rock, west-vlaamse hip hop",1
"hopebeat, indie poptimism, la indie, la pop, metropopolis, modern alternative rock, modern rock",1
"axe, forro, sertanejo, sertanejo pop, sertanejo universitario",1
atl hip hop,1
"chilean rock, cumbia chilena, latin funk, latin rock, ska chileno",1
"funky house, funky tech house",1
"auckland indie, indietronica, kiwi rock, metropopolis",1
"latin christian, latin worship, rap cristiano",1
"dutch edm, dutch house",1
"deep groove house, house, uk house",1
"tatar pop, ukrainian indie, ukrainian pop",1
"danish electronic, danish pop",1
"girl group, talent show",1
"adult standards, contemporary vocal jazz, lounge, vocal jazz",1
"australian reggae fusion, australian ska, ska jazz",1
"australian indie, australian surf rock",1
"art pop, australian indie, chamber pop, indie pop, indie rock, melbourne indie, noise pop, seattle indie, singer-songwriter",1
"east coast hip hop, harlem hip hop, old school hip hop",1
ambient folk,1
"russian alt pop, russian synthpop",1
"dark cabaret, piano rock, steampunk",1
"bossa nova cover, coverchill, reggae cover",1
"contemporary r&b, minneapolis sound, new jack swing, r&b, urban contemporary",1
"folk punk, gainesville indie, orgcore, punk, skate punk",1
"dancehall, lovers rock",1
coverchill,1
"dutch pop, indie soul",1
solipsynthm,1
"dirty south rap, new orleans rap, rap, southern hip hop",1
"big room, dutch house, edm, electro house, german techno, pop dance, progressive electro house, progressive house",1
"kentucky hip hop, la pop",1
"australian garage punk, australian indie, brisbane punk",1
"indie poptimism, strut",1
"indie r&b, urbano espanol",1
"jazz blues, piano blues",1
"electra, electronica, future garage, indie soul, indietronica, wonky",1
"ccm, christian alternative rock, christian hip hop, christian music",1
"celtic punk, celtic rock, chicago punk, folk punk",1
"chilean rock, latin alternative, latintronica, rap chileno, rap feminino chileno, rap latina, rap politico",1
porro,1
"norwegian pop, trondheim indie",1
"czech folk rock, czech pop, czech pop rock, czech rock",1
"danish electropop, danish hip hop, danish pop",1
"indie anthem-folk, modern indie folk",1
"dembow dominicano, rap dominicano",1
puerto rican indie,1
"glee club, post-teen pop",1
"alternative rock, dance rock, madchester, new romantic, new wave, permanent wave, post-punk, synthpop, uk post-punk",1
brill building pop,1
"complextro, edm, electro house, melodic dubstep",1
"afroswing, birmingham hip hop, trap queen",1
"alternative rock, chamber pop, melancholia",1
"hopebeat, indie poptimism, shimmer pop",1
"deep disco house, house",1
"indietronica, metropopolis, nu disco, shimmer pop",1
viral pop brasileiro,1
"canadian folk, folk-pop",1
"colombian rock, latin metal, metal colombiano",1
"dancehall, dancehall queen, reggae fusion",1
spanish metal,1
"anadolu rock, arabesk",1
"hip house, uk funky, uk garage",1
"australian hip hop, australian trap, australian underground hip hop, dark trap",1
"german pop, german rock, oldschool deutschrap",1
"indie emo, nu disco, shiver pop",1
"german cloud rap, german trap",1
"batidao romantico, brega funk, brega romantico, funk carioca",1
riddim,1
czsk hyperpop,1
"deep talent show, idol",1
"german hard rock, glam metal, hard rock",1
"hopebeat, indie poptimism",1
"cancion melodica, pop romantico, ye ye",1
"australian pop, australian rock, boy band",1
"lo-fi product, trap beats",1
"australian indie, indietronica",1
"alternative dance, art pop, indietronica, neo-synthpop",1
"neo mellow, pastoral",1
lds instrumental,1
"acoustic pop, folk-pop",1
german jazz rap,1
"australian dance, progressive electro house",1
chalga,1
contemporary vocal jazz,1
"german soundtrack, soundtrack",1
"merengue, modern salsa, salsa",1
"musical advocacy, uk pop",1
"charva, house, uk dance",1
"boy band, post-teen pop, talent show",1
"dancehall, uk dancehall",1
"grave wave, metropopolis, noise pop, noise rock",1
"belgian hip hop, belgian rock",1
"belgian indie, belgian rock",1
"alternative rock, austindie, indie rock, modern rock",1
"deep underground hip hop, indie pop rap, underground hip hop",1
"chilean hardcore, chilean rock, ska chileno",1
"reggaeton colombiano, salsa choke",1
"danish alternative rock, danish rock",1
"chilean rock, cumbia chilena, latin afrobeat",1
"nordic folk, norwegian folk rock, norwegian rock",1
"uk christian rap, uk hip hop",1
"grime, london rap, uk drill, uk hip hop",1
"classic texas country, contemporary country, country, country road, heartland rock, modern country rock",1
"australian hip hop, brisbane hip hop",1
vlaamse kinderliedje,1
"musica gaucha, sertanejo, sertanejo pop, sertanejo universitario",1
"cumbia ranchera, nueva cancion",1
"classic colombian pop, cumbia, musica popular colombiana, porro",1
"australian pop, australian singer-songwriter, lilith, piano rock",1
modern country rock,1
"alternative country, new americana, roots rock, singer-songwriter",1
"art pop, indie rock, indie soul, indietronica, kiwi rock, neo-psychedelic, portland hip hop, psychedelic pop",1
scouse rap,1
slow game,1
"argentine telepop, latin viral pop",1
australian house,1
"deep tropical house, uk dance",1
"electronic trap, vapor twitch",1
beach house,1
"canadian electropop, indie quebecois, quebec indie",1
"flamenco, rumba, world",1
"la pop, modern alternative pop",1
"classic danish pop, greenlandic pop",1
"chilean indie, rap chileno",1
"neon pop punk, pop punk, post-teen pop",1
"adult standards, brill building pop, easy listening, rock-and-roll, rockabilly",1
"edm, electra, electro house, pop dance",1
"kenyan drill, kenyan hip hop",1
"argentine indie, argentine rock, latin funk, r&b argentino, rock nacional",1
"alberta country, canadian contemporary country, canadian country",1
"pop reggaeton, salsa venezolana, tropical, venezuelan rock",1
"indonesian folk, indonesian pop, semarang indie",1
"neoperreo, reggaeton chileno, trap chileno",1
"indie pop, scandipop, swedish indie folk",1
birmingham grime,1
"escape room, hyperpop, proto-hyperpop",1
"australian indie, australian indie rock, brisbane indie",1
"australian indie, indie dream pop",1
"indietronica, nu disco",1
"alternative dance, alternative rock, dance-punk, indie rock, indietronica, modern rock, neo-synthpop, new rave",1
"harlem renaissance, torch song, vocal jazz",1
"australian hip hop, australian trap, australian underground hip hop",1
hamburg hip hop,1
"brostep, edm, electro house",1
"classic soundtrack, latin classical, latin soundtrack",1
"alt z, la pop",1
"entehno, greek guitar, laiko, rebetiko",1
czech alternative rap,1
"metalcore, trancecore",1
"candy pop, dance pop, europop, girl group",1
guadalajara indie,1
"australian indigenous music, australian rock",1
"australian alternative rock, australian indie",1
"austrian pop, deep tropical house",1
"latin ska, ska espanol, ska jazz, spanish punk",1
"uk dancehall, uk funky",1
zouk riddim,1
deep eurodance,1
"chilean indie, chilean rock, pop electronico",1
"australian pop, pop soul",1
"hip house, uk dance",1
"cuarteto, cumbia paraguaya, cumbia pop, cumbia villera",1
"alternative dance, art pop, electronica, folktronica, indietronica, intelligent dance music, trip hop",1
"belgian hip hop, rap belge, rap francais",1
"dc hardcore, emo, emo punk, emocore, post-hardcore",1
electronic trap,1
"atlantic canada hip hop, canadian hip hop, canadian old school hip hop",1
australian comedy,1
scandinavian r&b,1
cleveland indie,1
"hopebeat, indie anthem-folk, indie poptimism, indie surf",1
"funk carioca, pop lgbtq+ brasileira, rap feminino nacional",1
"brazilian post-hardcore, brazilian rock, brazilian stoner rock, rock alternativo brasileiro, rock potiguar",1
"album rock, classic rock, glam metal, hard rock, heartland rock, rock",1
"deep uplifting trance, gaming edm",1
"punk, skate punk, socal pop punk",1
"australian electropop, downtempo, indietronica",1
"australian electropop, dark r&b",1
nueva ola chilena,1
"alternative dance, belgian electronic, belgian indie, belgian indie rock, belgian rock, electronica, filter house, ghent indie, mashup",1
"basshall, moombahton",1
"banjo, irish banjo, irish folk, sean-nos singing",1
golden age hip hop,1
cypriot pop,1
"classic danish pop, danish hip hop, danish pop",1
"easy listening, mans orchestra",1
"danish pop rock, danish rock",1
"contemporary country, country road, modern country rock, modern southern rock",1
"cologne indie, german alternative rap, german indie, german pop",1
"contemporary jazz, ecm-style jazz, israeli jazz",1
"big room, jumpstyle",1
"belgian edm, progressive electro house",1
"batidao romantico, funk carioca",1
"canadian indie, canadian indie rock, kelowna bc indie, vancouver indie",1
"bergen indie, new americana, norwegian americana, norwegian singer-songwriter",1
nueva cancion,1
"alternative metal, permanent wave, post-grunge, punk, rock, skate punk, socal pop punk",1
"dutch house, edm, electro house, melbourne bounce, progressive electro house, sky room",1
argentine indie,1
"chihuahua indie, mexican indie, mexican rock",1
"australian pop, gauze pop",1
austrian hip hop,1
finnish punk,1
"deep underground hip hop, indie pop rap, ohio hip hop",1
manitoba country,1
"alt z, electropop, indie poptimism",1
"austrian punk, austropop, volkspop",1
"afro house, funky tech house, tribal house",1
"dub, lovers rock, old school dancehall, reggae, rocksteady, roots reggae",1
"czech rock, slovak pop, slovak punk, slovak rock",1
skramz,1
"ccm, christian alternative rock, christian indie, christian music",1
antilliaanse rap,1
"post-teen pop, talent show, uk pop",1
"big room, pop edm",1
color noise,1
"anime drill, anime rap",1
"alternative r&b, escape room, hip pop, lgbtq+ hip hop, native american hip hop, transpop, trap queen",1
"edm, progressive house, progressive trance, trance, uplifting trance",1
christian music,1
"alternative dance, australian dance, filter house, indietronica, nu disco",1
"contemporary country, country pop, modern country pop, modern country rock",1
"deep house, float house",1
"canadian electropop, dark r&b",1
"dirty south rap, hip pop, r&b, southern hip hop, trap, urban contemporary",1
"canadian indigenous hip hop, canadian indigenous music, escape room, ottawa rap",1
"canadian celtic, canadian rock, celtic rock, nl folk",1
"chillwave, indietronica, shimmer pop",1
dmv rap,1
"deep acoustic pop, etherpop",1
"classic soul, motown, quiet storm, soul",1
"australian alternative rock, australian indie, australian singer-songwriter",1
lo-fi emo,1
gujarati garba,1
bulgarian electronic,1
"bachata, colombian pop",1
"classic danish pop, classic danish rock, danish pop, dansktop",1
"classic schlager, schlager",1
"danish electronic, pop edm",1
"blues rock, country rock, electric blues, modern blues, southern rock",1
"brill building pop, glam rock",1
"art pop, gauze pop, neo-singer-songwriter, uk pop",1
"canadian latin, latin pop",1
"rap regio, trap mexicano",1
bulgarian indie,1
"bongo flava, gengetone, kenyan hip hop, kenyan pop, kenyan r&b",1
"alternative r&b, art pop, indie soul, la pop",1
"austropop, graz indie",1
canadian electronic,1
"bay area indie, chamber pop, indie rock, noise pop, oakland indie, stomp and holler",1
country pop,1
"complextro, electro house, pop edm, progressive electro house",1
"pop rap, urban contemporary",1
"classic soul, disco, motown, quiet storm, rhythm and blues, soul, southern soul",1
"electronica argentina, pop electronico",1
"aussietronica, bass house, tech house",1
"chill lounge, deep chill",1
"rap cearense, speed up brasileiro",1
southern gospel,1
"dark disco, italian techno",1
"boy band, talent show",1
karaoke,1
"australian indie, shimmer pop",1
classic schlager,1
"canzone napoletana, classical tenor, italian tenor, opera, operatic pop",1
chicago blues,1
"axe, pagode, pop nacional, sertanejo universitario",1
"classify, pops orchestra",1
"danish pop, danish pop rock, danish singer-songwriter",1
new orleans rap,1
"argentine rock, latin alternative, latin funk, rock en espanol",1
"dark synthpop, grave wave, witch house",1
"ectofolk, lilith, neo mellow, pop rock, scottish singer-songwriter",1
"canadian indie folk, quebec indie",1
"canadian electropop, shimmer pop",1
electra,1
dansk comedy,1
kenyan alternative,1
tribute,1
hamburg indie,1
"emo, emo punk, post-hardcore",1
"big room, gym hardstyle",1
"chamber pop, indie folk, modern folk rock",1
"canadian indie, canadian pop, canadian singer-songwriter, ontario indie, pop quebecois",1
"jazz trumpet, smooth jazz",1
"deep uplifting trance, progressive trance",1
"chamber pop, indie rock, modern folk rock, philly indie, pov: indie, seattle indie, stomp and holler",1
"belgian pop, eurodance",1
"ai, la pop",1
"ccm, christian pop",1
"drill dominicano, rap dominicano",1
"brooklyn drill, hip hop, rap",1
"r&b, rap, uk contemporary r&b, urban contemporary",1
"canadian pop, contemporary r&b, r&b, urban contemporary",1
"chicago bop, pinoy hip hop",1
"corrido, musica mexicana, sierreno",1
"meme rap, viral rap",1
"funk consciente, funk mtg, rap mineiro",1
"musica jibara, puerto rican folk",1
"musica mexicana, norteno, norteno-sax",1
"funk mandelao, funk rj",1
"indie poptimism, metropopolis",1
uk dancehall,1
"electropop, gauze pop",1
"folclore salteno, folclore santiagueno, folklore argentino",1
argentine alternative rock,1
"folklore argentino, pop romantico",1
"latin alternative, latin rock, mexican indie, mexican rock",1
"pop romantico, rock nacional",1
"argentine rock, cantautor, chicha, latin alternative, nu-cumbia, rock en espanol, trova",1
"neue volksmusik, volkspop",1
"classical, early romantic era, german romanticism",1
"antideutsche, elektropunk",1
german indie rock,1
"aggressive phonk, polish phonk",1
"belgian hip hop, french hip hop, rap belge, rap francais",1
musique pour enfants,1
"funk carioca, funk das antigas, funk mtg, funk ostentacao",1
"forro, lambadao, piseiro",1
lambadao,1
"deboxe, rave funk",1
"deboxe, no beat, rave funk",1
"musica triste brasileira, nerdcore brasileiro",1
"deboxe, funk mtg, funk viral",1
"deboxe, funk rj",1
"funk carioca, funk consciente, funk mtg, funk ostentacao, funk paulista",1
"rap feminino nacional, rap mineiro",1
"boom bap brasileiro, brazilian hip hop, rap mineiro",1
"axe, funk carioca, funk das antigas, funk melody",1
"brazilian gospel, sertanejo gospel",1
"axe, forro, sertanejo, sertanejo universitario",1
"brazilian hip hop, funk carioca, funk ostentacao",1
"bossa nova, mpb, musica paraibana, samba",1
"deboxe, funk mandelao, funk mtg, rave funk",1
"arrocha, brega romantico, forro, sertanejo, sertanejo universitario",1
rap cearense,1
"mpb, nova mpb, umbanda",1
brazilian reggae,1
"adoracao, brazilian gospel, rock gospel brasileiro",1
"bossa nova, brazilian jazz, mpb, samba",1
"brega funk, funk carioca, pop lgbtq+ brasileira",1
"afrobeat brasileiro, brazilian hip hop, brazilian reggae, latin afrobeat, manguebeat",1
"brazilian hip hop, brazilian reggae",1
tecnobrega,1
"funk carioca, funk das antigas, funk pop",1
"brazilian hip hop, brazilian reggae, brazilian rock, musica juiz-forana",1
"brazilian rock, pop rock brasileiro, rock alternativo brasileiro",1
"pagode novo, r&b brasileiro",1
"brazilian indie, folk brasileiro, indie curitibano, nova mpb, rock curitibano",1
"pop r&b, teen pop",1
"alt z, indie poptimism, la pop",1
"cumbia chilena, cumbia paraguaya, cumbia villera",1
"rap chileno, rap feminino chileno, rap norteno chileno",1
folclor afrocolombiano,1
"cantautor, latin alternative, nueva cancion, trova",1
"bomba, salsa choke",1
"champeta, reggaeton colombiano",1
"cumbia, porro",1
"colombian pop, salsa colombiana",1
"cumbia del sureste, cumbia sonidera",1
"musica mexicana, musica sonorense, sierreno",1
"musica costarricense, reggae tico",1
"alternative r&b, art pop, escape room, persian electronic",1
"dancehall chileno, rap chileno",1
"mexican pop, perreo, reggaeton mexicano, urbano mexicano",1
"chicha, cumbia chilena",1
"pop reggaeton, trap latino, urbano latino",1
modern salsa,1
"chamber pop, stomp and holler",1
"alternative rock, britpop, oxford indie",1
"alternative rock, garage rock, garage rock revival, modern blues rock, palm desert scene",1
"german show tunes, show tunes",1
"argentine rock, latin alternative, latin rock, ska argentino",1
"argentine hip hop, cumbia 420, trap argentino",1
"cuarteto, folclore santiagueno, folklore argentino",1
vocal trance,1
"cuarteto, cumbia villera, guaracha santiaguena",1
"argentine rock, rock en espanol, rock nacional",1
argentine telepop,1
circuit,1
"cumbia paraguaya, cumbia villera",1
mexican edm,1
boom bap espanol,1
"classic colombian pop, cumbia",1
"classic venezuelan pop, tropical",1
"k-indie, korean electropop",1
"chillwave, indietronica, nu disco",1
"mambo, salsa, salsa colombiana",1
"indie anthem-folk, uk pop, vapor soul",1
"banda, musica mexicana, norteno, tecnobanda",1
"banda, corrido, mariachi, musica mexicana, norteno, ranchera, sad sierreno, sierreno",1
"huapango, norteno",1
"musica oaxaquena, sad sierreno",1
"corrido, musica sinaloense",1
"corrido, corridos tumbados, musica mexicana, norteno",1
norteno-sax,1
"r&b en espanol, urbano mexicano",1
"corrido, corridos tumbados, sad sierreno",1
"corrido, corridos tumbados, norteno, sierreno",1
"banda, corrido, corridos tumbados, musica mexicana, norteno, sad sierreno",1
"corrido, corridos tumbados, musica mexicana, sierreno",1
"musica chihuahuense, musica mexicana, norteno, norteno-sax, sad sierreno, sierreno",1
mexican rock-and-roll,1
"mexican hip hop, urbano mexicano",1
"dance rock, new romantic, new wave, new wave pop, soft rock, sophisti-pop, synthpop",1
"native american contemporary, native american traditional",1
"banda, corrido, corridos clasicos, musica mexicana, norteno, sierreno",1
"cantautor, latin alternative, mexican rock, rock en espanol, spanish new wave, spanish pop",1
"cumbia del sureste, cumbia sonidera, musica campechana, musica mexicana, ranchera, tropical",1
"mexican hip hop, reggaeton mexicano",1
"latin arena pop, latin viral pop",1
"musica mexicana, nu-cumbia",1
banda sinaloense,1
"latin alternative, latin arena pop, latin pop, mexican rock, rock en espanol",1
"banda, grupera, musica mexicana, norteno, tejano",1
"banda, duranguense, musica mexicana, norteno",1
"latin alternative, latin rock, mexican pop, mexican rock, rock en espanol, ska mexicano",1
"emo mexicano, latin alternative, latin rock, mexican pop punk, mexican rock, punk rock mexicano, rock en espanol",1
"chillwave, denton tx indie, hypnagogic pop, indietronica, neo-synthpop",1
"mariachi, musica mexicana, norteno, ranchera",1
"latin alternative, latin rock, mexican rock, rock en espanol",1
"indie rock mexicano, latin alternative, latin arena pop, mexican indie, mexican rock",1
"electro latino, guadalajara indie, latin alternative, mexican rock",1
tejano,1
surf music,1
"cantautor, pop romantico",1
"cancion melodica, pop romantico, ranchera",1
"spanish pop, spanish pop rock, spanish rock",1
rap boricua,1
"pop flamenco, rumba, spanish pop, spanish pop rock",1
"spanish new wave, spanish pop",1
"boom bap espanol, rap politico, spanish hip hop, urbano espanol",1
"pop flamenco, rumba, spanish pop rock",1
"flamenco urbano, pop flamenco, rock andaluz, spanish pop",1
"drill espanol, rap underground espanol",1
"rap romantico, urbano latino",1
"drill espanol, trap colombiano, trap mexicano, urbano espanol",1
electro bailando,1
nouvelle chanson francaise,1
"indie catala, mestissatge, rock catala",1
"drill espanol, emo trap en espanol, neoperreo, spanish hip hop, urbano espanol",1
"latin arena pop, mexican pop, spanish new wave, spanish pop, spanish synthpop",1
"murcia indie, spanish indie pop",1
"cantautor, spanish new wave, spanish pop, spanish rock",1
"cantautor, celtic rock, latin alternative, musica pitiusa, spanish new wave, spanish pop",1
"latintronica, nuevo folklore argentino, organic electronic",1
"cantautor, pop flamenco, spanish pop",1
"emo trap en espanol, urbano espanol",1
"rap latina, urbano espanol",1
"electro latino, rap conciencia",1
"latin talent show, musica aragonesa",1
"murcia indie, rock alternativo espanol, spanish indie pop, spanish modern rock",1
"alternative dance, baroque pop, dance-punk, indie rock, modern rock, new rave, swedish alternative rock, swedish indie pop",1
"gypsy punk, moldovan pop, muzica moldoveneasca, romanian punk",1
"cantautor, spanish pop, spanish rock",1
"british soul, new romantic, new wave pop",1
"copla, rumba, spanish pop",1
"jazz blues, neo soul, soul, soul jazz, torch song, vocal jazz",1
"glitchcore, plugg, rage rap",1
"newcastle nsw indie, pov: indie",1
"modern rock, pop punk, screamo",1
conscious hip hop,1
"baltimore hip hop, cali rap",1
"pov: indie, slc indie",1
"philly rap, viral rap",1
"classic oklahoma country, modern country pop, oklahoma country, texas country",1
atlanta bass,1
"bedroom r&b, krushclub, sped up",1
"neo classical metal, progressive metal",1
"modern country pop, oklahoma country",1
underground power pop,1
"detroit hip hop, detroit trap, scam rap",1
"countrygaze, new jersey indie, small room",1
"electropop, indie electropop, indie pop rap, indie poptimism",1
"album rock, classic rock, hard rock, mellow gold, rock, soft rock",1
"arkansas hip hop, atl hip hop, melodic rap, memphis hip hop, southern hip hop, trap",1
"indie pop, indie poptimism, la pop, metropopolis",1
"edm, electropop, vapor soul",1
"emoplugg, glitchcore, plugg, pluggnb",1
teen pop,1
"art pop, chamber pop, dark pop, lilith, permanent wave, piano rock, singer-songwriter",1
"contemporary country, country road, modern country pop, modern country rock",1
"atl hip hop, dirty south rap, trap",1
"alternative hip hop, conscious hip hop, drumless hip hop, hip hop, psychedelic hip hop",1
"glitchcore, hyperpop, proto-hyperpop, transpop",1
musique guadeloupe,1
"baltimore hip hop, drill, underground hip hop",1
country rock,1
"corecore, sadcore, zoomergaze",1
plugg,1
heartland rock,1
"alternative rock, canadian indie, chamber pop, indie rock, indietronica, modern rock, seattle indie, washington indie",1
"art pop, chamber pop, etherpop, indie pop, indie rock, indietronica, shimmer pop",1
"classic czech pop, czech folk, czech rock, czech singer-songwriter",1
canadian contemporary country,1
"czech folk, czech rock, czech singer-songwriter",1
"classic danish pop, danish jazz",1
"danish jazz, danish modern jazz",1
"alternative emo, diy emo, emo, indie punk, north carolina emo",1
"british alternative rock, leeds indie, modern alternative rock, modern hard rock",1
"alt z, bedroom pop, indie pop, pov: indie",1
canadian indigenous hip hop,1
musica llanera,1
"antiviral pop, comic, parody",1
bornehistorier,1
"cartoon, otacore",1
"danish electropop, danish rock",1
"dominican indie, latintronica",1
"bolero, folklore ecuatoriano, musica popular colombiana",1
"egyptian alternative, egyptian hip hop, egyptian viral pop, mahraganat",1
classic persian pop,1
"arab alternative, egyptian alternative",1
"arab pop, egyptian pop, khaliji",1
"arab pop, belly dance, shaabi",1
"sad sierreno, sierreno",1
"cuban alternative, hip hop cubano, rap latina",1
"dark pop, dark r&b",1
"arab groove, belly dance, libyan pop",1
video game music,1
"arab pop, classic arab pop",1
"arab folk, arabic instrumental, lebanese indie",1
"cello, compositional ambient, drone, icelandic classical, icelandic experimental, modern cello, orchestral soundtrack, soundtrack",1
ohio hip hop,1
new italo disco,1
"draga, latin viral pop",1
"bedroom pop, indie pop, pov: indie",1
"cloud rap, florida rap, underground hip hop",1
"cyberpunk, darksynth, synthwave",1
saxophone house,1
"baltic folk, estonian folk, estonian indie",1
electro-pop francais,1
"bass house, jump up",1
"candy pop, dark pop, estonian pop, metropopolis",1
pastoral,1
"art pop, electropop, escape room, etherpop, shiver pop",1
progressive rock,1
"balkan punk, croatian rock, yugoslav rock",1
progressive trance house,1
"mellow gold, soft rock, yacht rock",1
"nightcore, sped up",1
"bass house, tekk",1
canadian indie rock,1
"post-doom metal, post-metal, sludge metal, stoner metal",1
acoustic guitar cover,1
necrotrap,1
"brazilian jazz, samba-jazz",1
west african jazz,1
"christmas instrumental, classify, coverchill, relaxative",1
"glitchcore, hyperpop",1
"blues, electric blues, modern blues, texas blues",1
"hip hop quebecois, pop quebecois",1
"alternative r&b, escape room, trap queen",1
"bebop, hard bop, jazz trio",1
"bass trap, finnish edm",1
"electronica, future garage, german techno, hamburg electronic, microhouse, minimal techno",1
"swiss pop, swiss singer-songwriter",1
australian talent show,1
vbs,1
"classic country pop, nashville sound",1
"gymcore, post-grunge",1
"indie game soundtrack, oceania soundtrack, video game music",1
lo-fi jazzhop,1
"blues, blues rock, canadian blues, country rock, electric blues, modern blues",1
deep rai,1
"otacore, pixel, speedrun",1
azeri traditional,1
"alternative metal, comic, funk metal, funk rock, nu metal, rap rock",1
"canadian contemporary r&b, dark r&b",1
"electronic trap, future bass, vapor twitch",1
"finnish metal, folk metal, nordic folk metal, power metal, symphonic metal, viking metal",1
mpb,1
"classic iskelma, iskelma",1
"deep funk, instrumental funk, traditional funk",1
"dark folk, rune folk, viking folk",1
musica andina colombiana,1
"contemporary vocal jazz, vocal jazz",1
orebro indie,1
"art rock, dutch prog, flute rock, nederpop, progressive rock, symphonic rock",1
alberta hip hop,1
pet calming,1
"college a cappella, jewish a capella, judaica",1
"pop edm, vapor twitch",1
"melodic metal, nightrun, power metal, swedish hard rock",1
persian sad rap,1
"alternative country, folk, heartland rock, outlaw country, roots rock, singer-songwriter",1
"big room, dutch house, dutch trance, edm, electro house, pop dance, progressive electro house",1
orthodox chant,1
"hip hop quebecois, indie quebecois, montreal indie",1
"alternative metal, comedy rock, comic, comic metal, parody",1
"balalaika, russian folk",1
"finnish dance pop, finnish drill, finnish hip hop",1
"acoustic blues, blues, chicago blues, country blues, delta blues, harmonica blues, traditional blues",1
"brostep, edm, electro house, electronic trap, pop dance, progressive electro house",1
"hopebeat, indie poptimism, piano rock",1
"christian hip hop, christian trap, gospel drill",1
"classic finnish pop, classic iskelma, finnish tango, vintage finnish jazz",1
"dark r&b, trap soul",1
"dutch house, edm, electro house, melbourne bounce, pop dance, progressive electro house, sky room",1
"finnish indie, finnish soul",1
"classic finnish pop, classic iskelma, iskelma, musiikkia lapista, suomi rock",1
"auteur-compositeur-interprete quebecois, rock quebecois",1
"canadian folk, inuit pop",1
classic iskelma,1
"albanian pop, albanian rock",1
"finnish electro, finnish indie",1
"electropowerpop, neon pop punk, trancecore",1
"comic metal, finnish hard rock, finnish heavy metal, lapland metal, power metal",1
heavy gothic rock,1
"finnish heavy metal, suomi rock",1
melbourne bounce,1
"dutch house, edm, electro house, melbourne bounce, pop dance, progressive electro house, progressive house",1
commons,1
"australian dance, dancefloor dnb, drum and bass",1
"alt z, lds youth",1
"canadian celtic, canadian country, canadian singer-songwriter, nl folk",1
"modern alternative rock, modern rock, post-grunge",1
"finlandssvenska musik, finnish pop",1
"classical, finnish classical, impressionism, post-romantic era",1
"alt z, modern alternative pop",1
"acoustic pop, ectofolk, lilith, neo mellow, pop rock, post-teen pop",1
"hard bop, stride",1
"classic greek pop, eurodance, italo dance",1
"central asian hip hop, kazakh hip hop, russian dance",1
"classic finnish rock, classic iskelma, finnish soul",1
"french hip hop, rap calme, rap conscient",1
"electrofox, french indie pop, french indietronica, french rock",1
"australian alternative rock, modern alternative rock",1
"ambient folk, indie pop",1
"french pop, pop quebecois",1
"french indie pop, french rock, nantes indie",1
"cloud rap francais, r&b francais",1
"french pop, nouvelle chanson francaise, r&b francais",1
"french indie pop, french indietronica, french rock, nice indie",1
"chanson, classic french pop, french pop, french synthpop",1
"rebel blues, scottish rock",1
"cloud rap francais, rap calme, rap liegeois",1
"french indie pop, nantes indie",1
"french indie pop, french indietronica, french psychedelic, french rock",1
"rap francais, rap liegeois",1
"indie anthem-folk, vapor soul",1
"alternative metal, canadian metal, canadian rock, nu metal, post-grunge",1
"canadian folk, indie quebecois",1
ukulele cover,1
variete francaise,1
french indie folk,1
"french hip hop, rap calme, rap francais",1
"comedie musicale, french pop",1
"funk, psychedelic soul",1
"vintage chanson, ye ye",1
"cloud rap francais, rap francais",1
"french indie pop, french rock, rock independant francais",1
"california hardcore, crossover thrash, hardcore punk, skate punk, thrash core",1
"bboy, electronica, nu jazz",1
"tech house, uk dance",1
"french hip hop, french pop",1
"chamber pop, shimmer pop",1
"electro-pop francais, french pop, nouvelle chanson francaise",1
"grungegaze, zoomergaze",1
"cloud rap francais, drill francais, french hip hop, rap francais",1
"french hip hop, jazz rap, old school rap francais",1
"rap francais, rap lyonnais",1
rap francais nouvelle vague,1
"art pop, chamber pop, indie rock, modern folk rock, neo-psychedelic, noise pop, philly indie, singer-songwriter",1
"british alternative rock, cambridgeshire indie, modern alternative rock",1
"french shoegaze, french synthpop, indietronica, metropopolis, neo-synthpop",1
"electro-pop francais, french indie folk, french indie pop, french rock, nouvelle chanson francaise, swiss rock",1
"electro-pop francais, french indie pop, french indietronica, french rock, french synthpop, nouvelle chanson francaise",1
"indie anthem-folk, indie folk",1
"chanson, french pop, french synthpop",1
hip-hop experimental,1
"hip hop quebecois, indie quebecois, pop quebecois",1
"melancholia, permanent wave, singer-songwriter",1
"adult standards, classic soul, doo-wop, rock-and-roll, rockabilly, soul",1
"hip hop quebecois, indie quebecois",1
"chanson, french rock",1
"electro swing, hip-hop experimental, nu jazz, rap marseille",1
"album rock, classic rock, hard rock, psychedelic rock, rock, singer-songwriter",1
"conscious hip hop, east coast hip hop, hip hop, philly rap, political hip hop",1
"alternative dance, electrofox, funktronica, indie poptimism, indietronica, nu disco, shimmer pop",1
"album rock, classic rock, country rock, folk rock, mellow gold, rock, singer-songwriter, soft rock, yacht rock",1
"blues, blues rock, folk rock, roots rock, singer-songwriter",1
"disco, funk, soul",1
"classic soul, disco, funk, motown, quiet storm, soul",1
"french indie pop, french rock, nouvelle chanson francaise",1
"popping, vapor twitch",1
"hoerspiel, kindermusik, kleine hoerspiel",1
"berlin minimal techno, big room, slap house",1
"discofox, schlager",1
"german alternative rap, german pop, hamburg hip hop, oldschool deutschrap",1
"childrens music, nursery, preschool childrens music",1
"discofox, oktoberfest, partyschlager",1
"canadian celtic, cape breton folk, puirt-a-beul",1
"alternative hip hop, conscious hip hop, oakland hip hop, political hip hop",1
"german alternative rap, german jazz rap, german pop, german rock, hamburg hip hop, oldschool deutschrap",1
anthem,1
"german drill, german hip hop, german trap, hamburg hip hop",1
german cloud rap,1
"dream plugg, pluggnb, zoomergaze",1
"german alternative rap, german hip hop, hamburg hip hop",1
"rock uruguayo, uruguayan indie",1
"dfw rap, memphis hip hop",1
"classic soundtrack, italian soundtrack",1
"frauenrap, german hip hop, german r&b",1
"alternative americana, new americana",1
"german pop, partyschlager",1
oldschool deutschrap,1
rap underground colombiano,1
"german pop, swiss pop",1
"german dance, hypertechno",1
"german pop, german rock, liedermacher",1
"canadian country, canadian indie, canadian singer-songwriter, ectofolk, kingston on indie",1
"canadian celtic, canadian singer-songwriter",1
musikkorps,1
"deep german hip hop, oldschool deutschrap",1
abstract hip hop,1
canadian trap,1
"classic russian pop, russian folk",1
"arkansas indie, hopebeat, indie poptimism, little rock indie",1
"hamburg hip hop, oldschool deutschrap",1
"classic greek pop, classic greek rock, entehno",1
"chicago bop, chicago drill, chicago rap, drill, hip hop, rap, trap",1
"punk, skate punk",1
"new wave of screamo, zoomergaze",1
bboy,1
"classic soul, disco, funk, new jack swing, post-disco, quiet storm, urban contemporary",1
"acoustic pop, indie folk, neo mellow, new americana, stomp and holler",1
dark trap,1
"british soul, hip house",1
"canadian hardcore, quebec hardcore, quebec punk",1
"canadian folk, canadian singer-songwriter, new americana",1
"lovers rock, old school dancehall, roots reggae",1
"canterbury scene, german prog, krautrock, progressive rock, symphonic rock",1
"canadian metal, classic canadian rock",1
"canadian indie rock, canadian rock, kingston on indie",1
"canadian pop, neo mellow, pop rock",1
"greek contemporary classical, soundtrack",1
classic country pop,1
"electronic trap, glitch hop",1
"greek pop, laiko, turkish hip hop",1
greek swing,1
indie psych-pop,1
"cumbia del sureste, cumbia salvadorena",1
"rock chapin, rock en espanol",1
"latin christian, rap cristiano, reggaeton cristiano",1
"musica hondurena, pop catracho, punta rock",1
"musica hondurena, pop catracho, punta",1
indie catracho,1
"garifuna folk, musica hondurena, punta, punta rock",1
"crack rock steady, punk, ska, ska punk, skate punk",1
"persian pop, persian rock",1
future funk,1
vocal harmony group,1
"compositional ambient, japanese classical, japanese contemporary classical, japanese soundtrack",1
"indietronica, la indie, shimmer pop",1
"funk, p funk, soul",1
pianissimo,1
oi,1
"detroit trap, scam rap",1
"healing, meditation, sleep",1
"hip pop, neo soul, r&b, urban contemporary",1
"hungarian hip hop, hungarian underground rap",1
"big room, sky room",1
"alt z, indie electropop, modern alternative pop",1
"hungarian pop, magyar mulatos",1
"meme, meme rap, rage rap",1
"conscious hip hop, indie pop rap, underground hip hop",1
"dutch house, edm, electro house, electronic trap, viral trap",1
"hungarian folk, hungarian pop, magyar alternative",1
rwandan gospel,1
"cantautor, latin rock, spanish indie pop, spanish pop, spanish rock",1
"hungarian folk, hungarian pop, hungarian punk, magyar alternative",1
"hungarian folk, hungarian pop, hungarian rock, magyar alternative",1
epicore,1
"afrofuturism, art pop, deconstructed club, electra, fluxwork, footwork, intelligent dance music, spectra",1
"azontobeats, r&b francais",1
"acoustic pop, indiecoustica",1
"brostep, electronic trap, filthstep, glitch hop",1
icelandic jazz,1
"icelandic folk, icelandic indie, icelandic pop, icelandic rock",1
"classic icelandic pop, icelandic pop, icelandic rock, icelandic singer-songwriter, sunnlensk tonlist",1
"icelandic electronic, icelandic pop, icelandic rock",1
"canadian celtic, canadian country, cape breton folk",1
"canadian indigenous music, powwow",1
"icelandic pop, icelandic rock, sunnlensk tonlist",1
vapor twitch,1
bossbeat,1
barnalog,1
"bc underground hip hop, country rap, maga rap",1
"dark clubbing, tech house",1
background jazz,1
"detroit hip hop, scam rap",1
baps,1
candy pop,1
"dutch house, electro house, melbourne bounce, melbourne bounce international, progressive electro house",1
study beats,1
"alternative metal, alternative rock, funk metal, funk rock, grunge, nu metal",1
"russian pop, ukrainian pop, ukrainian rock",1
"lo-fi vgm, pixel, vgm remix",1
"compositional ambient, experimental classical, icelandic classical, icelandic experimental, nordic soundtrack, soundtrack",1
"diva house, strut",1
"album rock, blues rock, classic rock, hard rock, rock",1
redneck,1
polish folk,1
"deconstructed club, portuguese pop, portuguese rock",1
musique acadienne,1
"hamburg electronic, organic electronic",1
montenegrin pop,1
"guyanese pop, indie anthem-folk",1
"mambo, musica tradicional cubana, son cubano",1
"canadian country, canadian singer-songwriter, classic rock, country rock, folk, folk rock, mellow gold, singer-songwriter, soft rock",1
"alternative metal, alternative rock, cyberpunk, electronic rock, grunge, industrial, industrial metal, industrial rock, nu metal, post-grunge, rock",1
"balearic, electronica, filter house, indietronica, norwegian space disco, nu disco",1
arunachal indie,1
"classic pakistani pop, modern bollywood",1
"desi pop, hindi indie, indian indie, modern bollywood",1
"afghan pop, chutney, classic bollywood, filmi",1
"desi pop, modern bollywood, punjabi pop",1
"indian indie, indian singer-songwriter",1
"filmi, hindi indie, modern bollywood, sufi",1
"gujarati garba, gujarati pop",1
"mollywood, tamil pop",1
"desi emo rap, urdu hip hop",1
sinhala pop,1
"hindi indie, indian folk, indian indie, indian rock, new delhi indie",1
"filmi, kollywood, tamil pop",1
"desi hip hop, doujin, punjabi pop",1
"gujarati pop, modern bollywood",1
"escape room, indietronica, neo-synthpop, new rave",1
"dancehall queen, jamaican dancehall",1
"bhangra, desi hip hop, desi pop, punjabi pop",1
"kollywood, tamil indie, tamil pop",1
"garhwali pop, kumaoni pop",1
mantra,1
"modern bhajan, sufi",1
"canadian indigenous hip hop, canadian indigenous music",1
"classic pakistani pop, filmi, pakistani pop, sufi",1
"bhangra, desi pop, punjabi hip hop, punjabi pop",1
"bhangra, desi hip hop, punjabi hip hop, punjabi pop",1
"hare krishna, healing, kirtan",1
indian folk,1
"desi hip hop, hindi hip hop, indian edm, indian indie",1
lo-fi beats,1
"desi pop, indian indie, modern bollywood",1
"filmi, marathi pop",1
"desi pop, indian singer-songwriter, modern bollywood",1
"indian edm, indian electronic, indian indie",1
"classic pakistani pop, filmi, modern bollywood",1
"indian folk, indian rock, kannada pop",1
"indonesian folk pop, indonesian lo-fi pop",1
"indonesian pop, yogyakarta indie",1
bandung indie,1
"bedroom pop, bergen indie, norwegian indie, pov: indie",1
acoustic chill,1
"indonesian folk, indonesian indie, indonesian jazz",1
"indie pop, la indie, pov: indie",1
"indonesian city pop, indonesian jazz",1
"bandung indie, indonesian pop punk",1
latinx alternative,1
"jazz funk, jazz guitar, smooth jazz, soul jazz, yacht rock",1
"indonesian indie, math rock",1
classic indo pop,1
indonesian singer-songwriter,1
"dangdut koplo, lagu jawa",1
"indonesian idol pop, indonesian pop",1
"nz hip hop, pacific islands pop",1
"bogor indie, indonesian punk",1
"indonesian indie, indonesian singer-songwriter",1
"indonesian folk pop, indonesian singer-songwriter",1
"indonesian folk, indonesian indie, indonesian indie pop",1
"dutch edm, pop edm, speed house",1
"neo r&b, neo soul",1
indonesian city pop,1
wrestling,1
"bedroom pop, dream pop",1
"indonesian indie, indonesian jazz, indonesian pop",1
montreal indie,1
"indonesian jazz, indonesian pop, indonesian pop rock, indonesian rock",1
javanese dangdut,1
"indonesian pop, indonesian rock",1
"indonesian indie, indonesian indie pop, indonesian psychedelia",1
"indonesian jazz, indonesian pop, indonesian worship",1
"acid jazz, brit funk, modern funk",1
indonesian rock,1
"indonesian hip hop, indonesian pop rock",1
"bali indie, indonesian indie",1
"dutch edm, uk dance",1
new jersey rap,1
scottish techno,1
"deep disco house, hamburg electronic, minimal techno",1
"boy band, europop",1
"deep groove house, house, tech house",1
australian techno,1
"irish pop, musical advocacy",1
"classic rock, folk, folk rock, mellow gold, singer-songwriter, soft rock",1
irish rebel song,1
"bass house, old school bassline, uk garage",1
"celtic, irish accordion, irish folk, irish rock",1
"bass house, deep groove house, house, tech house, uk dance",1
"alternative dance, alternative rock, art pop, dance rock, dance-punk, electronic rock, electronica, indie rock, indietronica, neo-synthpop, new rave",1
"album rock, art rock, british invasion, classic rock, folk rock, glam rock, protopunk, psychedelic rock, rock, singer-songwriter",1
"folk-pop, indie anthem-folk, irish rock",1
irish neo-traditional,1
"adult standards, arkansas country, classic country pop, folk rock, mellow gold, nashville sound, singer-songwriter, soft rock",1
"progressive psytrance, psychedelic trance, trance brasileiro",1
duduk,1
"alternative country, folk, new americana, roots rock",1
"italian tech house, tech house",1
"italian hip hop, italian pop, pop virale italiano",1
"pop virale italiano, trap italiana",1
indie napoletano,1
"cantautora mexicana, latin alternative, mexican rock, rock en espanol",1
"emo trap italiana, italian hip hop, trap italiana",1
"album rock, classic canadian rock, classic rock, country rock, folk rock, hard rock, mellow gold, rock, singer-songwriter, soft rock",1
"azontobeats, nigerian hip hop, nigerian pop",1
"emo trap italiana, trap metal italiana",1
"italian hip hop, rap genovese",1
"emo rap italiano, pop virale italiano, trap italiana",1
"indie liguria, italian alternative, italian indie pop, italian pop, rap napoletano",1
"indie folk italiano, italian alternative, italian indie pop, turin indie",1
"korean metal, visual kei",1
sheffield indie,1
"italian hip hop, rap genovese, trap italiana",1
"beat italiano, classic italian pop, italian adult pop",1
"italian electronica, rome indie",1
"italian indie pop, rome indie",1
rome indie,1
"drill italiana, trap metal italiana",1
rap italiano old school,1
musica etnica,1
"italian adult pop, italian pop, italian tenor, operatic pop",1
"indie rock italiano, italian alternative, italian indie pop",1
"funk metal, italian alternative, italian punk",1
slowed and reverb,1
"melodic rap, miami hip hop",1
"atl hip hop, canadian hip hop, indie hip hop, underground hip hop",1
modern jazz piano,1
8d,1
"hyperpop italiano, italian hip hop",1
deep uplifting trance,1
"british orchestra, orchestra",1
"italian library music, vintage italian soundtrack",1
"italian adult pop, musica per bambini",1
"melodic house, montreal indie",1
"classic italian pop, swing italiano",1
italian classical piano,1
"italian hip hop, rap sardegna",1
"melancholia, slowcore",1
kodomo no ongaku,1
"city pop, j-indie, japanese electropop, japanese r&b",1
j-poprock,1
"anime, classic j-pop, j-pop, j-rock",1
"alternative metal, christian rock, nu metal, post-grunge",1
"anime, vocaloid",1
"classic anime, classic j-pop",1
"j-idol, j-pop, j-poprock",1
"anime, j-pop, japanese r&b",1
"j-pop, j-rock, japanese alternative rock",1
"j-rap, japanese drill, japanese trap",1
kentucky hip hop,1
"j-rock, japanese garage rock",1
"chinese traditional, japanese traditional, koto",1
"bitpop, japanese dance pop, japanese electropop",1
telugu worship,1
"j-reggae, japanese dance pop",1
"anime, j-pixie, vocaloid",1
"j-pixie, j-rock, japanese alternative rock, japanese electropop",1
"classic city pop, j-pop",1
"j-rap, japanese r&b",1
"anime rock, j-rock, japanese alternative rock",1
"kazakh pop, q-pop",1
remix brasileiro,1
"kazakh pop, russian electronic",1
"kazakh indie, q-pop",1
lo-fi chill,1
"kazakh hip hop, q-pop",1
brit funk,1
"belarusian hip hop, russian gangster rap",1
"cloud rap, dark trap, emo rap",1
boy pop,1
latvian rock,1
"electropop, indie electropop",1
"ukrainian experimental, ukrainian folk, ukrainian folk rock, ukrainian indie",1
"narodna muzika, turbo folk",1
"bass house, edm, electro house, house, melbourne bounce, pop dance, progressive house, tech house",1
"pixie, pop emo, pop punk",1
"auckland indie, indietronica, kiwi rock, metropopolis, shimmer pop",1
kolo,1
"dirty south rap, east coast hip hop, hardcore hip hop",1
"dainuojamoji poezija, lithuanian indie, sung poetry",1
"g-house, lithuanian edm",1
"classical, classical era, early romantic era",1
"brazilian edm, trance brasileiro",1
"hopebeat, indie poptimism, metropopolis, neo-synthpop, nyc pop",1
"georgian alternative, georgian rock",1
macedonian indie,1
"soundtrack, video game music",1
"nyc pop, retro soul",1
australian indie folk,1
"afrofuturism, escape room, indie soul",1
"atlantic canada hip hop, deep underground hip hop, halifax indie",1
bronx hip hop,1
belarusian pop,1
"melancholia, norwegian singer-songwriter",1
"luxembourgian hip hop, luxembourgian pop",1
"canadian indigenous music, inuit pop",1
"soul flow, underground hip hop",1
west coast trap,1
"melodic rap, south carolina hip hop, trap",1
"big room, progressive electro house",1
boston hip hop,1
"brostep, dubstep, gaming dubstep",1
st louis rap,1
"aussie drill, australian hip hop, australian trap, australian underground hip hop, west australian hip hop",1
pink noise,1
"big room, deep tropical house, pop dance, pop edm",1
rhode island rap,1
"kizomba, musica angolana, rap angolano",1
"philly drill, philly rap",1
"complextro, gaming edm, melodic dubstep",1
"malay rap, malaysian hip hop",1
"ethnotronica, organic electronic",1
"malaysian indie, malaysian pop",1
"classic malaysian pop, malaysian pop, rock kapak, zikir",1
"malaysian indie, malaysian pop, rock kapak",1
"grenada soca, malaysian pop, rock kapak",1
"classic indonesian rock, indonesian pop rock",1
islamic recitation,1
"alt z, australian alternative pop, singer-songwriter pop",1
"chill r&b, indie r&b",1
"classic malaysian pop, malaysian pop, rock kapak",1
"classic malaysian pop, malaysian pop, singaporean pop",1
"alt z, singer-songwriter pop, teen pop",1
"malaysian tamil pop, tamil pop",1
new americana,1
"dangdut, dangdut remix",1
"classify, new age piano, sleep",1
"big beat, soundtrack",1
"latin rock, mexican indie",1
italian lounge,1
"alabama rap, florida rap",1
"rap tunisien, reggae maghreb, tunisian pop",1
musique mariage algerien,1
"musique comorienne, pop urbaine",1
"arabic hip hop, rap tunisien, tunisian pop",1
north moroccan rap,1
"chiptune, speedrun",1
"alternative rock, blues rock, garage rock, indie rock, indietronica, modern blues rock, modern rock, punk blues, rock",1
"moroccan pop, rai, tunisian pop",1
kabyle moderne,1
piano cover,1
reggae maghreb,1
kabyle,1
"moroccan pop, rai, reggae maghreb",1
"memphis phonk, russian edm",1
traphall,1
"neoclassical darkwave, new age, new age piano",1
"classic hardstyle, euphoric hardstyle",1
dutch idol pop,1
"dutch drill, dutch rap pop",1
"dutch rap pop, slow game",1
"canadian drill, canadian hip hop, toronto rap",1
"canadian electronic, electro house, pop edm",1
"classic hardstyle, euphoric hardstyle, melbourne bounce international",1
"dutch rock, nederpop",1
"movie tunes, tagalog worship",1
"alberta country, canadian contemporary country, canadian country, canadian singer-songwriter, cowboy western",1
"swedish indie pop, swedish singer-songwriter",1
"big room, dutch trance, edm, pop dance, progressive house, trance, uplifting trance",1
"nederpop, vintage dutch pop",1
"childrens music, kindie rock",1
classic progressive house,1
"deep euro house, dusseldorf electronic, german techno",1
hel,1
"italian trance, progressive house, trance, uplifting trance",1
"dutch edm, dutch house, edm, electro house, pop dance, progressive electro house",1
"dancehall, jamaican dancehall, traphall, trinibad",1
moroccan rock,1
ethiopian pop,1
anime score,1
judaica,1
"dutch pop, lustrum",1
coptic hymn,1
instrumental progressive metal,1
voetbal,1
cartoon,1
"canadian indie, canadian singer-songwriter, halifax indie",1
"dancehall, traphall, trinibad",1
uk tech house,1
"dutch edm, dutch house, edm, electro house, pop dance, progressive electro house, progressive house",1
"brostep, canadian electronic, dubstep, edm, electro house, progressive electro house",1
"basshall, dancehall",1
"dutch hip hop, dutch indie, dutch pop",1
"bass house, deep groove house, edm, electro house, future house, house, pop dance, progressive house",1
"australian rock, classic nz pop, kiwi rock, nz singer-songwriter",1
"nz dnb, nz pop",1
"nz reggae, waiata maori",1
"nz gangsta rap, nz hip hop, polynesian hip hop",1
"nz hip hop, nz reggae, pacific islands pop",1
nz folk,1
"chicago rap, dirty south rap, gangster rap, trap",1
"nz electronic, nz pop",1
kiwi rock,1
"black americana, funk, retro soul, soul",1
"adult standards, bubblegum pop, doo-wop, lounge, northern soul, rock-and-roll, rockabilly",1
"classic nz pop, pacific islands pop",1
"nz reggae, pacific islands pop",1
"dance pop, post-teen pop",1
"pacific islands pop, samoan pop",1
"conscious hip hop, indie pop rap",1
"lovers rock, modern reggae, reggae, roots reggae",1
"musica nicaraguense, rock nica",1
"afrobeats, afroswing, dancehall, uk dancehall, uk hip hop",1
"canadian contemporary country, canadian country, country road",1
"album rock, blues rock, british blues, classic rock, country rock, electric blues, folk rock, hard rock, mellow gold, psychedelic rock, rock, singer-songwriter",1
"dark rock, finnish alternative rock, gothic metal",1
chicago soul,1
"soca, vincy soca",1
"big room, slap house",1
"deep smooth jazz, smooth jazz",1
"ectofolk, lilith, pop rock",1
"adult standards, classic soul, jazz blues, piano blues, soul, soul blues, vocal jazz",1
"acid rock, album rock, blues rock, classic canadian rock, classic rock, hard rock, proto-metal, rock, singer-songwriter, soft rock",1
lo-fi cover,1
"alberta country, canadian contemporary country, canadian country, country, country dawn, country road",1
lo-fi study,1
classic praise,1
belarusian electronic,1
"detroit hip hop, flint hip hop",1
"musica costarricense, musica nicaraguense, rock nica",1
"dancehall, jamaican dancehall, jamaican hip hop, traphall, trinibad",1
"sda a cappella, worship",1
gospel drill,1
"alternative metal, melodic metalcore, metalcore, nu metal, post-grunge",1
"afrobeats, igbo trap, nigerian pop",1
"ghanaian alternative, ghanaian pop",1
"nigerian hip hop, nigerian pop",1
philly rap,1
"afrobeats, igbo pop, igbo rap, nigerian pop",1
"afrobeats, afropop, bongo flava, nigerian hip hop, nigerian pop",1
"musica mocambicana, urban kiz",1
ghanaian hip hop,1
kenyan pop,1
"cali rap, canadian hip hop",1
"afrobeats, afropop, cruise, nigerian pop",1
"classic norwegian pop, norske viser, norwegian singer-songwriter",1
"norske viser, norwegian folk rock, norwegian rock",1
"gospel singers, norsk lovsang",1
jungle,1
"australian dance, freeform hardcore, happy hardcore",1
"norwegian pop, trondersk musikk",1
"nordnorsk musikk, sami",1
"drikkelek, russelater",1
"alt z, dark r&b, slap house, traprun",1
"nordnorsk musikk, norske viser, norwegian indie",1
"dancehall, lovers rock, modern reggae, reggae, roots reggae",1
"barnemusikk, eventyr",1
"dark cabaret, oslo indie",1
"barnemusikk, norwegian gospel",1
"norwegian pop, norwegian singer-songwriter",1
"melodipop, norwegian pop",1
norwegian rock,1
norwegian house,1
"hard rock, neo classical metal, power metal, progressive metal, speed metal",1
"bergen indie, norske viser",1
"norwegian rock, rogaland musikk",1
"ambient pop, art pop",1
"norwegian indie, norwegian pop, norwegian pop rap",1
saskatchewan indie,1
bergen indie,1
"pop dance, scandipop, uk dance",1
drikkelek,1
"black metal, norwegian black metal",1
"gothic metal, industrial metal, norwegian metal",1
nordnorsk musikk,1
"norwegian contemporary jazz, norwegian indie, norwegian pop",1
modern jazz trio,1
"norwegian americana, norwegian rock",1
hjemmesnekk,1
norske viser,1
"classic norwegian pop, norske viser, norwegian country",1
"canadian latin, electro bailando, panamanian pop",1
chutney,1
"chutney, dancehall, melbourne indie, soca",1
"desi hip hop, desi trap, pakistani hip hop, urdu hip hop",1
"desi emo rap, pakistani pop, urdu hip hop",1
"classic pakistani pop, indian indie, pakistani pop, sufi",1
"classic pakistani pop, ghazal, sufi",1
"hindi indie, indian edm, indian indie",1
"indian fusion, indian indie",1
sindhi,1
"desi hip hop, samurai trap",1
"pakistani electronic, pakistani pop",1
"malayalam madh, naat",1
"nordic soundtrack, orchestral soundtrack, soundtrack",1
"contemporary r&b, east coast hip hop, new jack swing, old school hip hop",1
"panamanian pop, reparto",1
"alternative r&b, dancehall",1
"dancehall guyanaise, shatta",1
"electronica, hip-hop experimental, nu jazz, trip hop",1
"cumbia paraguaya, paraguayan rock",1
"paraguayan indie, pop paraguayo",1
"cumbia paraguaya, pop paraguayo",1
"paraguayan indie, pop paraguayo, rap paraguayo",1
rap paraguayo,1
"pop paraguayo, rap paraguayo",1
"cumbia paraguaya, cumbia pop, pop paraguayo",1
"madchester, new wave, permanent wave, solo wave",1
"axe, peruvian rock",1
"indie rock peruano, peruvian indie, peruvian rock",1
"salsa peruana, timba",1
"classic peruvian pop, musica afroperuana",1
"classic peruvian pop, folklore peruano",1
"peruvian indie, peruvian rock",1
"classic venezuelan pop, tropical, venezuelan rock",1
tagalog rap,1
"acoustic opm, opm",1
"pinoy drill, tagalog rap",1
"pop r&b, st louis rap",1
"acoustic opm, p-pop",1
"pinoy indie, pinoy rock, pinoy singer-songwriter",1
"pinoy alternative rap, pinoy hip hop, pinoy trap, tagalog rap",1
lilith,1
"indie pop rap, teen pop",1
"pinoy edm, pinoy r&b, pinoy trap",1
"bisaya rap, pinoy hip hop",1
"classic oklahoma country, country, country road",1
"pinoy alternative rap, pinoy hip hop, pinoy r&b, pinoy trap, tagalog rap",1
"bisaya rap, cdo indie, pinoy hip hop, pinoy trap",1
"dance pop, hollywood, neo mellow, post-teen pop",1
"bisaya rap, vispop",1
"bebop, contemporary post-bop, ecm-style jazz, electric bass, jazz, jazz funk, jazz fusion, jazz piano",1
"bisaya indie, vispop",1
"candy pop, girl group, norwegian pop",1
"acoustic pop, lilith, neo mellow",1
"polish hip hop, polish old school hip hop",1
"classic polish pop, polish pop",1
"mexican indie, nuevo folklore mexicano",1
classic polish pop,1
"polish electronica, wave",1
"adoracao, brazilian gospel, louvor icm",1
"polish alternative rap, polish underground rap",1
rap motywacja,1
"polish alternative, polish alternative rap",1
polish punk,1
"polish viral rap, smutny rap",1
pixie,1
"blues rock, folk rock, psychedelic rock",1
"british orchestra, classical, orchestra",1
"polish alternative rap, polish hip hop, polish underground rap",1
"deep euro house, elektropunk, german house",1
"garage rock, gothabilly, post-punk, psychobilly, punk",1
"bronx hip hop, conscious hip hop, east coast hip hop, golden age hip hop, hardcore hip hop, hip hop, old school hip hop, political hip hop",1
"polish pop, polish rock, polish synthpop",1
"dutch house, edm, electro house, electronic trap, pop dance",1
"poezja spiewana, sung poetry",1
"classic polish pop, sung poetry",1
"polish indie, polish synthpop",1
"classic polish pop, polish blues",1
"polish alternative rock, polish rock",1
"polish pop, polish rock",1
"british singer-songwriter, folk-pop",1
"indie pop, indietronica, modern dream pop, pov: indie, vapor soul",1
"alternative rock, canadian indie, chamber pop, indie rock, indietronica, modern alternative rock, modern rock, seattle indie, washington indie",1
polish reggae,1
"bristol electronic, future garage, house",1
"alternative country, new americana",1
"indie pop, indie poptimism",1
"chillwave, hypnagogic pop, indie soul, indietronica",1
electronic rock,1
"classic soul, funk, motown, quiet storm, soul",1
"indie rock, indie surf, indietronica, la indie, metropopolis, noise pop",1
"instrumental hip hop, purple sound, scottish electronic, scottish hip hop, uk experimental electronic, wonky",1
"alternative metal, alternative rock, funk metal, funk rock, modern rock, nu metal, post-grunge, rock",1
"classic soul, funk, funk rock, p funk, psychedelic soul, soul, southern soul",1
"album rock, classic rock, glam metal, hard rock, mellow gold, rock, soft rock",1
"ambient guitar, ambient post-rock, american post-rock, compositional ambient, instrumental post-rock",1
"modern blues, new americana",1
classic portuguese pop,1
"rap angolano, trap angolano",1
trap funk,1
"hip hop tuga, rap criolo, trap tuga",1
trap baiano,1
tuna,1
cumbia ecuatoriana,1
"bossa nova, brazilian boogie",1
"album rock, alternative metal, birmingham metal, glam metal, hard rock, metal, rock",1
"hip hop tuga, kizomba, musica angolana, portuguese pop",1
"axe, mpb, pagode, pagode novo, samba",1
"fado, portuguese pop, portuguese rock",1
"morna, portuguese pop",1
lovers rock,1
"hip hop tuga, portuguese rock",1
"portuguese indie, portuguese rock",1
"musica de intervencao, portuguese folk",1
"drill tuga, hip hop tuga, rap criolo",1
"kizomba, kizomba cabo-verdiana",1
"mpb, samba-rock",1
"folk-pop, modern rock, neo mellow, stomp and holler",1
"chamber pop, chillwave, dream pop, experimental pop, idaho indie, indie rock, indietronica, shimmer pop, stomp and holler",1
"albuquerque indie, baroque pop, chamber pop, indie rock, indietronica, stomp and holler",1
"alt z, pov: indie",1
rap moldovenesc,1
dfw rap,1
"bedroom r&b, plugg",1
"chillstep, nz electronic",1
"canadian hip hop, canadian old school hip hop",1
romanian rock,1
"balkan folk metal, romanian metal, romanian rock",1
"persian neo-traditional, santur",1
"musica goiana, nova mpb, pop lgbtq+ brasileira, rock goiano",1
"gaming edm, melodic dubstep, pop edm",1
"gangster rap, hardcore hip hop, hip hop",1
g-house,1
musiqi-ye zanan,1
"alternative metal, nu-metalcore, post-grunge",1
"colombian indie, latin alternative, latin rock, tropical alternativo",1
"sacramento indie, tape club, twee pop",1
"nerdcore, sped up",1
"ukrainian edm, ukrainian electronic",1
"pop punk, social media pop",1
"deep rai, kabyle, moroccan pop, rai, rif, tamazight",1
"anime phonk, chill phonk",1
yemeni pop,1
anime phonk,1
"drift phonk, memphis phonk",1
"alternative pop rock, neon pop punk, pixie, washington indie",1
"deep rai, moroccan pop, rai, rif",1
canadian indigenous music,1
"canadian rock, kingston on indie",1
"brostep, complextro, dancefloor dnb, edm, filthstep, gaming edm",1
"cloud rap, drain, glitchcore, underground hip hop",1
"comedy, new comedy",1
"canadian blues, classic canadian rock",1
"aggressive phonk, drift phonk, gym phonk, krushfunk",1
"chillhop, japanese chillhop, lo-fi beats",1
"british soundtrack, deep soundtrack, soundtrack",1
"georgian folk, georgian polyphony",1
"epicore, soundtrack",1
"british soundtrack, orchestral soundtrack, soundtrack",1
christian trap,1
"canadian electronic, complextro, edm, electro house, pop dance, progressive house",1
korean soundtrack,1
"chicano rap, rap latina",1
"canadian experimental, fourth world, transpop",1
british dance band,1
jazz boom bap,1
palestinian alternative,1
"anime, video game music",1
"jazz funk, rare groove, soul jazz",1
electro trash,1
"chiptune, japanese classical, japanese vgm, orchestral soundtrack, video game music",1
singaporean hip hop,1
"complextro, dutch house, electro house, pop edm, progressive electro house, sky room",1
"chill pop, singer-songwriter pop",1
darksynth,1
"bedroom r&b, singaporean pop",1
"acoustic cover, viral pop",1
"acoustic pop, christian uplift",1
"alternative metal, brazilian groove metal, brazilian metal, brazilian thrash metal, death metal, deathrash, groove metal, hard rock, latin metal, metal, metal mineiro, nu metal, old school thrash, speed metal, thrash metal",1
"slovak hip hop, slovak pop",1
experimental folk,1
"dutch house, electro house, house, pop edm, progressive electro house, sky room",1
"czsk hip hop, slovak pop",1
"bossbeat, rebel blues",1
"slovak pop, slovak punk, slovak rock",1
"contemporary r&b, deep talent show",1
"childrens folk, childrens music",1
detroit trap,1
"czsk emo rap, czsk hyperpop",1
"anglican liturgy, british modern classical, late romantic era, victorian britain",1
"slovak pop, slovak punk",1
"mande pop, west african jazz",1
"czsk electropop, slovak electronic, slovak pop",1
russian ccm,1
"czech pop, czech rock, slovak pop",1
slovak hip hop,1
"g funk, west coast rap",1
"czech indie, slovak indie",1
"canadian pop, pop quebecois",1
afrikaans gqom,1
"new jack smooth, new jack swing",1
"afro soul, kwaito, south african house, south african pop, south african pop dance",1
"barcadi, sgija",1
"afro soul, bolobedu house, south african pop",1
"african electronic, afro house",1
"alternative r&b, indie r&b",1
"afro soul, south african hip hop, south african pop",1
"classical, italian opera, italian romanticism, post-romantic era",1
"south african hip hop, south african trap, south african underground rap",1
"afro r&b, south african hip hop",1
kasi rap,1
"gengetone, gqom, south african hip hop, south african pop, south african pop dance, xitsonga pop",1
south african soulful deep house,1
"azonto, christian afrobeat, ghanaian alternative, hiplife",1
"afro soul, kwaito, sda a cappella, south african choral, south african pop",1
african gospel,1
"afro soul, kasi rap, south african hip hop",1
"chill house, tropical house",1
"south african underground rap, xhosa, xhosa hip hop",1
"afro soul, gqom, south african pop",1
"pop r&b, pop rap, r&b, southern hip hop, trap, urban contemporary",1
"bajan soca, barbadian pop, soca",1
"botswana hip hop, botswana pop",1
"sepedi pop, south african hip hop, south african trap",1
"pop r&b, r&drill",1
"cape town indie, downtempo, south african pop, south african pop dance",1
"atl hip hop, pop r&b, pop rap, r&b, rap, trap",1
"afrikaans, south african country",1
"alternative r&b, hip pop, r&b, urban contemporary",1
cameroonian pop,1
"african rock, afropop, south african pop",1
"k-indie, k-rock, korean pop",1
sillycore,1
"hopebeat, indietronica, singer-songwriter pop",1
korean talent show,1
new orleans jazz,1
"k-rap, korean drill, korean trap",1
"k-pop, korean ost, korean pop",1
"alternative r&b, australian hip hop, conscious hip hop, escape room, zambian hip hop",1
"flamenco, flamenco guitar, rumba",1
bakersfield sound,1
"contemporary country, country, country rap, country road, redneck",1
"adult standards, doo-wop, rock-and-roll, rockabilly",1
"danspunk, swedish eurodance, swedish idol pop",1
"epa dunk, russelater",1
"eurodance, europop, swedish electropop, swedish pop",1
skansk musik,1
shamanic,1
"classic swedish pop, skansk musik, svensk progg, swedish blues, swedish reggae",1
phoenix indie,1
"easy listening, romantico",1
"icelandic singer-songwriter, swedish pop",1
"danspunk, konsrock",1
"swedish hip hop, swedish pop rap, swedish reggae, swedish trap pop",1
swedish melodic rock,1
swedish folk pop,1
"pop quebecois, rock quebecois",1
"melodipop, swedish idol pop",1
swedish drill,1
"alternative r&b, uk contemporary r&b, uk funky",1
"swedish hip hop, swedish trap pop, swedish underground rap",1
"indie quebecois, quebec punk, rock quebecois",1
"chanson quebecois, country quebecois",1
kalmar indie,1
"acoustic pop, indie anthem-folk, indiecoustica",1
nordic folk metal,1
"jazz cover, swing",1
rasin,1
"classic soundtrack, soundtrack",1
rune folk,1
"edm, moldovan pop, pop dance, progressive house, trance",1
nashville sound,1
"indie soul, neo-psychedelic, world",1
"azeri traditional, classic persian pop, musiqi-ye zanan",1
"classic swedish pop, swedish pop, vintage swedish pop",1
"classic swedish pop, visor",1
"electropop, indie soul, nu disco, uk dance, vapor soul",1
"bronx drill, new york drill",1
"indie folk, modern folk rock, new americana, stomp and holler",1
russian trance,1
"gothenburg hip hop, swedish hip hop, swedish pop rap, swedish trap pop",1
"deep pop edm, progressive electro house",1
"gothenburg hip hop, swedish drill, swedish gangsta rap, swedish hip hop, swedish trap, swedish trap pop",1
"classic swedish pop, gotlandsk musik",1
"bossbeat, modern alternative pop",1
"brostep, tech house",1
"lo-fi vgm, weirdcore",1
"canadian singer-songwriter, ectofolk, lilith",1
"beach house, swedish tropical house",1
psychedelic folk,1
"classic swedish pop, folkmusik, svensk progg, visor",1
"classic swedish pop, dansband, swedish country",1
"classic swedish pop, dansband, varmland rock",1
background piano,1
"classic swedish pop, folkmusik, visor",1
swedish reggae,1
"alternative r&b, electra, uk contemporary r&b",1
"atl hip hop, chill abstract hip hop, indie hip hop",1
"american choir, choral",1
"swiss hip hop, swiss reggae",1
"canadian folk, canadian indie, hamilton on indie",1
"albanian pop, kosovan pop, tallava",1
"mundart, swiss alternative rock, swiss indie, swiss rock",1
swiss indie,1
broadway,1
"classic rock, glam rock, protopunk, rock",1
"montreal indie, scratch, trip hop, turntablism",1
"electro jazz, nu jazz",1
"antiviral pop, meme, pixel",1
"alternative hip hop, alternative r&b, boom bap, hardcore hip hop, underground hip hop",1
maimouna,1
"folk, indie folk, new americana, progressive bluegrass",1
"hopebeat, south african rock",1
"acoustic pop, folk-pop, okc indie",1
"cantonese opera, classic cantopop",1
"diva house, k-pop",1
"ambient folk, british singer-songwriter",1
"acoustic pop, indie folk, neo mellow, stomp and holler",1
"ambient, braindance, electronica, intelligent dance music, uk experimental electronic",1
"indie folk, new americana, stomp and holler",1
"brooklyn indie, indiecoustica",1
"british singer-songwriter, irish singer-songwriter",1
"bergen indie, melancholia, norwegian indie",1
"nz pop, pop r&b",1
"funk, houston indie",1
"electronica, intelligent dance music",1
canadian country,1
"folk-pop, hopebeat, indie poptimism",1
"bedroom r&b, canadian contemporary r&b, chill r&b",1
"bedroom r&b, emo rap",1
"chill pop, chill r&b",1
"thai indie rock, thai shoegaze",1
"crunk, dirty south rap, gangster rap, memphis hip hop, southern hip hop, tennessee hip hop, trap",1
"huzunlu sarkilar, turkish trap pop",1
"classic azeri pop, classic turkish pop, turkish psych",1
turkish edm,1
bangladeshi hip hop,1
"turkish jazz, turkish rock",1
turkish reggae,1
"arabesk, baglama, turkish folk",1
"arabesk, karadeniz pop, karadeniz turkuleri, turkish folk, turkish pop",1
"bass trap, electronic trap",1
"classical piano, turkish classical performance, turkish jazz",1
"gypsy punk, russian punk, russian ska",1
"turkish jazz, turkish modern jazz, turkish rock",1
turkce remix,1
"turkish modern jazz, turkish pop",1
"arabesk, baglama, bozlak, oyun havasi, turkish folk",1
"turkish alt pop, turkish singer-songwriter",1
"turkish folk, turkish jazz, turkish psych, turkish rock",1
"alternative hip hop, conscious hip hop, east coast hip hop, hip hop",1
"anadolu rock, karadeniz turkuleri, turkish pop, turkish rock",1
"turkce kadin rap, turkish trap",1
"black americana, soul, southern soul, spirituals",1
"baroque, classical, early music, english baroque",1
afro psych,1
"hypnagogic pop, turkish experimental",1
"alternative country, alternative rock, chicago indie, folk, indie rock, roots rock, stomp and holler",1
"anadolu rock, turkish alternative, turkish alternative rock, turkish experimental, turkish jazz, turkish psych, turkish rock",1
"arabesk, ulkucu sarkilar",1
"turkce drill, turkce trap metal",1
"turkish hip hop, turkish reggae",1
"baglama, karadeniz turkuleri, turkish folk",1
"rumeli turkuleri, turkish soundtrack",1
"arabesk, classic turkish pop, turkish folk",1
"anadolu rock, turkish alternative, turkish alternative rock, turkish rock",1
"arabesk, karadeniz pop, turkish pop",1
"canadian indie folk, chamber pop, saskatchewan indie",1
"oriental metal, turkish metal, turkish rock",1
"turkish alternative, turkish singer-songwriter",1
"classic turkish pop, deep turkish pop",1
"baroque pop, chamber pop, indie rock, neo-psychedelic, singer-songwriter",1
german show tunes,1
filthstep,1
"anadolu rock, karadeniz pop, karadeniz turkuleri, turkish folk, turkish pop, turkish rock, turkish singer-songwriter",1
"indietronica, pov: indie",1
english indie rock,1
"indie hip hop, new jersey underground rap",1
"covertronica, slap house",1
"italian trance, italo dance",1
"ukrainian indie, ukrainian pop, vapor pop",1
"russian alt pop, russian hip hop, russian indie, russian rave",1
"britpop, new romantic, new wave, new wave pop",1
"auteur-compositeur-interprete quebecois, chanson quebecois, noel quebecois",1
"banjo, bluegrass, bluegrass gospel, country gospel, traditional country",1
"canadian comedy, comedy",1
canadian blues,1
"lullaby, piano cover",1
"album rock, british invasion, classic rock, folk rock, mellow gold, merseybeat, soft rock",1
"hip pop, trap queen",1
"blues, blues rock, electric blues, modern blues, modern blues rock",1
"indie soul, la pop",1
"banjo, bluegrass gospel, new england americana, progressive bluegrass",1
"afrobeat, afropop, world",1
"musica popular uruguaya, reggae uruguayo, rock uruguayo",1
"adult standards, bubblegum pop, doo-wop, easy listening, rock-and-roll, rockabilly",1
haitian gospel,1
"canto popular uruguayo, musica popular uruguaya, rock uruguayo",1
"canto popular uruguayo, musica popular uruguaya",1
"melodic house, progressive trance house",1
"dutch edm, future house, pop dance, pop edm, progressive electro house",1
"dutch metal, gothic metal, gothic symphonic metal, opera metal, power metal, symphonic metal",1
"ccm, deep ccm, norsk lovsang, world worship, worship",1
chill guitar,1
"chamber pop, indie rock, jam band, louisville indie, melancholia, roots rock, stomp and holler",1
"alternative metal, nu metal, pop punk, pop rock, socal pop punk",1
"britpop, welsh rock",1
"grime, instrumental grime, uk hip hop",1
"classic rock, folk rock, mellow gold, psychedelic rock, rock, soft rock, sunshine pop",1
childrens choir,1
"london rap, uk melodic rap",1
"electronica, future garage",1
"australian dance, bouncy house",1
"brit funk, disco",1
dancefloor dnb,1
"australian dance, australian pop",1
"gregorian chant, puirt-a-beul",1
"aussietronica, indietronica",1
"eurodance, europop, italian adult pop, italo dance",1
detske pisnicky,1
metropopolis,1
"partyschlager, schlager, volkspop",1
jackin house,1
organic electronic,1
"album rock, jangle pop, new romantic, new wave, new wave pop, paisley underground, soft rock",1
north east england indie,1
alpine yodeling,1
"ccm, christian indie, christian pop",1
"armenian folk, armenian hip hop",1
"london rap, r&drill",1
"melbourne bounce international, slap house",1
"french indie pop, french indietronica, french synthpop",1
german reggae,1
"austropop, classic schlager, german rock, neue deutsche welle",1
"austropop, classic schlager, german pop, german pop rock, german rock, neue deutsche welle, ostrock, schlager",1
"classic schlager, easy listening",1
"kavkaz, russian hip hop",1
"classic russian pop, soviet synthpop",1
"classic russian rock, kavkaz, russian punk, russian punk rock, russian rock",1
"russian alt pop, russian viral pop",1
"russian dance, russian viral pop",1
"dutch house, edm, electro house, pop dance, progressive electro house, progressive house, russian edm",1
russian dance pop,1
"classic russian rock, russian post-punk",1
"kazakh pop, russian alt pop",1
"russian pop, russian rave",1
"russian dance, russian dance pop, russian pop, russian viral pop",1
"bard, classic russian pop",1
"russian pop, russian punk, russian rock",1
"azeri pop, azeri rap, kavkaz, russian gangster rap, russian hip hop",1
"russian alternative rock, russian punk, russian rock",1
russian indie,1
russian folk rock,1
"russian nu metal, russian punk, russian rock",1
dubsteppe,1
swing,1
"hyperpop, russian drain, russian hyperpop",1
"belarusian indie, russian post-punk, sovietwave",1
"classic belgian pop, dutch musical",1
"belgian dance, bubble trance, trance",1
"hi-nrg, new romantic, new wave, new wave pop, sophisti-pop, synthpop",1
"chamber pop, indie folk, irish rock",1
"classic soul, motown, soul, southern soul",1
"folclore salteno, folklore argentino",1
"funk carioca, pagode, pagode novo, sertanejo, sertanejo universitario",1
"pagode, pagode novo, samba moderno",1
"adoracao, world worship",1
"brazilian hip hop, brazilian reggae, pop nacional",1
pagode baiano,1
"funk carioca, pagode, pagode novo",1
"deboxe, funk mandelao",1
drill brasileiro,1
"axe, pagode",1
"melodic house, vapor soul",1
"grime brasileiro, trap pesado",1
"arrocha, brega romantico, forro de favela",1
"bossa nova, brazilian jazz, samba",1
"brazilian rock, pop rock brasileiro, rock brasiliense, rock nacional brasileiro",1
"agronejo, sertanejo, sertanejo tradicional, sertanejo universitario",1
"axe, samba reggae",1
"classical, classical performance, violin",1
"russian alt pop, zhenskiy rep",1
"bulgarian pop, spanish pop rock",1
"country pop, modern country pop",1
"classic canadian rock, new romantic, new wave pop, synthpop",1
"acoustic pop, indie folk",1
"classic rock, folk, folk rock, mellow gold, rock, singer-songwriter, soft rock",1
classic bangla pop,1
"czech punk, czech rock",1
canadian punk,1
psychedelic trance,1
"bass trap, danish electronic, electronic trap, traprun",1
"country rap, redneck",1
musica de fondo,1
"environmental, sleep, sound, water",1
electro swing,1
"dembow dominicano, dominican pop",1
"charanga, latin jazz, mambo, salsa, salsa puertorriquena",1
kompa,1
"adoracion pentecostal, latin christian",1
modern downshift,1
"dembow dominicano, drill dominicano, rap dominicano",1
"bachata dominicana, merengue",1
"charanga, salsa",1
"charanga, latin jazz, musica tradicional cubana, salsa",1
"bomba, cumbia ecuatoriana",1
"arabic hip hop, egyptian hip hop, egyptian pop",1
"arab alternative, jordanian alternative",1
"art rock, glam rock, melancholia, new romantic, new wave, new wave pop, sophisti-pop",1
"canadian indie rock, vancouver indie",1
sudanese hip hop,1
"islamic recitation, quran",1
"arab folk, arab pop, classic arab pop, oud, syrian pop",1
lebanese pop,1
"classic soundtrack, french soundtrack, vintage french electronic",1
"estonian metal, estonian rock, folk metal, slavic metal, viking metal",1
"dark rock, finnish hard rock, gothic metal",1
"finnish alternative rock, suomi rock",1
"finnish dance pop, finnish hip hop, finnish pop, finnish reggae, iskelma, suomi rock",1
"finnish dance pop, finnish hip hop, finnish pop, finnish soul",1
"montenegrin pop, sevdah",1
"brazilian bass, brazilian edm",1
dancehall mauricien,1
french rock,1
"chanson, french garage rock, french pop, french rock",1
"chanson, chanson paillarde, classic french pop, french pop",1
"chanson, classic french pop, french pop",1
"chanson, classic french pop, french pop, ye ye",1
"french hip hop, rap francais nouvelle vague",1
"album rock, british invasion, classic rock, hard rock, protopunk, psychedelic rock, rock",1
"eurodance, europop, german techno, hip house",1
"classic schlager, german pop, schlager",1
"alpine yodeling, discofox, partyschlager",1
"german hard rock, german rock",1
"hoerspiel, kleine hoerspiel",1
"bubblegum dance, voetbal",1
"german indie, german indie rock, german pop, munich indie",1
leipzig indie,1
"chicago drill, chicago rap, drill, memphis hip hop, trap",1
"classic greek pop, entehno",1
"duranguense, musica mexicana",1
"cantopop, classic mandopop, mandopop",1
"chinese metalcore, hong kong indie, hong kong rock",1
"classic cantopop, classic mandopop, mandopop, singaporean mandopop, singaporean pop",1
"cantopop, hong kong hip hop",1
classic cantopop,1
"chinese electropop, chinese idol pop, k-pop",1
hong kong tv drama,1
"anime score, japanese piano",1
"atl hip hop, crunk, dirty south rap, old school atlanta hip hop",1
"bossa nova, brazilian jazz, jazz guitar, samba-jazz, violao",1
"deep house, german house, hamburg electronic, house, nu disco",1
"circuit, funky tech house",1
magyar retro dance,1
magyar alternative,1
"dutch house, edm, electro house, future house, pop dance, progressive electro house, progressive house",1
"hungarian pop, magyar musicalek",1
"canadian country, canadian singer-songwriter",1
icelandic classical,1
"doom metal, gaian doom, sludge metal, stoner metal, stoner rock, swedish doom metal, swedish stoner rock",1
"british childrens music, childrens music, nursery",1
military rap,1
"desi pop, himachali pop",1
"classic bollywood, filmi, lata",1
telugu indie,1
gujarati pop,1
tamil indie,1
"desi hip hop, telugu hip hop",1
"indian indie, indian rock, indian singer-songwriter",1
"bhajan, classic bollywood, filmi, ghazal, hare krishna",1
"dangdut, lagu sunda",1
"anime rock, j-pixie, okinawan pop",1
"nasyid, sholawat",1
"celtic rock, irish rock, scottish new wave, scottish rock",1
"alternative metal, alternative rock, grunge, permanent wave, rock, spacegrunge",1
"classic israeli pop, sefardi",1
"classic israeli pop, israeli pop, israeli rock",1
messianic praise,1
"classic israeli pop, israeli mediterranean, mizrahi",1
"indie quebecois, montreal indie",1
"east coast hip hop, hardcore hip hop, harlem hip hop",1
"canzone napoletana, italian adult pop",1
"high vibe, shamanic",1
atl drill,1
"italo disco, neapolitan funk",1
"instrumental worship, new age piano",1
"chill drill, melodic drill, uk melodic rap",1
"italian alternative, italian indie pop, italian pop, turin indie",1
"city pop, j-pop, j-rock, japanese alternative rock",1
"anime rock, japanese electropop",1
"japanese teen pop, japanese viral pop",1
"j-indie, japanese alternative rock, modern j-rock",1
j-reggae,1
"japanese alternative rock, japanese chill rap",1
"j-metal, japanese metalcore",1
japanese singer-songwriter,1
"metal cover, otacore",1
japanese boom bap,1
"anime, anime rock, j-pixie",1
"japanese r&b, japanese teen pop",1
"classic j-pop, j-acoustic, j-pop, j-rock",1
kyushu indie,1
"japanese viral pop, modern j-rock",1
"hokkaido indie, japanese alternative rock, modern j-rock",1
"j-pop, japanese old school hip hop",1
"j-pixie, j-pop, j-rock, japanese alternative rock",1
"japanese alternative rock, modern j-rock",1
"art pop, electropop, escape room, indie pop",1
"anime rock, j-pop, japanese singer-songwriter",1
yaoi,1
"j-pop, j-poprock, j-rock",1
"anime score, j-acoustic",1
"japanese heavy metal, japanese power metal, visual kei",1
"classic j-rock, j-pop, j-rock",1
"anime rock, j-pixie",1
"okinawan folk, ryukyu ongaku",1
"hokkaido indie, j-idol, j-poprock",1
"anime rock, vocaloid",1
"anime rock, j-pixie, j-rock, kyushu indie",1
"anime, j-pop boy group",1
"j-acoustic, j-rock",1
"anime, j-poprock, j-rock, japanese indie rock",1
"anime rock, j-rock",1
"classic j-pop, j-pop, japanese r&b",1
"j-pop, j-rock, japanese singer-songwriter, japanese soul",1
"j-pop, j-rock, japanese garage rock, japanese girl punk",1
"j-rock, japanese alternative pop",1
"j-rock, japanese alternative rock, japanese r&b",1
j-division,1
"central asian hip hop, kazakh viral pop, kyrgyz hip hop",1
"central asian hip hop, kazakh hip hop, kazakh viral pop",1
"central asian hip hop, kazakh hip hop, kazakh indie, russian underground rap",1
"aggressive phonk, gym phonk",1
ainu folk,1
electronica chilena,1
ukrainian phonk,1
"hard bass, russian hip hop, ukrainian hip hop",1
"baltic folk, latvian folk",1
"baltic post-punk, latvian pop, soviet synthpop",1
"kazakh hip hop, kazakh pop, russian alt pop",1
"cape town indie, south african pop, south african pop dance",1
australian indigenous music,1
"classic country pop, country, nashville sound, soft rock",1
"new wave pop, rock keyboard",1
"indonesian hip hop, indonesian trap",1
"alternative r&b, uk contemporary r&b",1
"chaabi marocain, moroccan pop",1
"dutch rap pop, maluku pop",1
"dutch hip hop, maluku pop",1
"easy listening, operatic pop, pop violin",1
"happy hardcore, hardcore techno, nederlandse hardstyle, nu gabber",1
"dutch edm, dutch house, edm, electro house, house, pop dance, progressive electro house, progressive house",1
"big room, hypertechno",1
oeteldonk,1
"folk-pop, indie anthem-folk",1
"album rock, art rock, classic rock, hard rock, progressive rock, rock, soft rock, symphonic rock",1
"dutch rock, nederpop, nederreggae",1
"dutch house, edm, electro house, melbourne bounce, pop dance, progressive electro house, progressive house, sky room",1
"argentine heavy metal, argentine rock, latin alternative, latin rock, rock en espanol, rock urbano mexicano",1
igbo worship,1
downtempo bass,1
"barnemusikk, norwegian pop",1
vintage norwegian pop,1
"nordnorsk musikk, norske viser",1
"classic pakistani pop, filmi, ghazal, pakistani pop, sufi",1
electronica venezuela,1
peruvian hip hop,1
"classic peruvian pop, folklore peruano, guitarra andina, huayno",1
"classic opm, manila sound",1
"pinoy alternative rap, pinoy hip hop",1
"new age, new age piano",1
"australian pop, teen pop",1
"canadian ccm, canadian pop punk, christian punk",1
"folk rock, mellow gold, soft rock",1
"polish alternative rock, polish indie, polish indie rock, polish rock",1
"dance pop, edm, house, pop dance, uk dance",1
"polish alternative rock, polish pop, polish reggae",1
goralski,1
"chicago soul, classic soul, motown",1
makossa,1
"deep house, deep tropical house, pop dance",1
"australian indie, indietronica, nu disco, shimmer pop",1
"erotica, romanian pop",1
neo-manele,1
"moldovan pop, muzica copii, romanian pop",1
"disco house, munich electronic",1
"romanian rap, romanian rock",1
"russian alt pop, russian rock",1
"central asian hip hop, russian hip hop, russian underground rap",1
"belarusian indie, russian alt pop",1
"kazakh hip hop, russian alt pop",1
"belarusian pop, russian alt pop, russian pop",1
"belarusian rock, russian rock",1
"russian drain, russian drill, russian trap",1
"jalsat, khaliji",1
"dabke, khaleeji iraqi",1
"arab pop, dabke, syrian pop",1
"arab pop, dabke, lebanese pop, syrian pop",1
"hyperpop, pov: indie, sped up",1
"arab pop, lebanese pop, rif",1
"texasgaze, zoomergaze",1
"dubstep, gaming edm",1
"arab pop, khaleeji iraqi",1
georgian hip hop,1
"classic soundtrack, italian soundtrack, orchestral soundtrack, vintage italian soundtrack",1
"arab pop, libyan pop",1
aghani lil-atfal,1
"austrian pop, melancholia",1
"chinese drama ost, chinese singer-songwriter",1
"mandopop, singaporean mandopop, taiwan pop",1
portland hip hop,1
classify,1
"amapiano, underground amapiano",1
"quiet storm, smooth jazz, smooth saxophone",1
"contemporary r&b, neo soul, quiet storm, r&b, urban contemporary",1
"afropop, malian blues, mande pop, world",1
"classic soul, funk, motown, philly soul, quiet storm, soul, urban contemporary",1
"canadian pop, contemporary r&b, hip pop, r&b, urban contemporary",1
"jazz saxophone, smooth jazz, smooth saxophone",1
"contemporary r&b, neo soul, r&b, urban contemporary",1
"naija worship, south african gospel",1
"clap and tap, zcc",1
"sacred steel, steel guitar",1
"afro-funk, kwaito",1
"contemporary r&b, dance pop, hip pop, r&b, urban contemporary",1
"south african pop, south african pop dance",1
norrbotten indie,1
burundian pop,1
"brostep, canadian electronic, electro house",1
"acoustic cover, acoustic pop",1
"german techno, german trance, progressive house, progressive trance, trance",1
balfolk,1
swiss trap,1
"chinese hyperpop, chinese melodic rap",1
"taiwan indie, taiwan punk",1
"chinese electropop, taiwan hip hop",1
"chinese drama ost, classic mandopop, mandopop",1
er ge,1
neo-traditional country,1
"chinese minyao, chinese singer-songwriter",1
"classic mandopop, hokkien pop",1
"mainland chinese pop, thai ost",1
chinese minyao,1
"chinese electropop, mandopop, taiwan indie, taiwan pop",1
"classic mandopop, mainland chinese pop, mandopop",1
"chinese idol pop, taiwan idol pop",1
"chinese hip hop, taiwan pop",1
"chinese drama ost, zhongguo feng",1
"chinese indie, taiwan indie",1
"taiwan indie, taiwan pop, taiwanese indie",1
"taiwan indie, taiwan pop, taiwan singer-songwriter, taiwanese indigenous music",1
"c-pop, cantopop, classic cantopop, classic mandopop",1
"chinese indie, mandopop",1
"c-pop, classic mandopop, taiwan campus folk",1
chinese manyao,1
"chinese electropop, chinese idol pop, mandopop",1
"canadian electronic, canadian house, float house, lo-fi house",1
"lo star, mandopop, taiwan pop, taiwanese indie",1
"chinese indie, chinese indie pop",1
"c-pop, chinese audiophile, classic mandopop, taiwan campus folk",1
"chinese indie, mainland chinese pop, taiwan pop",1
"hong kong hip hop, taiwan hip hop",1
"classic mandopop, taiwan campus folk",1
"hakkapop, taiwan indie, taiwan singer-songwriter, taiwanese indigenous music",1
"chinese indie, chinese minyao, chinese singer-songwriter, taiwan pop",1
"art pop, indie rock, melancholia, singer-songwriter, slowcore",1
"taiwan indie, taiwan pop, taiwan punk, taiwanese indie",1
"thai pop, thai viral pop",1
"t-pop, thai teen pop",1
"thai indie, thai indie pop",1
"thai hip hop, thai indie, thai pop",1
"thai indie, thai rock",1
classic thai pop,1
lao pop,1
"thai trap, thai viral pop",1
"t-pop, thai indie rock, thai post-rock",1
"downtempo, electro jazz, jazztronica, nu jazz, trip hop",1
"thai indie pop, thai indie rock",1
"phleng phuea chiwit, thai folk rock",1
"t-pop, thai ost, thai pop",1
"thai hip hop, thai indie",1
"lao pop, thai pop rap",1
"luk thung, thai folk rock",1
thai folk rock,1
"t-pop, thai pop, thai teen pop",1
"canadian indie folk, indie quebecois",1
"thai folk pop, thai folk rock",1
"thai indie pop, thai indie rock, thai rock",1
"48g, j-idol, j-pop, j-pop girl group",1
"phleng phuea chiwit, thai folk, thai folk rock",1
"t-pop girl group, thai teen pop",1
uyghur pop,1
israeli indie,1
"oyun havasi, turkce remix",1
"ukrainian indie, ukrainian pop",1
"ukrainian alternative rock, ukrainian indie, ukrainian rock",1
"g-house, ukrainian viral pop",1
"ukrainian rock, ukrainian viral pop",1
"ukrainian pop, ukrainian rock, ukrainian viral pop",1
ua trap,1
soviet synthpop,1
"russian pop, ukrainian hip hop, ukrainian pop",1
"ukrainian alternative rock, ukrainian rock",1
"russian dance, russian dance pop, russian pop",1
"ukrainian emo, ukrainian metalcore",1
"ukrainian phonk, ukrainian viral pop",1
"tatar pop, ukrainian indie, ukrainian pop, ukrainian rock",1
"bomba y plena, puerto rican folk, salsa",1
"puerto rican pop, salsa, tropical",1
"chinese experimental, spectra",1
"viet lo-fi, viet remix, vinahouse",1
viet edm,1
chinese traditional,1
"album rock, classic rock, country rock, mellow gold, rock, southern rock, swamp rock",1
"k-indie, k-pop, korean pop, korean singer-songwriter",1
"album rock, blues rock, classic rock, country rock, folk, folk rock, mellow gold, psychedelic rock, rock, soft rock, southern rock",1
"disco, mellow gold, new romantic, new wave pop, soft rock, yacht rock",1
"australian rock, dream pop, new romantic, new wave",1
"dance pop, hip pop, pop rap, r&b, urban contemporary",1
"bachata, reggaeton",1
"desi hip hop, indian underground rap, malayalam hip hop",1
"corrido, norteno, sad sierreno, sierreno",1
modern folk rock,1
"indonesian pop, malang indie",1
"corrido, corridos tumbados, musica sinaloense, sierreno",1
"opm, pinoy indie, pinoy rock",1
"turkish instrumental, turkish pop, turkish singer-songwriter",1
kolsche karneval,1
"disco, funk, jazz funk, motown, soul",1
"classic russian pop, russian rock, soviet synthpop",1
"belarusian indie, belarusian punk, belarusian rock, russian punk, russian rock",1
"egyptian alternative, egyptian viral pop",1
"philly indie, pov: indie, slacker rock",1
"desi pop, indian singer-songwriter",1
"japanese alternative rock, japanese singer-songwriter",1
"argentine hip hop, reggaeton mexicano, trap mexicano",1
worship,1
tanzanian pop,1
"desi pop, urdu hip hop",1
"anadolu rock, arabesk, turk sanat muzigi, turkish psych",1
ukrainian rock,1
"funk mtg, funk rj",1
"big room, progressive uplifting trance, sky room",1
rap salvadoreno,1
"brazilian hip hop, rap df, sertanejo universitario",1
"gothenburg hip hop, swedish underground rap",1
"agronejo, sertanejo pop, sertanejo universitario",1
"finnish indie, finnish jazz, suomi rock",1
"classic house, hip house",1
"k-indie, k-rap, korean city pop",1
"bolero, bolero mexicano, tropical",1
"indie viet, vietnamese hip hop, vietnamese melodic rap",1
"reggae, roots reggae, ska",1
"bulgarian rock, classic bulgarian pop",1
"r&b en espanol, urbano espanol",1
"afrobeats, afroswing, london rap, uk hip hop",1
"pakistani electronic, pakistani hip hop",1
"karadeniz pop, karadeniz turkuleri, turkish pop",1
"german pop, german indie, german indie pop",1
"belgian edm, pop dance",1
"korean pop, korean talent show",1
australian country,1
dariacore,1
"modern country pop, pop rap",1
reunion pop,1
croatian hip hop,1
"classic russian pop, moldovan pop, russian pop",1
"musica costena, musica tabasquena",1
"contemporary r&b, new jack swing, quiet storm, r&b",1
"classic texas country, modern country pop",1
"brazilian boogie, brazilian soul, mpb",1
"sudanese hip hop, sudanese pop",1
"g funk, gangster rap, hip hop, west coast rap",1
"baroque pop, metropopolis, neo mellow",1
"hollywood, movie tunes, post-teen pop",1
"album rock, classic rock, glam metal, hard rock, progressive rock, rock",1
uk alternative hip hop,1
"east coast hip hop, hip hop, neo soul, new jersey rap",1
"countrygaze, indie pop, small room",1
"ilahiler, nasheed",1
igbo pop,1
"classic colombian pop, musica popular colombiana",1
"chaabi marocain, moroccan pop, rai",1
musica sinaloense,1
"rock viet, viet chill rap",1
"musica popular colombiana, salsa colombiana, tropical",1
"british country, modern country rock",1
"afrobeats, afropop, nigerian pop, swedish dancehall, uk dancehall",1
"album rock, classic rock, mellow gold, rock, soft rock, yacht rock",1
"banda, grupera, gruperas inmortales, grupero romantico, musica mexicana, norteno, tejano",1
botswana pop,1
"indie pop, modern rock, pov: indie",1
"afrofuturismo brasileiro, nova mpb",1
"dutch pop, dutch rock, levenslied",1
swedish synthpop,1
"irish electronic, rally house",1
"thai folk, thai indie, thai indie pop",1
"canadian singer-songwriter, new brunswick indie, slowcore",1
"la indie, nu-metalcore",1
"lithuanian hip hop, lithuanian pop, lithuanian rock",1
"funk carioca, funk das antigas, funk melody",1
"canadian trap, toronto rap",1
"chill phonk, gym phonk",1
"dytyachi pisni, ukrainian pop",1
"canadian hip hop, canadian trap, rap montrealais, toronto rap",1
"turkce slow sarkilar, turkish alternative rock, turkish pop, turkish rock",1
raboday,1
"chanson quebecois, noel quebecois",1
"afro-cuban percussion, jazz puertorriqueno, latin jazz, mambo, musica tradicional cubana, salsa",1
"irish rock, modern alternative pop",1
"deep rai, rai, rif",1
"melodic house, progressive house",1
"brazilian rock, latin alternative, latin rock, mpb, rock nacional brasileiro",1
"chilena, duranguense, musica mexicana",1
"contemporary country, country, country gospel, country road",1
"latin alternative, latin rock, mexican rock, nu-cumbia, rock en espanol, rock urbano mexicano",1
"album rock, classic rock, mellow gold, singer-songwriter, soft rock, yacht rock",1
"gangster rap, hip hop, ohio hip hop, rap",1
"funk, brazilian funk, funk de bh, trap funk, funk consciente",1
"groove metal, metal, nu metal, thrash metal, hard rock, heavy metal",1
"devotional, tamil pop, bhajan, kollywood, tamil dance",1
"bollywood, hindi pop, desi, gujarati garba, gujarati pop",1
"phonk, brazilian phonk, drift phonk",1
"amapiano, afropiano, gqom, bacardi, afrobeats, private school piano",1
"amapiano, bacardi, gqom, private school piano, afropiano",1
"abstract beats, neo r&b, vapor twitch",1
"french indie pop, french indietronica",1
"glam rock, new romantic, new wave, new wave pop, protopunk, pub rock, zolo",1
"classic schlager, europop",1
ectofolk,1
"barnalog, classic icelandic pop",1
"bubble trance, eurodance, german techno, hamburg electronic, rave",1
"flamenco, pop flamenco, rumba, spanish pop",1
orquesta tropical,1
"guaracha, perreo, urbano mexicano",1
"classic czech pop, czech folk, czech pop",1
"eurodance, german pop",1
"cumbia ecuatoriana, ecuadorian pop",1
"covertronica, traprun",1
classic hungarian pop,1
rap sardegna,1
"album rock, beatlesque, bubblegum pop, classic rock, folk rock, mellow gold, rock, rock-and-roll, singer-songwriter, soft rock, sunshine pop",1
"modern salsa, salsa cubana, salsa peruana, timba",1
"desi pop, punjabi hip hop",1
"norske viser, norwegian rock, norwegian singer-songwriter",1
norwegian singer-songwriter,1
"new york drill, brooklyn drill, drill, sexy drill",1
"alternative r&b, neo soul",1
"french pop, variete francaise, french indie pop, chanson",1
"french r&b, pop urbaine, moroccan pop",1
"rock en espanol, latin rock, argentine rock, mexican rock, latin alternative",1
"gospel, devotional, worship, brazilian gospel",1
"funk consciente, brazilian funk",1
"sertanejo, piseiro, sertanejo universitario, agronejo",1
"dansktop, dansk pop, dansk rap",1
"dansk rap, dansktop",1
"egyptian shaabi, mahraganat, egyptian pop, khaleeji",1
"power metal, metal, heavy metal, symphonic metal, folk metal",1
"finnish pop, iskelma, eurodance, finnish rock, europop",1
"power metal, symphonic metal",1
"moroccan rap, french rap",1
"banda, grupera, duranguense, cumbia nortena, cumbia",1
"breakcore, jungle",1
"opera, classical",1
"italian trap, concerto, canzone napoletana",1
"italo disco, italian singer-songwriter",1
"j-rock, j-pop",1
"northern soul, philly soul, classic soul, soul",1
"soul, classic soul",1
"malay, malay pop, malay rap, malaysian pop, indonesian pop",1
"corrido, corridos tumbados, corridos belicos, sierreno, electro corridos, sad sierreno",1
"dembow belico, corridos tumbados",1
"afro adura, nigerian drill, afro soul, afrobeat, afrobeats",1
"afrobeats, afropiano, alte, afrobeat, amapiano",1
"afrobeat, afrobeats",1
norsk rock,1
"nigerian drill, afro adura, alte, asakaa",1
"afroswing, afrobeats",1
"afrobeats, afrobeat, afro adura, afropop, afropiano, azonto",1
"cumbia, grupera",1
"polka, chamame",1
"opm, harana, pinoy indie, kundiman, parang",1
"opm, harana, p-pop, pinoy alternative",1
"opm, p-pop, pinoy indie, harana, kundiman",1
"pinoy hip hop, pinoy r&b, parang",1
"3 step, private school piano, amapiano, gqom, afro house, afro soul",1
"3 step, amapiano, private school piano, afro soul",1
"bacardi, maloya",1
"private school piano, amapiano, 3 step, afro tech, afro soul, gqom, afropop, afro house",1
"amapiano, afropiano, gqom, bacardi",1
"t-pop, thai pop, thai hip hop, thai trap",1
"taiwanese indie, taiwanese pop, chinese indie, chinese rock, mandopop",1
"thai pop, thai rock, t-pop, luk thung",1
"melodic techno, deep house",1
"arabesk, oyun havası, turkish pop",1
"vietnamese hip hop, v-pop, vietnamese lo-fi, vietnam indie",1
"bass music, drumstep",1
"traditional music, fado",1
"afrobeats, hiplife, afrobeat, afropop, afropiano, afro r&b",1
"asakaa, hiplife, azonto, afrobeats, afrobeat, highlife",1
"moroccan chaabi, moroccan pop, rai, gnawa",1
"emo rap, cloud rap",1
"rumba congolaise, afrobeat, afrobeats",1
"soca, shatta, dancehall, calypso",1
"afro house, 3 step, gqom, tribal house, organic house",1
"afro adura, afrobeats, afrobeat, afropop, afropiano, azonto, afroswing",1
"hiplife, afrobeats, afrobeat, afropop, asakaa, afro adura, highlife, azonto",1
"thai rock, southern thai music, luk thung, thai pop, phleng phuea chiwit, t-pop",1
"thai rock, thai pop, phleng phuea chiwit, t-pop",1
"russian alt pop, russian emo",1
"dutch pop, dutch rock, nederpop",1
neue volksmusik,1
"german pop, german pop rock, german rock",1
"musique guadeloupe, rap antillais, rap francais, trap antillais, zouk riddim",1
"desi emo rap, pakistani hip hop, urdu hip hop",1
"belarusian pop, russian alt pop",1
"brazilian trap, trap funk, funk, trap, funk consciente",1
"metalcore, post-hardcore",1
"thai pop, t-pop, thai rock, thai hip hop",1
"turkish pop, anatolian rock, arabesque",1
"guaracha, rkt, turreo",1
"reggaeton chileno, chilean trap, mambo",1
"punto guajiro, bachata, chilean mambo",1
"horrorcore, dark trap, punk rap",1
"champeta, dembow",1
"khaleeji, arabic rap",1
"cold wave, sovietwave, post-punk",1
"malay, indonesian indie, malay pop, malaysian pop",1
"afrobeats, afrobeat, afropop, azonto, afro adura, afroswing, amapiano",1
"afro adura, afrobeat, afrobeats, afropop",1
"russelater, norwegian pop, epadunk, norwegian rap",1
"grupera, cumbia, cumbia nortena",1
"vallenato, polka",1
"epadunk, russelater, ragga, dansband",1
"turkish pop, t-pop, arabesque",1
"arabesque, turkish pop",1
"v-pop, vietnam indie, vietnamese hip hop, vietnamese lo-fi, vinahouse",1
"neo soul, quiet storm, smooth r&b",1
"bollywood, hindi pop, gujarati garba, desi, gujarati pop",1
"axe, forro, pagode baiano, piseiro, arrocha, seresta",1
"brega funk, funk, funk de bh, brega, brazilian funk",1
"funk consciente, funk, trap funk",1
"reggaeton chileno, chilean mambo, chilean trap, rkt, mambo",1
"german pop, childrens music",1
"hindi pop, bollywood, desi, bangla pop, desi pop",1
"hindi pop, desi pop, bollywood, punjabi pop",1
"j-rock, j-pop, visual kei",1
"rai, khaleeji, moroccan chaabi",1
"corridos tumbados, corrido, corridos belicos, musica mexicana, electro corridos, sad sierreno, banda",1
"afrobeats, afrobeat, afropop, alte, hiplife, afroswing, afro adura, afro soul, azonto",1
"opm, harana, kundiman",1
"manele, minimalism",1
"turkish hip hop, arabesque, turkish pop",1
"turkish pop, arabesque, t-pop",1
"punto guajiro, chilean mambo, bachata, reggaeton chileno",1
"reggaeton, trap latino, latin",1
"nu metal, christian rock, rap metal, rap rock, alternative metal",1
"kollywood, tamil pop, tamil dance, tollywood, tamil hip hop, telugu pop",1
arabesque,1
"egyptian pop, khaleeji, arabic rap",1
"indie dance, mizrahi",1
"gujarati garba, hindi pop, bollywood, gujarati pop, desi pop, desi",1
"sufi, punjabi pop, bhangra",1
"hindi hip hop, desi hip hop",1
"amapiano, afrobeats, afrobeat, afro adura",1
"chicha, cumbia, cumbia nortena",1
"luk thung, southern thai music, t-pop",1
"luk thung, thai pop, t-pop",1
"v-pop, vietnamese lo-fi, vinahouse",1
"vietnamese hip hop, v-pop, vietnam indie, melodic rap",1
"happy hardcore, rave",1
"tamil pop, kollywood, bollywood, sufi, hindi pop, desi, tamil dance",1
"japanese indie, j-pop, shoegaze, anime, j-rock",1
"pinoy r&b, opm, pinoy indie, harana",1
"arabesque, turkish pop, t-pop",1
"turkish pop, arabesque, turkish hip hop",1
"brega funk, brega, funk carioca",1
"funk, funk carioca, brazilian funk",1
"egyptian hip hop, arabic rap, mahraganat, egyptian pop, khaleeji",1
"amapiano, gqom, afrobeats, afro house, afropop",1
"arabic rap, mahraganat, rai, khaleeji",1
"opm, p-pop, harana, bisrock, kundiman",1
"tejano, grupera, norteno",1
hard house,1
"arabic rap, egyptian hip hop",1
"v-pop, vietnamese lo-fi, vietnam indie, vietnamese hip hop, vinahouse",1
"brazilian pop, funk pop, funk carioca, funk, pagode baiano",1
"funk, trap funk, funk consciente, brazilian trap",1
"funk, funk carioca, brazilian funk, trap funk, brega funk",1
"reggaeton chileno, chilean trap, chilean mambo, mambo, urbano latino",1
"guaracha, exotica, rkt, reggaeton chileno",1
"hardstyle, schlagerparty, hands up",1
"reggae, ragga, dub",1
"desi hip hop, hindi hip hop, desi pop, hindi pop, hindi indie, desi",1
"italian trap, mambo, trap",1
"corrido, corridos belicos, norteno, sad sierreno, corridos tumbados, banda",1
"afrobeats, afrobeat, afropop",1
"afrobeats, alte, afrobeat, afropop, afro adura, afroswing",1
"afrobeats, afrobeat, afropop, afro soul, hiplife, afroswing, alte",1
"norwegian pop, norwegian rap, russelater",1
"indian indie, desi, hindi indie, desi pop",1
"desi, sufi, desi pop",1
"southern hip hop, crunk, rap, gangster rap",1
"jersey club, phonk",1
"luk thung, phleng phuea chiwit, southern thai music",1
"chinese r&b, c-pop, mandopop, taiwanese pop",1
"post-punk, sovietwave, cold wave",1
"lo-fi, lo-fi beats",1
chillstep,1
"turkish pop, arabesk, oyun havasi",1
"worship, christian, ccm, gospel",1
"japanese vgm, soundtrack",1
"synthwave, chillwave",1
"house, piano house, tech house",1
"uk drill, grime, drill",1
"sertanejo, sertanejo tradicional",1
"reggae, mpb, roots reggae",1
"tamil pop, kollywood, tollywood, telugu pop",1
"salsa, merengue, salsa romantica, tropical music",1
"opm, p-pop, pinoy r&b, pinoy hip hop, harana",1
"amapiano, gqom, afro soul, afropop",1
"egyptian hip hop, arabic rap, egyptian pop, khaleeji, mahraganat",1
"zouk, kizomba",1
"egyptian hip hop, arabic rap",1
"rai, khaleeji, gnawa",1
"tamil pop, tamil dance, kollywood",1
"afrobeats, afrobeat, highlife, afropop, afro adura, hiplife, azonto",1
"chicha, cumbia, cumbia nortena, huayno",1
"deep house, gqom, afro house",1
"afrobeats, afrobeat, afro adura, afropop, amapiano, afroswing",1
"afrobeats, afrobeat, afropop, afro soul",1
"corridos tumbados, corrido, electro corridos, corridos belicos",1
"afrobeats, afrobeat, afropop, alte, afropiano, afro soul, afroswing",1
"gqom, afro soul, afropop, amapiano",1
"norteno, banda, cumbia nortena, grupera, corrido, ranchera, tejano",1
"bollywood, desi, hindi pop, desi pop",1
"mahraganat, khaleeji, egyptian pop",1
"reggaeton, latin, trap latino, urbano latino",1
"cold wave, sovietwave",1
"arabic rap, rai",1
"afrobeats, afrobeat, afropop, afroswing, afro soul",1
"thai hip hop, thai pop, t-pop, thai trap, k-pop",1
"turkish pop, turkish hip hop, t-pop",1
"chinese r&b, chinese hip hop, mandopop, taiwanese pop, taiwanese indie, c-pop, chinese indie",1
"argentine trap, trap, chilean trap",1
"mahraganat, khaleeji, egyptian shaabi, egyptian pop, egyptian hip hop",1
"argentine rock, latin rock, rock en espanol, latin alternative",1
"salsa, salsa romantica, bolero, son cubano",1
"afro adura, afrobeats, afrobeat, afropop, alte, afro soul",1
"champeta, vallenato",1
"mahraganat, egyptian shaabi, egyptian pop, khaleeji",1
"hindi indie, hindi pop, indian indie, desi pop",1
"punjabi hip hop, punjabi pop, desi hip hop, bhangra",1
"electro corridos, corrido, corridos belicos, corridos tumbados, sad sierreno",1
"funk melody, funk carioca, miami bass, funk, axe, brazilian funk",1
"anatolian rock, arabesk, karadeniz folk",1
nerdcore,1
"afrobeats, afrobeat, alte, afropop, amapiano",1
"brazilian rock, mpb, brazilian pop, brazilian hip hop",1
"turkish pop, t-pop, turkish hip hop",1
"indian indie, hindi indie, desi pop",1
"bollywood, hindi hip hop, desi, hindi pop, punjabi pop, bhangra, punjabi hip hop, desi pop",1
"bachata, bachata pop, latin",1
"g-house, bass house",1
"rkt, dancehall",1
"drill, pop urbaine",1
"afrobeats, afrobeat, afropiano, afropop, afro adura, amapiano",1
industrial metal,1
"reggaeton, champeta",1
"amapiano, afropiano, gqom, afrobeats, afro house",1
"mahraganat, khaleeji, egyptian pop, egyptian hip hop",1
"malay, malay rap, lagu timur",1
"bollywood, sufi, hindi pop, desi",1
"corrido, corridos belicos, corridos tumbados, electro corridos, banda, norteno, musica mexicana, sad sierreno, sierreno",1
"salsa, salsa romantica, merengue, son cubano",1
"pagode baiano, axe, piseiro, pagode, arrocha, brazilian pop, forro",1
"piseiro, forro, sertanejo, arrocha, brega, tecnobrega, agronejo, sertanejo universitario",1
"piseiro, forro, arrocha",1
"arabic rap, moroccan pop",1
"russelater, norwegian pop, norwegian rap, epadunk",1
"moroccan chaabi, rai, khaleeji, gnawa",1
"southern thai music, luk thung, thai rock",1
"chinese r&b, chinese hip hop, mandopop, taiwanese pop, c-pop, taiwanese indie, chinese indie",1
"brooklyn drill, new york drill",1
"malayalam hip hop, desi hip hop",1
"tropical house, chill house, deep house",1
"forro, piseiro, arrocha, sertanejo, seresta, agronejo",1
latin afrobeat,1
"dembow, guaracha",1
"egyptian pop, mahraganat, khaleeji",1
"egyptian hip hop, egyptian pop, mahraganat, arabic rap, khaleeji",1
"mahraganat, egyptian pop, khaleeji, egyptian shaabi",1
"corridos tumbados, corrido, corridos belicos, electro corridos, sad sierreno, banda, musica mexicana",1
"cantopop, v-pop, c-pop",1
"chinese r&b, chinese hip hop, cantopop, mandopop, c-pop, taiwanese pop",1
"funkot, malay, dangdut",1
"bhangra, punjabi pop, haryanvi pop",1
"amapiano, afropiano, afrobeat, afro adura",1
"afrobeats, afrobeat, afropop, afropiano, afro soul, hiplife, afroswing, alte",1
"afro soul, afrobeat, afrobeats",1
"afro adura, fuji, afrobeat",1
"grupera, cumbia, vallenato, cumbia nortena",1
"thai rock, thai pop, t-pop, phleng phuea chiwit, southern thai music",1
"c-pop, gufeng, mandopop, hyperpop",1
"afropop, afro soul, amapiano",1
folklore argentino,1
"rkt, guaracha, turreo",1
"french pop, pop urbaine",1
"cumbia nortena, ranchera",1
"seresta, arrocha, brega, forro, piseiro, sertanejo",1
"devotional, gospel, worship",1
"champeta, latin afrobeat, dancehall, latin afrobeats, afrobeat",1
"corridos tumbados, corrido, sad sierreno, trap latino, corridos belicos, urbano latino",1
"egyptian pop, khaleeji, sholawat, mahraganat",1
"mahraganat, egyptian pop, egyptian shaabi, khaleeji, arabic rap",1
"egyptian hip hop, arabic rap, egyptian pop",1
"finnish rock, finnish pop, thrash metal",1
"lagu timur, maluku, funkot, dangdut, batak",1
"funkot, lagu timur, dangdut, lagu jawa",1
"desi hip hop, hindi hip hop, punjabi hip hop, punjabi pop",1
"punjabi hip hop, punjabi pop, desi hip hop, desi, hindi hip hop, bhangra",1
"malayalam pop, mollywood, tamil dance, kollywood, tamil pop",1
"tamil pop, kollywood, tamil dance, tamil hip hop, tollywood",1
"hyperpop, nightcore, jersey club",1
"zouk, pop urbaine, kizomba, shatta",1
"rai, moroccan pop, moroccan rap, moroccan chaabi",1
"moroccan rap, arabic rap, moroccan pop, rai",1
"moroccan rap, moroccan pop, rai, arabic rap, moroccan chaabi",1
"moroccan rap, arabic rap, moroccan pop",1
"moroccan pop, rai, moroccan rap, moroccan chaabi, gnawa",1
"electro corridos, corrido",1
"afro adura, afrobeats, afrobeat, afropop, afropiano, azonto, afroswing, hiplife",1
"alte, afrobeats, afropiano, afrobeat, amapiano, afro adura, afropop",1
"afrobeats, afrobeat, afropop, afropiano, hiplife, azonto",1
"bongo flava, amapiano, singeli, afrobeats, afropiano, afrobeat, afropop",1
"afro adura, afrobeats, afropiano, afrobeat, afropop",1
"afro soul, afrobeat, afrobeats, alte, afropop, afropiano",1
"amapiano, highlife",1
"afrobeats, afrobeat, afropop, afro soul, alte",1
"highlife, afrobeat",1
"afrobeats, afrobeat, afropop, afropiano, azonto, hiplife, afroswing",1
"afrobeats, afrobeat, afropop, afropiano, afro soul, hiplife, afroswing",1
"afrobeats, afrobeat, afro soul, afro adura, alte, afropop, afropiano",1
"russelater, norwegian pop, norwegian hip hop, epadunk",1
"latin afrobeat, latin afrobeats",1
"indian indie, hindi indie, desi, desi hip hop, desi pop, hindi hip hop",1
"moroccan pop, khaleeji, rai, mahraganat, egyptian pop",1
"mandopop, taiwanese pop, c-pop, chinese r&b",1
"vinahouse, vietnamese lo-fi, v-pop",1
"3 step, amapiano, gqom, private school piano, afro house, afropop, afropiano",1
"3 step, afropop, amapiano, gqom, afro soul, private school piano",1
"amapiano, gqom, private school piano, 3 step",1
"gqom, amapiano, bacardi",1
"3 step, afro house, amapiano, gqom, private school piano",1
"afropop, afro soul, amapiano, private school piano, gqom",1
"tecnobrega, sertanejo, forro, piseiro, brega, arrocha, seresta, sertanejo universitario",1
"champeta, latin afrobeat, dancehall, afrobeat, latin afrobeats",1
"finnish hip hop, finnish rock, finnish pop",1
"pop urbaine, chanson",1
"bhangra, punjabi pop, desi, bollywood, desi pop, hindi pop",1
"bhangra, punjabi pop, bollywood, desi, hindi pop, desi pop",1
"moroccan rap, arabic rap, gnawa",1
"corridos tumbados, corrido, corridos belicos, electro corridos, sad sierreno, banda",1
"afrobeats, afrobeat, afropop, afropiano, afro soul",1
"afrobeats, afropiano, afrobeat, amapiano, afro adura, afropop",1
"afrobeats, afrobeat, afropop, azonto, hiplife, alte, afroswing, soca",1
"afrobeats, afrobeat, afroswing, afropop, afro adura, moroccan pop",1
"cumbia, huayno, chicha, cumbia nortena",1
"opm, harana, pinoy indie, p-pop, pinoy r&b",1
"ghazal, qawwali",1
"vallenato, polka, tropical music, cumbia",1
"power metal, metal, pirate metal, heavy metal, melodic metal, symphonic metal, folk metal",1
"thai rock, luk thung, thai pop, phleng phuea chiwit, southern thai music, t-pop",1
"turkish hip hop, drill, phonk",1
"chinese r&b, mandopop, c-pop, taiwanese pop, chinese indie",1
"christian hip hop, christian pop, pop worship, christian, worship, gospel r&b",1
"3 step, amapiano, private school piano, gqom, afro house",1
"pop urbaine, shatta, afrobeat",1
"afrobeats, afrobeat, azonto, afropop, bongo flava",1
"salsa, colombian pop, salsa romantica",1
"tamil pop, kollywood, malayalam hip hop, malayalam pop",1
"sertanejo, funk pop, piseiro",1
"agronejo, funk, electro",1
"gospel, brazilian gospel, worship, christian rock, pentecostal",1
"mpb, nova mpb",1
"brooklyn drill, melodic rap",1
"finnish hip hop, finnish pop, iskelma, finnish rock",1
"indonesian indie, indonesian pop, indie",1
"indian indie, bollywood, hindi indie, sufi",1
"j-rap, j-r&b, japanese indie",1
"afrobeats, afrobeat, afropop, afropiano, azonto, afro adura, afroswing, amapiano",1
"afrobeats, afrobeat, afropop, afropiano, alte, afroswing, afro adura, afro soul",1
"afrobeats, afrobeat, afro adura, afropop",1
"afro adura, afro soul",1
"african gospel, gospel, gospel r&b",1
"afro adura, afro soul, afrobeats, afrobeat",1
"opm, pinoy rock, pinoy alternative, harana, pinoy indie, p-pop, kundiman",1
"punjabi hip hop, punjabi pop, desi, bhangra, desi hip hop, desi pop",1
"big room, edm, electro house, progressive house",1
"chinese r&b, mandopop, c-pop, chinese hip hop",1
"t-pop, thai hip hop, thai pop",1
"thai hip hop, thai trap, thai pop, t-pop, southern thai music",1
"anatolian rock, turkish pop, arabesk",1
"oyun havasi, arabesk",1
"industrial, ebm, industrial metal, industrial rock",1
"amapiano, 3 step, gqom, afropop, afropiano",1
"argentine rock, latin rock, ska, rock en espanol, latin alternative",1
"piseiro, brega funk, brega, forro, funk",1
"emo, rap metal",1
"guaracha, reggaeton chileno, rkt, chilean trap, exotica, chilean mambo",1
"malay, dangdut, funkot, lagu timur, malay rap",1
"lagu timur, funkot",1
"moroccan pop, moroccan rap, rai, moroccan chaabi",1
"reggaeton mexa, electro corridos",1
"latin house, afro house, tech house",1
"gufeng, c-pop, chinese r&b",1
"luk thung, southern thai music, phleng phuea chiwit, t-pop",1
"chinese r&b, chinese hip hop, mandopop, c-pop, taiwanese pop, chinese indie",1
"anime rap, anime",1
"french r&b, pop urbaine, afrobeats, afrobeat, afro r&b",1
"afrobeats, gengetone, afropop, afro r&b, afro soul, afrobeat, alte, afropiano",1
"colombian pop, salsa",1
"gqom, 3 step, amapiano, afro house, private school piano",1
"shatta, dancehall, ragga, zouk, kompa, french r&b",1
"afropiano, afrobeats, afrobeat",1
"amapiano, private school piano, gqom, afropop, afro soul, 3 step",1
"tamil pop, mollywood, kollywood, malayalam hip hop, malayalam pop",1
"latin house, afro house, techengue, tech house",1
"afrobeats, afrobeat, afropop, azonto, hiplife, afropiano, afroswing",1
"alte, afro r&b, afro soul",1
"afrobeats, afrobeat, afropop, afropiano, afro adura, hiplife, bongo flava",1
"moroccan rap, french r&b, pop urbaine, rai, french rap",1
"synthwave, indie dance, synthpop",1
"dembow belico, cumbia, mexican hip hop",1
"rkt, turreo, reggaeton chileno, chilean mambo",1
rock en espanol,1
"amapiano, private school piano, gqom, afropiano",1
"amapiano, gqom, private school piano, afropiano",1
3 step,1
"trip hop, electronica",1
"3 step, afro house, private school piano, amapiano, gqom",1
"folklore argentino, chamame",1
"reggae, lovers rock, dancehall",1
"moroccan rap, arabic hip hop, egyptian hip hop, moroccan pop",1
"afrobeats, afro adura, afrobeat, afropiano, afropop, afro r&b",1
"thai rock, thai pop, phleng phuea chiwit, luk thung",1
"reggaeton, latin pop, pop urbano",1
"country, country pop",1
"egyptian hip hop, arabic hip hop, mahraganat",1
"turkish pop, t-pop, oyun havasi",1
"mahraganat, arabic hip hop",1
"duranguense, banda, grupera, musica mexicana",1
"huayno, folclor andino, latin folklore, latin folk, chicha",1
"arabesk, turkish pop, turkish hip hop",1
"c-pop, mandopop, taiwanese pop, chinese r&b, chinese indie",1
"afro house, melodic house",1
"alte, afro soul",1
"taiwanese pop, chinese hip hop, mandopop, c-pop",1
"salsa, colombian pop",1
"amapiano, afro soul, 3 step, afropop, private school piano, gqom, afro house",1
"3 step, gqom, afro house, amapiano, private school piano, afro soul",1
"luk thung, southern thai music, phleng phuea chiwit, t-pop, thai pop",1
"opm, p-pop, harana, pinoy indie, kundiman, pinoy r&b",1
latin dance,1
brazilian trap,1
"forro tradicional, forro",1
"afro house, melodic house, house",1
"entehno, laiko, tango",1
"afro house, latin house, techengue",1
cumbia nortena,1
"cantopop, c-pop, mandopop, taiwanese pop",1
"lagu timur, maluku, funkot",1
"funkot, lagu timur",1
"dangdut, lagu timur, funkot",1
black metal,1
"brega, arrocha, forro, seresta, piseiro, tecnobrega",1
"afropiano, amapiano, afrobeats, afrobeat, afro adura",1
"afrobeats, afrobeat, afropop, afropiano, hiplife, azonto, afroswing",1
"afrobeats, afrobeat, afropop, alte, afropiano, azonto, hiplife",1
"afropiano, afrobeats, afrobeat, alte",1
"amapiano, afropiano, afrobeat",1
"bhangra, punjabi pop, desi, bollywood",1
"hindi indie, indian indie, hindi hip hop",1
"qawwali, ghazal, indian indie, sufi",1
"indian indie, hindi indie, desi, desi pop",1
"mandopop, c-pop, gufeng, taiwanese pop",1
"luk thung, thai pop, t-pop, southern thai music",1
"phleng phuea chiwit, luk thung, southern thai music, thai rock",1
"turkish pop, turkish hip hop, arabesk",1
"chinese r&b, taiwanese indie, chinese indie, taiwanese pop, mandopop",1
"amapiano, gqom, afropiano, afrobeats, afrobeat",1
"afropop, afro soul, 3 step, amapiano, private school piano, gqom",1
"amapiano, private school piano, afropiano, gqom, 3 step",1
"rkt, guaracha, techengue, turreo",1
"shatta, dancehall, moombahton, ragga",1
"french r&b, french rap, pop urbaine",1
"japanese indie, j-rock, j-pop",1
"electro corridos, dembow belico, corrido",1
"grime, afroswing, uk grime, afrobeats",1
"afrobeats, afrobeat, afropop, azonto, hiplife, alte, afroswing, afro r&b",1
"afro soul, afro r&b, afrobeat",1
"gospel, gospel r&b",1
"christian pop, christian hip hop, christian, worship, gospel r&b",1
"reggae rock, ska punk, ska",1
"post-grunge, rock",1
"electro corridos, corrido, corridos belicos, corridos tumbados, dembow belico, sad sierreno",1
"corrido, corridos belicos, sad sierreno, corridos tumbados",1
"rock en espanol, mexican rock, latin rock, latin alternative",1
"funk, funk consciente, brazilian funk, trap funk, brazilian trap",1
"forro, piseiro, arrocha, seresta, brega, sertanejo",1
"chilean mambo, reggaeton chileno, mambo, punto guajiro, chilean trap",1
"ranchera, popular colombian music",1
"electro corridos, corrido, dembow belico, corridos belicos, corridos tumbados",1
"boom bap, latin hip hop",1
"pop urbaine, shatta",1
"french r&b, pop urbaine, shatta",1
flamenco pop,1
"boom bap, underground hip hop",1
"gospel, devotional, worship",1
uk grime,1
"malay rap, malay, malay pop, malaysian pop",1
"dangdut, malay, funkot, lagu timur, malay rap",1
chicago drill,1
"sufi, bhajan, bollywood, qawwali, hindi pop, devotional",1
"opm, pinoy rock, p-pop, kundiman",1
"3 step, afropop, afro soul, private school piano, gqom, afro house",1
"ranchera, cumbia, guaracha, reggaeton chileno",1
"mandopop, gufeng, c-pop, taiwanese pop",1
"taiwanese indie, chinese indie, mandopop, taiwanese pop, c-pop, chinese rock",1
"sertanejo, sertanejo universitario, sertanejo tradicional, arrocha, agronejo",1
"lagu timur, funkot, maluku",1
zydeco,1
"punjabi hip hop, bhangra, punjabi pop",1
"haryanvi pop, punjabi hip hop",1
"canzone napoletana, italian trap, neomelodico",1
"salsa, cumbia, cumbia sonidera",1
"old school hip hop, new jack swing, east coast hip hop",1
"drill, new york drill",1
"indonesian pop, malay, malay pop, indorock",1
"tamil pop, kollywood, tamil dance",1
traditional folk,1
"reggaeton mexa, guaracha, neoperreo",1
"mandopop, chinese rock, c-pop, taiwanese pop",1
"luk thung, southern thai music, phleng phuea chiwit, thai pop, thai rock",1
"chinese hip hop, chinese r&b, taiwanese pop, mandopop, chinese indie, c-pop",1
"vietnam indie, v-pop, vietnamese lo-fi",1
"chanson quebecoise, chanson",1
"3 step, gqom, amapiano, afro house, private school piano",1
"amapiano, afropiano, gqom, private school piano",1
"german hip hop, german indie, german pop",1
"lagu timur, maluku, dangdut, funkot, batak",1
"afrobeats, afro adura, afro soul, afrobeat, afro r&b, afropop",1
"3 step, amapiano, gqom, afropiano",1
"amapiano, gqom, afropiano, bongo flava",1
"axe, brazilian pop, mpb, nova mpb",1
"brazilian hip hop, brazilian trap, trap, trap funk",1
"bollywood, hindi pop, desi, kannada pop, marathi pop, bangla pop",1
"afrobeats, afrobeat, afropop, afro r&b, alte, afro soul, afropiano",1
"piseiro, forro, seresta, arrocha",1
"afro adura, afropiano, afrobeat",1
"indonesian pop, indonesian indie, pop punk, indorock",1
"singeli, malayalam hip hop, taiwanese indie, gengetone, latin alternative, taiwanese pop, philly soul",1
"dancehall, afro house",1
"electronica, big room",1
"afrobeats, afrobeat, afropop, afropiano, alte, afroswing, afro r&b, azonto",1
"afro adura, afro soul, afrobeat, afrobeats, afro r&b, alte, afropop",1
"trova, nueva trova, latin folk, latin rock, latin folklore",1
"corrido, corridos belicos, corridos tumbados, electro corridos, dembow belico, banda, sad sierreno, sierreno, musica mexicana",1
"german indie, german hip hop, german pop",1
"french r&b, moroccan pop",1
"alte, afrobeats, afro r&b",1
"pagode baiano, axe, piseiro, pagode, arrocha, brazilian pop, forro, sertanejo",1
"v-pop, vietnamese hip hop, vietnamese lo-fi",1
"bolero, huayno, latin folklore",1
"trap funk, brega funk, chinese hip hop",1
"emo, screamo, post-hardcore",1
"gospel, devotional, pentecostal, brazilian gospel, worship",1
"chinese r&b, cantopop, chinese hip hop",1
"afro adura, afro soul, afrobeat",1
"red dirt, texas country, southern rock, outlaw country, country, country rock",1
"afrobeats, afropiano",1
"moroccan pop, rai, moroccan chaabi, khaleeji",1
"afrobeats, afrobeat, afropop, azonto, afropiano, hiplife, afro r&b, afroswing",1
"thai rock, southern thai music, thai pop",1
"chinese hip hop, chinese r&b, mandopop, taiwanese pop, c-pop",1
"christian pop, christian, christian hip hop, worship, gospel r&b",1
"amapiano, private school piano, 3 step, gqom, afropiano, afropop, afro soul",1
"thai rock, thai pop",1
"arrocha, seresta, brega, forro, piseiro, sertanejo",1
"shatta, kompa",1
"southern thai music, thai rock, phleng phuea chiwit, luk thung",1
"vietnamese lo-fi, v-pop, vinahouse, lo-fi",1
"pop urbano, latin afrobeats",1
"opm, pinoy r&b, harana, p-pop",1
"melodic rap, rage rap",1
"hard house, acid techno, trance, techno",1
"lagu timur, maluku, funkot, dangdut",1
"alte, afro r&b, afro soul, afrobeats",1
"cumbia, chicha, huayno, electrocumbia, cumbia nortena",1
"opm, pinoy rock, pinoy alternative, harana, p-pop",1
"epadunk, dansband, ragga",1
"amapiano, gqom, private school piano, 3 step, bacardi",1
"neo soul, r&b, quiet storm",1
"afro soul, afropop, afro r&b",1
"bongo flava, singeli, afrobeats, afrobeat, afropop",1
"opm, p-pop, kundiman",1
"v-pop, vietnam indie, city pop",1
"gospel, brazilian gospel",1
"merengue, bachata, mambo, tropical music",1
"k-rap, experimental hip hop",1
"bollywood, telugu pop, tollywood",1
"3 step, afro house, gqom, private school piano, amapiano, afro soul",1
"mpb, nova mpb, samba",1
"deathcore, death metal, metal, metalcore",1
"indonesian pop, malay, indorock",1
"sufi, qawwali, soundtrack",1
"rap quebecois, chanson quebecoise, folk quebecois, pop quebecoise",1
"rock en espanol, latin rock, argentine rock, ska, murga",1
"bolero, ranchera, mariachi",1
"brazilian rock, mpb, brazilian pop",1
"banda, mariachi, ranchera, grupera, norteno, musica mexicana",1
"bangla pop, hindi pop, bollywood",1
"salsa choke, reggaeton",1
"salsa, timba, son cubano, cumbia",1
"k-ballad, k-pop",1
"brooklyn drill, drill, new york drill",1
"hindi pop, bollywood, gujarati pop, desi, hindi indie",1
"argentine rock, latin indie",1
"funk, trap funk, funk consciente, brazilian funk",1
"guaracha, chilean mambo, reggaeton chileno, chilean trap, mambo, exotica",1
"cumbia, cumbia sonidera, cumbia nortena",1
"chinese hip hop, taiwanese indie, taiwanese pop, chinese r&b, mandopop, chinese indie",1
"hard house, uk garage",1
"marathi pop, bollywood, devotional, bhajan, desi, tamil dance, hindi pop, tamil pop",1
"classic rock, folk rock, singer-songwriter, roots rock",1
"funk rock, alternative rock, rock",1
"pop punk, emo",1
"taiwanese indie, taiwanese pop, chinese indie",1
"corrido, corridos belicos, norteno, banda, sierreno",1
"sufi, marathi pop, bollywood, qawwali",1
"chinese r&b, chinese hip hop, chinese indie, mandopop, c-pop, taiwanese pop",1
"amapiano, 3 step, gqom, private school piano, afropiano, afro house",1
"t-pop, thai pop, thai hip hop, luk thung",1
"funk, trap funk, brazilian funk, funk consciente",1
"piseiro, forro, arrocha, brega, sertanejo, seresta",1
"uk drill, grime, drill, uk grime",1
"guaracha, reggaeton chileno, rkt, chilean trap, exotica, chilean mambo, turreo",1
"finnish rock, finnish pop",1
"sierreno, banda, corrido, norteno, sad sierreno",1
"banda, corrido, norteno, corridos belicos",1
"afrobeats, afrobeat, alte, afropiano, afropop, afro adura",1
"opm, pinoy alternative, pinoy rock, p-pop",1
"chinese hip hop, mandopop, chinese r&b, taiwanese pop, c-pop",1
"nu metal, alternative metal, rap metal, shoegaze, rock",1
"brazilian funk, brega funk",1
"afro house, melodic house, tribal house, latin house, house",1
"techengue, rkt",1
"minimal techno, techno, electro",1
"dancehall, reggae, ragga, riddim, soca, lovers rock",1
"khaleeji, arabic hip hop, egyptian pop",1
"afroswing, alte, uk r&b, afro r&b, afrobeats, afrobeat, afro soul",1
"rai, moroccan chaabi, algerian chaabi, moroccan pop, gnawa",1
"corrido, norteno, cumbia nortena, musica mexicana, banda",1
"3 step, amapiano, gqom, afro house, private school piano, afropiano",1
"ghazal, sufi, qawwali",1
"sufi, qawwali, ghazal",1
"brazilian funk, funk pop, funk carioca, brega funk, brazilian pop",1
"chinese hip hop, chinese r&b, mandopop, taiwanese pop, taiwanese indie, c-pop, chinese indie",1
"mandopop, chinese r&b, taiwanese pop, c-pop",1
"amapiano, 3 step, private school piano, gqom, afro house, afropiano",1
"amapiano, private school piano, 3 step, gqom, afropiano, afro house",1
"dangdut, lagu timur, malay, funkot, malay rap",1
"devotional, bhajan, telugu pop, tollywood",1
"guaracha, funkot, desi, sufi, qawwali",1
"chinese r&b, mandopop, taiwanese pop, c-pop, chinese indie",1
speedcore,1
"gothic metal, industrial metal, gothic rock, medieval metal, industrial, industrial rock",1
"cantopop, c-pop, taiwanese pop, mandopop",1
hiplife,1
reggae rock,1
"polka, chamame, latin folklore",1
"polka, latin folklore, chamame, traditional music",1
"cumbia, murga",1
"argentine rock, murga",1
"amapiano, bacardi, gqom, 3 step, private school piano",1
"brazilian funk, agronejo",1
"mandopop, gufeng, c-pop, chinese r&b",1
"southern thai music, thai rock, luk thung, thai pop",1
"cumbia, chamame",1
"amapiano, afropiano, gqom, bacardi, afrobeats, afrobeat",1
"afro soul, afro r&b",1
"latin house, bass house, g-house, tech house",1
"3 step, amapiano, gqom",1
"kannada pop, tamil pop, telugu pop, sandalwood",1
"lagu timur, malay rap, malay, maluku, indonesian pop, hipdut",1
"rap quebecois, moroccan pop, moroccan rap, moroccan chaabi",1
"banda, sierreno, corrido, norteno, musica mexicana",1
"nigerian drill, afropiano, amapiano, afrobeat",1
"3 step, gqom, afro tech, amapiano, private school piano, afro house",1
"amapiano, private school piano, gqom, afropiano, 3 step, bacardi",1
"afrobeats, afro r&b, afrobeat, afropop, afro soul, afropiano, alte",1
"turkish pop, karadeniz folk, arabesk",1
"french indie pop, french house",1
"german indie, german indie pop, neue deutsche welle",1
latin folklore,1
"dancehall, roots reggae",1
"gujarati garba, bollywood, hindi pop, desi",1
"guaracha, rkt, reggaeton chileno, exotica, chilean trap, turreo",1
"afro adura, soca",1
"french indie pop, french pop",1
"southern thai music, luk thung",1
"bacardi, maskandi, amapiano, gqom",1
"3 step, afro tech, private school piano, gqom, amapiano, afro house",1
"amapiano, gqom, 3 step, bacardi, private school piano",1
"rkt, turreo, guaracha, techengue",1
"guaracha, techengue, rkt",1
"c-pop, k-pop",1
"j-pop, j-rock, art pop",1
"afrobeats, hiplife, afrobeat, afropop, afro r&b, azonto, afropiano, afroswing, highlife",1
"opm, pinoy rock, pinoy alternative, p-pop",1
"amapiano, private school piano, 3 step, gqom, afro tech, afropiano",1
"amapiano, private school piano, 3 step, gqom, afropiano, bacardi",1
"brazilian funk, trap funk, funk de bh, funk consciente",1
"norsk rock, norwegian pop",1
"post-grunge, alternative metal, rock",1
"southern thai music, luk thung, thai rock, phleng phuea chiwit, thai pop",1
"southern thai music, thai rock, luk thung, phleng phuea chiwit, thai pop",1
"afropop, 3 step, afro soul",1
"afro adura, nigerian drill",1
"dansband, norwegian pop",1
"brazilian trap, trap funk, brazilian funk, funk consciente",1
"french rap, drill, shatta",1
"j-rap, hip hop",1
punto guajiro,1
"opm, harana, p-pop, pinoy r&b, kundiman, pinoy indie",1
"thai rock, thai pop, thai indie pop",1
"taiwanese indie, chinese indie, taiwanese pop, mandopop, c-pop",1
"bacardi, maskandi, gqom, amapiano, afropop",1
"chilean mambo, reggaeton chileno, chilean trap",1
"witch house, cloud rap",1
darkwave,1
"hard house, acid techno, techno, trance",1
"amapiano, private school piano, gqom, bacardi, 3 step",1
"3 step, amapiano, private school piano, afropop, afro soul, gqom",1
"fuji, highlife",1
"guaracha, tribal house, electronica",1
"guaracha, techengue, rkt, murga",1
"hard techno, techno, acid techno, tekno",1
"guaracha, exotica",1
"german hip hop, german indie, german pop, german indie pop",1
"neue deutsche welle, schlager, schlagerparty",1
"afro adura, afrobeat, afrobeats, nigerian drill, afropop, afropiano, afro soul",1
"afro adura, afropiano, afrobeats, afrobeat, amapiano",1
"afrobeats, afrobeat, afropop, alte, afropiano, afro r&b, amapiano",1
"highlife, amapiano, afropiano, nigerian drill, bongo piano, afrobeat",1
"shatta, dancehall, moombahton",1
"gqom, 3 step, amapiano, ndombolo, afro tech, afro soul, afro house, afropop",1
"vocaloid, j-pop",1
"pinoy r&b, pinoy hip hop",1
"thai pop, thai indie pop, t-pop",1
"alte, afrobeats, afropiano, afrobeat, nigerian drill, afroswing",1
"screamo, post-hardcore, metalcore, emo",1
"indonesian hip hop, lagu timur, hipdut, maluku, malay rap",1
"electro corridos, corrido, dembow belico, corridos tumbados, corridos belicos",1
"3 step, amapiano, gqom, afropop, maskandi, bacardi, private school piano",1
"3 step, afropop, gqom, maskandi, afro soul, afro tech, amapiano, private school piano",1
"bhojiwood, bhojpuri pop, bhajan",1
"taiwanese indie, chinese rock, chinese indie, taiwanese pop",1
"vietnamese hip hop, vietnamese lo-fi, vietnam indie, v-pop",1
"indonesian pop, malay, indonesian r&b",1
"malay rap, malay, malay pop, hipdut, malaysian pop",1
"piseiro, forro, arrocha, sertanejo, seresta, brega",1
"colombian pop, popular colombian music",1
"flamenco, flamenco pop, bachata",1
"corridos tumbados, corrido, electro corridos, sad sierreno, corridos belicos, reggaeton mexa",1
"latin house, techengue, afro house, tribal house",1
"samba, mpb, bossa nova",1
"reggaeton chileno, guaracha, chilean mambo, chilean trap, mambo",1
"tropical house, deep house",1
"afro house, latin house, tribal house, afro tech",1
"space rock, stoner rock, psychedelic rock, stoner metal, neo-psychedelic, sludge metal, krautrock",1
"latin r&b, trap latino",1
bass music,1
dark ambient,1
"reggae rock, reggae",1
"mambo, chilean mambo",1
"punk, proto-punk, celtic punk",1
"mexican hip hop, latin hip hop, g-funk, gangster rap",1
"mexican indie, latin indie, latin alternative, rock en espanol",1
"guaracha, tribal house, latin house, electronica",1
"brooklyn drill, new york drill, drill, uk drill",1
"metalcore, deathcore, djent",1
"reggaeton chileno, reggaeton, chilean trap, chilean mambo",1
"corrido, mexican hip hop, corridos belicos, corridos tumbados",1
"rock en espanol, latin rock, mexican rock, latin alternative",1
"banda, sierreno, norteno, mariachi",1
"spanish-language reggae, dancehall",1
"downtempo, lounge, nu jazz, trip hop",1
"neue deutsche welle, german pop, schlager",1
"industrial metal, metal, industrial rock, industrial",1
"salsa, timba, son cubano, bachata",1
"pop urbano, colombian pop",1
"ska, rock en espanol, mexican ska, latin rock",1
"bolero, latin alternative",1
"champeta, dancehall",1
"guaracha, rkt, techengue",1
"cumbia, rkt, turreo",1
"chilean trap, chilean mambo, trap latino",1
"popular colombian music, ranchera, corridos belicos",1
"freestyle, chilean trap",1
"corridos belicos, corrido, corridos tumbados",1
"japanese indie, city pop, shibuya-kei, j-r&b",1
"trap latino, chilean mambo, chilean trap",1
"ska, mexican ska, rock en espanol, mexican rock",1
"britpop, neo-psychedelic",1
"trova, bolero, mariachi, nueva trova, ranchera",1
"rock en espanol, latin rock, latin alternative",1
"salsa choke, colombian pop, latin alternative",1
"cumbia nortena, musica mexicana",1
"uk drill, drill, grime, uk grime",1
"anime, j-rock",1
"electro corridos, dembow belico, corridos belicos, corridos tumbados, corrido",1
"brazilian pop, brazilian bass",1
"cumbia, dembow belico, cumbia sonidera",1
"sertanejo, sertanejo universitario, forro, arrocha, brazilian pop",1
"merengue, trap latino",1
"post-grunge, alternative metal, nu metal",1
dub,1
"corrido, corridos tumbados, sierreno, sad sierreno, banda, corridos belicos, norteno, musica mexicana",1
"neoperreo, argentine trap",1
"hard techno, tekno, techno, hardcore techno",1
dansk rap,1
"k-pop, j-pop",1
"j-r&b, j-pop",1
"classic rock, southern rock, country rock",1
"afrobeats, afrobeat, highlife, afro adura, afropop, afropiano, nigerian drill, hiplife",1
"afro adura, afrobeats, afrobeat",1
"afro adura, alte, nigerian drill, afrobeat, afrobeats, afro soul",1
"ghazal, qawwali, sufi, indian indie, hindi indie",1
"disco polo, go-go",1
"proto-punk, new wave",1
"thai pop, thai rock, t-pop, luk thung, thai hip hop",1
"taiwanese indie, taiwanese pop, chinese indie, mandopop",1
"vietnamese lo-fi, v-pop, vietnam indie",1
"french rap, pop urbaine, rap ivoire",1
"3 step, afro tech, amapiano, afro house, gqom, afropiano",1
"pinoy hip hop, opm, pinoy rock, pinoy alternative, pinoy r&b, p-pop",1
"rai, moroccan pop, moroccan rap, arabic hip hop",1
"stutter house, edm trap",1
"kayokyoku, j-pop, enka",1
"latin afrobeats, afrobeats, afrobeat",1
"spanish-language reggae, reggae, argentine rock, latin rock, rock en espanol, ska, latin alternative",1
"bass house, moombahton, g-house",1
"dansktop, dansk pop, christmas",1
"chilean mambo, guaracha, reggaeton chileno, chilean trap, mambo, exotica",1
"3 step, amapiano, afro house, gqom, afro tech, afropiano, private school piano, afrobeats",1
"hard techno, techno, tekno, acid techno",1
"proto-punk, art rock",1
"japanese indie, j-rock, shoegaze, anime",1
"acid techno, hard techno, techno",1
"hyperpop, k-rap, electroclash",1
"moroccan pop, moroccan rap",1
"opm, harana, pinoy indie",1
"europop, manele",1
"amapiano, private school piano, 3 step, gqom, afropiano, bongo piano",1
"private school piano, amapiano, afro soul, 3 step, gqom, afro tech, afropop",1
"afrobeats, afrobeat, afropop, azonto, afro r&b, afropiano",1
"alte, sexy drill, afrobeat, afrobeats, nigerian drill",1
"epadunk, russelater, ragga",1
"chinese r&b, taiwanese indie, chinese hip hop, mandopop, c-pop, chinese indie, taiwanese pop",1
"3 step, amapiano",1
"3 step, amapiano, private school piano, afro soul, gqom",1
"huayno, cumbia, chicha, tropical music",1
"moroccan pop, moroccan rap, rai, arabic hip hop, moroccan chaabi",1
"sertanejo, agronejo, pagode, sertanejo universitario, piseiro",1
"moroccan pop, rai, moroccan rap, moroccan chaabi",1
"corrido, corridos belicos, norteno, sad sierreno, corridos tumbados",1
"afrobeats, afrobeat, afropop, alte, hiplife, afro adura, afro r&b, afropiano, afroswing",1
"norwegian pop, dansband, norsk rock",1
"rkt, reggaeton chileno, chilean mambo",1
"epadunk, ragga, russelater",1
"karadeniz folk, anatolian rock",1
"bongo piano, 3 step, amapiano, bongo flava, afropiano, gqom, afro tech",1
"indonesian indie, indonesian rock, pop punk, indorock",1
"flamenco pop, flamenco",1
"3 step, private school piano, amapiano, afro tech, gqom",1
"city pop, j-pop",1
"trip hop, jazz rap, jazz beats, nu jazz",1
"j-r&b, anime",1
"j-r&b, j-pop, japanese indie, j-rap, city pop",1
"j-pop, city pop",1
"afropiano, afro soul, afro r&b",1
"afro soul, afrobeats",1
"thai hip hop, luk thung, phleng phuea chiwit, thai pop",1
"3 step, afro tech, amapiano, gqom, afro house",1
"classic rock, yacht rock, soft rock",1
japanese classical,1
"guaracha, dancehall",1
"hyperpop, bedroom pop",1
deathcore,1
"duranguense, banda, grupera, musica mexicana, norteno",1
"pop, k-pop",1
"mollywood, tamil pop, kollywood, malayalam pop, malayalam hip hop",1
"malayalam pop, malayalam hip hop, mollywood",1
"indian indie, bollywood, sufi",1
"chilean mambo, rkt, reggaeton chileno, turreo, chilean trap, mambo",1
"alternative, indie",1
"minimal techno, electro",1
"gospel, worship, devotional, brazilian gospel",1
"brazilian rock, mpb, brazilian pop, brazilian hip hop, reggae",1
"devotional, gospel, worship, brazilian gospel",1
"pagode baiano, axe, piseiro, pagode, arrocha, brazilian pop, brazilian funk, forro",1
"piseiro, forro, arrocha, seresta, sertanejo, brega",1
"agronejo, brazilian funk",1
"cloud rap, witch house",1
"egyptian pop, mahraganat, egyptian shaabi",1
"indonesian indie, indonesian pop, indie, malay",1
"lagu timur, maluku, hipdut, funkot, dangdut, koplo, batak",1
"indonesian pop, malay, indonesian rock, indorock",1
"indonesian indie, indonesian pop, malay",1
"lagu timur, maluku, hipdut, indonesian hip hop, dangdut, funkot, koplo, batak",1
"hipdut, lagu timur, dangdut, koplo, funkot, malay",1
"indonesian indie, indonesian indie rock, indonesian rock, indonesian pop, indorock",1
"indonesian pop, malay, indonesian rock, malay pop, indorock",1
"lagu timur, indonesian hip hop, hipdut, maluku, dangdut, funkot",1
"italo dance, italian singer-songwriter",1
"arabesk, oyun havasi, karadeniz folk",1
"bikutsi, coupe decale, rumba congolaise",1
"vietnam indie, vietnamese hip hop, v-pop",1
"huayno, chicha, cumbia",1
"thai rock, thai pop, phleng phuea chiwit",1
"funk carioca, brazilian funk",1
"celtic, medieval",1
"colombian pop, latin alternative, latin indie",1
"amapiano, afropiano, gqom, private school piano, 3 step",1
"piseiro, sertanejo, pagode, forro, arrocha, sertanejo universitario",1
"telugu pop, tollywood, devotional",1
gospel r&b,1
"reggaeton mexa, reggaeton, electro corridos, dembow belico",1
"afropiano, amapiano, afrobeats, afrobeat",1
"nigerian drill, highlife",1
"opm, harana, pinoy indie, kundiman, p-pop",1
"turkish hip hop, anatolian rock",1
"chinese r&b, chinese indie, taiwanese indie, taiwanese pop, mandopop, c-pop",1
"mandopop, taiwanese pop, c-pop, chinese r&b, chinese indie",1
"folklore argentino, cuarteto",1
"tropical music, cumbia, candombe",1
"3 step, amapiano, gqom, maskandi, afropop, private school piano, bacardi",1
"amapiano, afropiano, gqom, afrobeats",1
"maskandi, 3 step, afropop, afro soul",1
"trova, singer-songwriter, nueva trova",1
"blues, classic blues, jazz blues, soul blues, blues rock",1
"egyptian hip hop, egyptian pop, arabic hip hop",1
"sufi, qawwali, ghazal, desi, hindi indie",1
"gqom, bacardi, amapiano",1
"amapiano, bacardi, gqom, maskandi, 3 step, private school piano",1
"latin r&b, reggaeton mexa",1
"emo, pop punk",1
"country, pop country",1
"variete francaise, chanson",1
"lagu timur, hipdut, funkot, maluku, budots, dangdut",1
"thai rock, thai pop, luk thung, t-pop",1
sufi,1
"indonesian pop, batak, malay",1
"spanish-language reggae, reggae",1
"french pop, variete francaise, chanson, french house, french indie pop",1
"indonesian jazz, indonesian pop, sholawat",1
"thai rock, thai pop, luk thung, phleng phuea chiwit, southern thai music",1
"amapiano, afrobeats, afropiano, afrobeat, gqom",1
"thai hip hop, t-pop, thai trap, thai pop",1
"hard house, trance, eurodance, techno, hypertechno",1
"neoperreo, punto guajiro",1
"tech house, bass house, house, g-house",1
"chinese r&b, mandopop, taiwanese pop, chinese hip hop, c-pop, taiwanese indie, chinese indie",1
"southern thai music, luk thung, phleng phuea chiwit, thai hip hop, thai rock, thai pop",1
"luk thung, southern thai music, phleng phuea chiwit, thai rock, thai pop",1
"private school piano, maskandi, bacardi",1
"afro tech, afro house, 3 step, gqom, tribal house, amapiano, afro soul, house, deep house",1
"afro r&b, afro soul, afrobeats",1
new mpb,1
samba,1
"sertanejo, sertanejo universitario, pagode, forro, piseiro, arrocha, agronejo",1
"cumbia, tropical music, chicha, electrocumbia",1
"christian reggae, reggae en espanol",1
"chinese indie, chinese r&b",1
"punjabi pop, hindi pop, bollywood, desi",1
"3 step, amapiano, gqom, afro tech, private school piano, afro house",1
"amapiano, gqom, 3 step, afropiano, bacardi",1
"french rap, moroccan rap, drill, moroccan pop",1
"pinoy r&b, opm",1
"choral, renaissance, christmas",1
"choral, hymns, christmas",1
"swing music, big band",1
"bossa nova, bolero",1
"villancicos, latin pop",1
"villancicos, lullaby, childrens music, christmas",1
"tropical music, electrocumbia",1
"cumbia, tropical music, cumbia sonidera, electrocumbia",1
"rap quebecois, chanson quebecoise, french rap",1
"chanson quebecoise, pop quebecoise, indie quebecois",1
"chanson quebecoise, variete francaise, chanson, rock quebecois",1
"chanson quebecoise, pop quebecoise, christmas",1
"vocal jazz, jazz pop, jazz",1
"variete francaise, chanson, french pop, french house",1
"french jazz, jazz",1
"chanson, christmas",1
"french pop, chanson, variete francaise, french jazz, french house",1
"chanson, variete francaise",1
"electro swing, swing music",1
"chinese r&b, cantopop",1
"yacht rock, smooth jazz, vocal jazz, jazz",1
ballet,1
"city pop, kayokyoku, j-pop, enka",1
"christmas, bolero, villancicos",1
"baroque pop, singer-songwriter",1
"ballet, classical, orchestral",1
"ccm, worship, christian pop, christian alternative rock",1
"soul, soul blues, classic soul, motown",1
"christmas, classical crossover",1
"retro soul, pop soul",1
orchestral,1
"jazz pop, vocal jazz, jazz",1
"flamenco, flamenco pop, rumba congolaise",1
"trova, nueva trova, singer-songwriter",1
"popular colombian music, ranchera, corrido",1
retro soul,1
"thai rock, southern thai music, phleng phuea chiwit, thai pop, luk thung",1
"mandopop, chinese rock",1
"private school piano, 3 step, amapiano",1
"sertanejo, sertanejo universitario, pagode, forro, piseiro, arrocha",1
"indonesian pop, indonesian indie, pop punk, indonesian rock, indorock",1
"cuarteto, cumbia, techengue, rkt, turreo",1
"tropical music, merengue, rumba congolaise",1
"indonesian pop, lagu timur",1
"christian reggaeton, disco polo",1
"banda, corrido, norteno, musica mexicana, ranchera, grupera, sierreno",1
"corrido, sierreno, corridos belicos, corridos tumbados",1
"afro adura, nigerian drill, afro soul, afrobeat, alte, afrobeats",1
"huayno, cumbia, chicha, cumbia nortena",1
"hipdut, funkot",1
"karadeniz folk, arabesk, turkish pop",1
"lo-fi beats, lo-fi, lo-fi hip hop",1
"lo-fi, lo-fi hip hop, lo-fi beats",1
"hipdut, lagu timur, dangdut, malay, funkot, koplo, indonesian pop, malay rap",1
"amapiano, afropiano, gqom, 3 step, afrobeats, private school piano",1
"amapiano, gqom, 3 step, afropiano",1
"telugu pop, tollywood, tamil dance, tamil pop, kollywood, kannada pop",1
"opm, pinoy rock, pinoy alternative, pinoy indie",1
"ghazal, qawwali, sufi, exotica",1
"southern thai music, luk thung, phleng phuea chiwit, thai hip hop",1
"art rock, art pop",1
"neo soul, quiet storm",1
"afrobeats, afrobeat, alte, afro r&b, afroswing, afropop, afro soul",1
"grime, uk grime, uk drill",1
"funkot, hipdut, dangdut, lagu timur, koplo",1
"hipdut, indonesian pop",1
"concerto, italian trap",1
"french rap, shatta, drill",1
"corridos tumbados, corrido, corridos belicos, sad sierreno, musica mexicana, banda, sierreno",1
"afrobeats, afro r&b, afrobeat",1
"afro adura, afrobeats, afrobeat, afropiano, nigerian drill, afropop",1
"bhangra, punjabi pop, desi, punjabi hip hop, desi hip hop",1
"punjabi pop, bollywood",1
"manele, moombahton",1
"alte, afrobeats, afroswing, afrobeat, afropop, afro r&b, afro soul, azonto",1
"phleng phuea chiwit, luk thung, thai rock, southern thai music, thai pop",1
"southern thai music, luk thung, phleng phuea chiwit, thai pop, thai hip hop",1
"afro adura, afrobeats, amapiano, afrobeat, afropiano, afropop",1
"classical, opera",1
"pagode baiano, axe, piseiro, pagode, arrocha, brazilian pop, brazilian funk",1
"piseiro, forro, seresta, arrocha, brega",1
"sertanejo, sertanejo universitario, agronejo, sertanejo tradicional",1
"guaracha, reggaeton chileno, chilean trap, neoperreo, chilean mambo",1
"funkot, hipdut, breakbeat",1
"lagu timur, malay, indonesian pop",1
"afro adura, afrobeat, afrobeats, afropiano, nigerian drill",1
"afro adura, alte, afrobeats, afrobeat, afropiano, afroswing, afropop",1
"afro adura, afrobeats, afrobeat, afro r&b, afropop",1
"opm, harana, parang, kundiman, pinoy indie, p-pop",1
"dansband, schlager",1
"chinese r&b, c-pop, mandopop, chinese indie, taiwanese pop",1
"corrido, corridos tumbados, corridos belicos, musica mexicana, sierreno, sad sierreno, electro corridos, banda",1
"afro adura, nigerian drill, afro soul, afrobeat, afrobeats, afropiano",1
"fuji, afro adura, nigerian drill, afrobeat, alte, afrobeats, afropiano, afro soul",1
"pinoy hip hop, pinoy r&b, opm, p-pop, parang",1
"chinese hip hop, chinese r&b, mandopop",1
"banda, corrido, norteno, corridos belicos, corridos tumbados",1
"taiwanese indie, taiwanese pop, chinese indie, mandopop, chinese rock, c-pop",1
"bacardi, amapiano, gqom, 3 step, afropiano",1
"afro tech, afro soul, afropop, afro house, 3 step, amapiano, gqom, private school piano",1
"afro house, house",1
"pagode baiano, pagode",1
"guaracha, exotica, techengue",1
"trap, argentine trap",1
"afrobeats, afrobeat, afropop, azonto, afropiano, afro r&b, afroswing, alte",1
"alte, nigerian drill, afrobeats, afropiano, afrobeat",1
"fuji, afrobeats, afropiano, afrobeat, alte, afro soul",1
"afrobeats, afrobeat, highlife, afro adura, nigerian drill, afropop, afropiano, hiplife",1
"hard techno, techno, tekno, hardcore techno, industrial",1
"opm, harana, p-pop, pinoy r&b, parang, kundiman, pinoy indie",1
"3 step, amapiano, gqom, private school piano",1
"cantopop, chinese hip hop, c-pop, taiwanese pop",1
"pagode baiano, pagode, axe",1
"tropical house, dansk pop",1
"hipdut, dangdut, lagu timur, koplo, funkot",1
"bacardi, maskandi, amapiano",1
"3 step, private school piano, amapiano, gqom",1
"axe, pagode baiano, mpb",1
"neofolk, folk metal, black metal, celtic, ambient folk",1
"hipdut, malay rap, malay, malay pop, lagu timur, dangdut, malaysian pop, funkot",1
"3 step, amapiano, gqom, private school piano, afro house, afro tech, afropiano",1
"piseiro, sertanejo, forro",1
"brazilian funk, funk bruxaria",1
"bhajan, devotional, lagu timur, sufi",1
"hard techno, techno",1
"sertanejo, sertanejo universitario, agronejo, arrocha, sertanejo tradicional",1
"horrorcore, trap metal",1
"tamil pop, kollywood, tamil dance, tollywood, tamil hip hop",1
"qawwali, desi hip hop, sufi",1
"brazilian hip hop, rap, boom bap",1
"finnish pop, iskelma, europop",1
"afropiano, alte, amapiano",1
"afro adura, afrobeat, afrobeats, nigerian drill, afropiano, afropop",1
"kannada pop, sandalwood, devotional",1
"cold wave, post-punk",1
"dansband, rockabilly, epadunk",1
"amapiano, gqom, 3 step, bacardi",1
"vietnamese bolero, bolero, v-pop",1
"dangdut, malay, malay pop, koplo, funkot",1
"opm, pinoy indie, harana, p-pop, parang, kundiman",1
"kizomba, afro soul, zouk",1
"gengetone, bongo flava, afro r&b, dancehall",1
"classic country, country, traditional country",1
"bongo flava, bongo piano, singeli, afro r&b",1
"khaleeji, rai",1
"khaleeji, malay",1
"afrobeats, afrobeat, afropop, alte, afro r&b, afropiano, afro soul, afroswing",1
"ndombolo, coupe decale, rumba congolaise, afrobeats, afrobeat",1
"neo soul, alternative r&b",1
"r&b, neo soul",1
"arabic hip hop, egyptian hip hop, khaleeji, egyptian pop, mahraganat",1
"ghanaian hip hop, asakaa, hiplife, afrobeats",1
"alte, afro r&b",1
"french r&b, afro r&b, alte",1
"afro house, afro soul",1
"devotional, tollywood",1
"bhajan, marathi pop, devotional, ghazal",1
"melodic techno, melodic house, techno",1
"coupe decale, rap ivoire, ndombolo",1
"rai, gnawa, moroccan pop, algerian chaabi",1
"arabic hip hop, moroccan rap, moroccan pop, rai",1
"reggae, roots reggae, lovers rock, ragga, dub, dancehall, rocksteady",1
"pinoy hip hop, pinoy r&b, opm, parang, p-pop",1
"country christian, christian, worship, christian folk, ccm",1
"lovers rock, reggae, roots reggae, dancehall, ragga",1
"bikutsi, coupe decale, french r&b",1
"indonesian indie, indonesian pop, indonesian jazz, indonesian r&b, malay",1
"doo-wop, adult standards",1
blues,1
"afro house, tribal house, tech house, latin house",1
"afrobeats, azonto, afrobeat, hiplife",1
"bongo flava, bongo piano, gengetone, afropop, afrobeats",1
contemporary classical,1
"uk funky, afro house, funky house",1
"classic country, honky tonk, traditional country, outlaw country",1
"latin afrobeats, afrobeats",1
"malay, malaysian pop, grunge",1
"progressive rock, art rock, space rock, psychedelic rock, krautrock",1
"gospel, worship, christian",1
"bikutsi, rumba congolaise, coupe decale, ndombolo, zouk",1
"afrogospel, afropop, afrobeats, afrobeat, azonto, gospel",1
"french rap, pop urbaine, ndombolo",1
"phonk, drift phonk, brazilian phonk",1
"reggae, lovers rock, dancehall, riddim, roots reggae, ragga, soca",1
"hiplife, highlife, afro soul, afropop, afro r&b, asakaa, afrobeats, afrobeat, ghanaian hip hop, alte",1
"3 step, amapiano, afro house, afropiano, gqom, afro tech, private school piano, afrobeats",1
minimal techno,1
"lovers rock, reggae, ragga, roots reggae, dancehall",1
"reggae, dancehall, roots reggae, ragga, reggae rock",1
"worship, christian, ccm, country christian",1
"rumba congolaise, kompa, kizomba, zouk, bongo flava",1
"bikutsi, coupe decale",1
"v-pop, vietnamese hip hop, vietnam indie, vietnamese lo-fi, vinahouse",1
"french house, indie soul, nu disco",1
"ghanaian hip hop, hiplife, alte, afrobeats, asakaa, afrobeat, afropop, azonto, afrogospel, highlife, afroswing",1
"pinoy r&b, pinoy hip hop, opm, parang",1
"brazilian funk, funk pop, funk carioca, funk melody",1
"thai pop, t-pop, thai indie pop, thai indie rock",1
"nigerian drill, afro adura, highlife",1
malayalam pop,1
"dancehall, soca, ragga",1
"brazilian funk, piseiro, brega funk, arrocha",1
"kompa, zouk, kizomba, shatta",1
ndombolo,1
"gqom, afro tech, 3 step, afro house, tribal house",1
"kuduro, afro house, afro tech, afrobeat",1
"afrobeats, afrobeat, afropop, afropiano, alte, amapiano, afroswing, azonto, afro r&b",1
"gnawa, algerian chaabi, rai",1
"latin afrobeats, dancehall",1
"gengetone, shatta",1
"afro tech, afro house, kuduro",1
"acid jazz, jazz funk, nu jazz, funk",1
"bongo flava, afrogospel, afro r&b, gengetone",1
"moroccan pop, rai, gnawa, moroccan chaabi, khaleeji",1
"french r&b, zouk, pop urbaine, kompa",1
"coupe decale, ndombolo, bikutsi, rap ivoire, rumba congolaise",1
"lovers rock, reggae, roots reggae, riddim, ragga",1
"afrobeats, afrobeat, afro soul, afro r&b, afropop, afropiano",1
"amapiano, gqom, afropiano, 3 step, bacardi, private school piano",1
"bongo piano, bongo flava, gengetone, gqom",1
"kizomba, kuduro, zouk, afro house, kompa",1
"amapiano, afropiano, bacardi, gqom, afrobeats, bongo piano, afrobeat",1
"afro house, afro tech, melodic house, tribal house, house, latin house",1
"bongo flava, singeli",1
"azonto, afrobeats, hiplife",1
"tamil pop, kollywood, tamil dance, tamil hip hop",1
"mpb, bossa nova, brazilian jazz",1
flamenco,1
lounge,1
"bikutsi, coupe decale, rumba congolaise, ndombolo, champeta",1
"rumba congolaise, bongo flava",1
"soul jazz, smooth jazz",1
"dancehall, reggae, soca, lovers rock, ragga",1
"rai, moroccan chaabi, moroccan pop, gnawa",1
"tamil pop, kollywood, telugu pop, tamil dance, tollywood",1
"egyptian pop, sholawat",1
"3 step, gqom, afro tech, amapiano, afro house, private school piano, afro soul",1
"bikutsi, afro soul",1
"worship, christian, ccm, pop worship, gospel",1
"french r&b, pop urbaine, zouk, ndombolo, coupe decale, kompa",1
"afro tech, afro house, kuduro, tribal house",1
future bass,1
"afro r&b, neo soul",1
"afrobeats, afrobeat, azonto, afropop, hiplife",1
"afropop, maskandi, afro soul",1
"3 step, amapiano, private school piano, afro tech, afro house, gqom",1
"azonto, afrobeats, afrobeat, afropop, hiplife, bongo flava",1
bikutsi,1
"malayalam pop, mollywood, malayalam hip hop, tollywood, telugu pop",1
"asakaa, ghanaian hip hop, hiplife, rap ivoire, drill, azonto, nigerian drill",1
"afrobeats, afrobeat, afropop, afro r&b, afropiano, afro soul, hiplife",1
"asakaa, hiplife",1
"rap chretien, gospel, christian, afrogospel",1
"coupe decale, ndombolo",1
"soca, calypso, riddim",1
"rap chretien, christian hip hop, christian, afrogospel",1
"gqom, 3 step, amapiano, ndombolo",1
"afropop, amapiano, afro soul, afrobeats",1
"rap ivoire, coupe decale, ragga, reggae",1
"jazz rap, jazz beats, nu jazz",1
"gospel, catholic music, traditional gospel",1
"gnawa, ethiopian jazz",1
"3 step, gospel, traditional gospel",1
"hiplife, afrobeats, afrobeat, afropop, azonto, highlife",1
"amapiano, afropop, gqom, afro soul",1
"post-punk, cold wave",1
"bikutsi, coupe decale, rap ivoire, afrobeats",1
"rumba congolaise, gengetone",1
"afro r&b, afro soul",1
"bikutsi, coupe decale, ndombolo",1
"hiplife, highlife, azonto, afrobeats, ghanaian hip hop, afrobeat",1
"afro r&b, alte, afro soul",1
"coupe decale, ndombolo, azonto",1
"shatta, zouk, kompa",1
soul blues,1
"kizomba, french r&b, zouk, kompa, pop urbaine",1
"afro r&b, afro soul, afropop, neo soul",1
"zouk, kompa",1
"drill, portuguese hip hop",1
"christian r&b, christian jazz",1
"coupe decale, afro house",1
"afro house, melodic house, afro tech",1
"afrobeats, afrobeat, afropop, afropiano, azonto",1
"neoclassical, contemporary classical, minimalism, classical, ambient",1
"sertanejo, agronejo, sertanejo universitario, pagode, piseiro",1
"afrobeats, afrobeat, afropop, afropiano, hiplife, afroswing, azonto",1
"ghanaian hip hop, asakaa, hiplife, azonto, afrobeats, afrobeat, highlife, afropop",1
"bedroom pop, indie pop",1
"gospel, ndombolo, rumba congolaise",1
newgrass,1
"renaissance, indie r&b",1
"j-r&b, j-pop, kayokyoku",1
"bhajan, punjabi pop, bhangra, devotional",1
"anime, anime rap",1
"afropop, afro soul, amapiano, private school piano, maskandi, gqom, afro r&b",1
"amapiano, 3 step, gqom, afropiano, bacardi",1
"egyptian pop, sholawat, egyptian shaabi",1
"gospel, rumba congolaise",1
"rap chretien, afrogospel, gospel, christian",1
"reggae, roots reggae, lovers rock",1
"bongo flava, afrogospel",1
"afroswing, aussie drill",1
"amapiano, afropiano, gqom, 3 step",1
"arabic hip hop, egyptian hip hop, rai, khaleeji",1
"bongo piano, kizomba, afropop",1
"dancehall, ragga, reggae, soca, riddim, azonto",1
chinese rock,1
"gengetone, afro soul, rumba congolaise",1
"jam band, alt country",1
"algerian chaabi, moroccan chaabi, rai, gnawa",1
"afro r&b, afrobeats, afrobeat, afropop",1
"bongo flava, bongo piano, singeli, gengetone, kizomba, afropop",1
"worship, gospel, christian r&b, afrogospel, christian",1
"moroccan pop, french pop, rai, moroccan rap",1
"latin folk, bolero, latin indie, latin alternative, latin folklore",1
"bikutsi, afropop",1
j-r&b,1
"ccm, christmas, christian",1
"christian, ccm, gospel, worship, hymns",1
"afro r&b, afro soul, gengetone",1
"amapiano, 3 step, private school piano, gqom, afropiano, afropop, afro soul, afro tech",1
"rap ivoire, french rap",1
"argentine rock, murga, latin rock, rock en espanol, latin alternative",1
"kizomba, zouk, french r&b, kompa, pop urbaine",1
"3 step, amapiano, private school piano, gqom, afro tech, afro house",1
"indonesian r&b, hipdut",1
"southern thai music, phleng phuea chiwit, luk thung, thai pop, thai rock",1
"gengetone, rumba congolaise, bongo flava, afropop, afro soul",1
"afroswing, afro r&b, alte, uk r&b, afrobeats, afro soul, afrobeat",1
"europop, moombahton",1
"afropop, afrobeats, afro soul",1
"progressive metal, progressive rock, metal, death metal, melodic death metal",1
"brazilian trap, brazilian hip hop, trap funk, trap",1
"corrido, corridos tumbados, corridos belicos, electro corridos, sierreno, dembow belico, sad sierreno",1
"asakaa, ghanaian hip hop, hiplife, azonto",1
"tamil hip hop, tamil indie",1
"dancehall, soca, ragga, shatta",1
"melodic techno, minimal techno, techno",1
shoegaze,1
"soul blues, soul jazz, blues",1
"christian, christian pop, worship, ccm",1
classical piano,1
"rumba congolaise, afro soul",1
"private school piano, 3 step, amapiano, gqom",1
"chinese r&b, c-pop, mandopop, chinese hip hop",1
"phonk, kizomba",1
"hiplife, azonto, highlife, afrobeats, ghanaian hip hop, afrobeat",1
"bhajan, devotional, marathi pop",1
"zouk, kompa, maloya",1
"ghazal, sufi, qawwali, desi, hindi indie, indian indie",1
"amapiano, private school piano, gqom, afropiano, 3 step, bongo piano, bacardi",1
"afrobeats, afrobeat, afropiano, amapiano, afropop, afro adura",1
enka,1
"pop kreatif, malay, indonesian jazz, malay pop, indonesian pop, malaysian pop, city pop, indonesian r&b",1
"christian reggae, afrogospel, gospel",1
"afro house, afro tech, 3 step, gqom",1
"afro adura, alte, afro soul",1
"tamil pop, kollywood, tollywood",1
"hiplife, afrobeat, afrobeats, afropop",1
"riddim, dancehall",1
"kizomba, afro house",1
"reggae, ragga, dancehall, lovers rock, roots reggae, riddim",1
"asakaa, ghanaian hip hop, hiplife, afrobeats, azonto",1
"asakaa, ghanaian hip hop, afrobeats, hiplife, afroswing, afrobeat, afropop, alte, azonto, afropiano",1
"grindcore, hardcore punk, hardcore, sludge metal",1
"reggae, reggae rock, roots reggae",1
"alte, afrobeat, afrobeats, sexy drill, afropiano, nigerian drill",1
"new york drill, drill",1
"kuduro, afro house, afro tech, kizomba",1
"k-rap, hyperpop",1
"pagode, pagode gospel",1
"afro adura, afrobeat, afrobeats, nigerian drill, afropop",1
"rap ivoire, coupe decale, shatta, ndombolo",1
"lovers rock, reggae, dancehall, roots reggae, riddim, ragga, soca",1
"coupe decale, rap ivoire, shatta, ndombolo",1
"bikutsi, rap ivoire, coupe decale, ndombolo",1
"lovers rock, reggae",1
"power pop, new wave, classic rock",1
emo,1
"pop urbaine, french r&b, french pop, french rap",1
"techengue, cumbia",1
"coupe decale, rap ivoire",1
"amapiano, gqom, private school piano, afropiano, 3 step, bacardi",1
gengetone,1
"arabic hip hop, rai, moroccan rap",1
"dancehall, shatta, moombahton",1
"soca, shatta, calypso",1
"afropop, 3 step, afro soul, afro tech",1
"amapiano, afropiano, gqom, bacardi, afrobeats, 3 step",1
"afro soul, afrogospel",1
"afro soul, score",1
"portuguese hip hop, kuduro, kizomba",1
"afro tech, afro house",1
"private school piano, amapiano, 3 step, afro soul, gqom, afropop",1
"v-pop, vietnamese bolero, vinahouse",1
"dancehall, soca, riddim, ragga",1
"phonk, synthwave, drift phonk",1
"amapiano, gqom, private school piano, bacardi, 3 step",1
"3 step, amapiano, afropiano, private school piano",1
"k-pop, c-pop, noise music",1
"3 step, amapiano, private school piano",1
"hiplife, afrobeats, afrobeat, afropop, azonto, highlife, ghanaian hip hop",1
"dark r&b, sexy drill",1
"maloya, shatta, zouk",1
"gqom, singeli",1
"karadeniz folk, arabesk",1
rumba congolaise,1
"indonesian pop, indonesian jazz, indonesian indie",1
"gospel, christian r&b, worship",1
"rally house, phonk",1
"mahraganat, egyptian shaabi",1
"southern thai music, thai pop, thai rock",1
"chinese hip hop, chinese r&b, c-pop, cantopop, mandopop",1
"chinese r&b, c-pop, chinese hip hop",1
"brazilian pop, funk pop, brazilian funk",1
afrikaans pop,1
"salsa, cha cha cha, son cubano, timba",1
"salsa, timba",1
"salsa, latin jazz, son cubano, cha cha cha",1
"son cubano, salsa, timba",1
"latin jazz, afro-cuban jazz, cha cha cha, mambo, salsa, son cubano",1
"salsa, son cubano, bolero, latin jazz",1
"salsa, cha cha cha, merengue",1
"son cubano, salsa",1
"salsa, son cubano, merengue",1
"timba, salsa, son cubano",1
"salsa, latin jazz, son cubano",1
"son cubano, timba, salsa",1
"salsa, bolero, son cubano, latin jazz, cha cha cha",1
"urbano latino, salsa",1
"bachata, kizomba, salsa",1
"bachata, salsa, kizomba",1
"breakbeat, big beat",1
"merengue, latin house, techengue",1
"cumbia sonidera, cumbia, salsa",1
"merengue, guaracha, tropical music",1
"electrocumbia, cumbia, tropical music, popular colombian music",1
"merengue, tropical music, cumbia",1
"colombian pop, merengue",1
"tropical music, electrocumbia, merengue",1
"merengue, bachata, tropical music",1
"tropical music, cumbia, vallenato",1
"merengue, chicha",1
"tropical music, cumbia, merengue",1
"electrocumbia, chicha, cumbia, tropical music, merengue",1
"tropical music, son cubano, cumbia",1
"merengue, salsa, bachata",1
folclor llanero,1
"chilean mambo, chilean trap, reggaeton chileno, mambo, dembow",1
"guaracha, tribal house, exotica",1
"chilean trap, chilean mambo, mambo, reggaeton chileno",1
"guaracha, reggaeton chileno, chilean mambo, chilean trap, mambo, techengue, rkt",1
"neoperreo, reggaeton chileno",1
"chilean trap, neoperreo, reggaeton chileno",1
"chilean trap, reggaeton chileno, neoperreo",1
"rkt, turreo, argentine trap",1
"guaracha, rkt, reggaeton chileno, reggaeton mexa",1
"rkt, turreo, reggaeton chileno",1
"chilean mambo, chilean trap, guaracha, mambo, reggaeton chileno, techengue, rkt",1
"reggaeton chileno, rkt, chilean mambo, turreo, chilean trap",1
"guaracha, reggaeton chileno, chilean trap, neoperreo, chilean mambo, reggaeton mexa",1
"chilean trap, chilean mambo, reggaeton chileno, latin r&b, mambo",1
"chilean mambo, mambo, chilean trap, reggaeton chileno",1
"chilean trap, chilean mambo",1
"turreo, cumbia, rkt",1
"duranguense, grupera, banda, musica mexicana",1
"electrocumbia, chicha, latin jazz",1
"son jarocho, mexican indie, reggae en espanol",1
"chicha, cumbia, huayno",1
"tropical music, cumbia, vallenato, cumbia sonidera",1
"latin indie, latin folk, latin alternative",1
"cumbia, tropical music, son jarocho, grupera, cumbia sonidera",1
"merengue, cumbia sonidera, cumbia, salsa",1
"ska, reggae en espanol, latin rock, ska punk",1
"cumbia, cumbia sonidera, salsa, guaracha",1
"merengue, salsa, cumbia, cumbia sonidera",1
"grupera, cumbia, tejano, duranguense, cumbia nortena",1
"reggae en espanol, latin alternative",1
"rock en espanol, latin rock, argentine rock",1
"electrocumbia, mexican indie, cumbia, cumbia sonidera, latin alternative",1
"mambo, cha cha cha, son cubano, afro-cuban jazz, latin jazz, exotica",1
"latin folk, latin folklore, cumbia",1
"mexican indie, electrocumbia",1
"cumbia nortena, cumbia, norteno",1
"cumbia, cumbia sonidera, son jarocho",1
"cumbia, cumbia sonidera, vallenato",1
"cumbia sonidera, cumbia, salsa, guaracha",1
"guaracha, cumbia, chamame, cuarteto",1
"electrocumbia, cumbia, cumbia sonidera",1
"bolero, cumbia sonidera",1
"electrocumbia, mexican indie, latin alternative, latin indie",1
"electrocumbia, cumbia, latin alternative, chicha",1
"banda, grupera, cumbia, cumbia nortena, norteno, duranguense, musica mexicana",1
"banda, norteno, grupera, ranchera",1
latin indie,1
"tropical music, merengue, guaracha, bolero",1
"latin indie, mexican indie, latin alternative",1
"cumbia sonidera, cumbia, merengue",1
"cumbia, chicha",1
"cumbia, cumbia sonidera, guaracha",1
"cumbia, tejano",1
"axe, pagode baiano, pagode",1
"electrocumbia, cumbia, chicha, latin afrobeats",1
"nu jazz, trip hop, downtempo, electrocumbia, latin alternative, acid jazz",1
"cumbia, cumbia sonidera, electrocumbia",1
"electrocumbia, chicha, cumbia sonidera, cumbia",1
"latin folk, latin indie, mexican indie",1
"merengue, cumbia, salsa",1
"cumbia, cumbia sonidera, cuarteto",1
"electrocumbia, cumbia sonidera, cumbia",1
"cumbia, cuarteto, cumbia nortena",1
"salsa, tropical music, merengue",1
"cumbia, cumbia sonidera, grupera, orchestral",1
latin rock,1
"german indie, neue deutsche welle, german indie pop, german pop",1
"german pop, schlager, schlagerparty",1
alt country,1
"nu disco, disco house, funky house",1
"dansktop, manele",1
progressive trance,1
"disco house, funky house, jazz house, nu disco, lo-fi house",1
"indie dance, deep house",1
"minimal techno, electronica",1
melodic bass,1
"psytrance, trance",1
"funky house, disco house, tech house, house",1
"jazz house, funky house",1
"italo dance, eurodance, europop",1
"happy hardcore, eurodance, gabber, hardcore techno",1
"eurodance, electronic classical",1
"happy hardcore, hardstyle, hardcore techno",1
"chicago house, hip house, eurodance",1
"happy hardcore, hardstyle",1
"christmas, ccm, christian",1
"hip house, old school hip hop",1
"uk garage, uk funky, uk r&b",1
"eurodance, happy hardcore",1
"hi-nrg, italo disco, freestyle",1
"funk melody, miami bass",1
"new wave, post-punk",1
roots rock,1
"glam metal, glam rock, classic rock",1
"synthpop, hi-nrg",1
"post-disco, jazz funk, disco",1
"old school hip hop, funk",1
"funky house, disco",1
"jangle pop, new wave",1
"quiet storm, new jack swing, soul",1
"aor, progressive rock, arena rock",1
"motown, northern soul, classic soul, soul",1
"classic rock, aor, progressive rock",1
"hi-nrg, synthpop",1
"southern rock, classic rock, blues rock, rock",1
"new wave, post-punk, synthpop",1
"progressive rock, art rock, aor",1
"new wave, synthpop, post-punk",1
"new wave, power pop",1
"neue deutsche welle, schlager, german pop",1
"progressive rock, art rock",1
"cajun, zydeco",1
"nederpop, classic rock",1
"yacht rock, classic rock",1
"hard rock, classic rock, rock",1
native american music,1
"glam rock, hard rock, glam metal, proto-punk, classic rock",1
jazz funk,1
"funk, soul, classic soul",1
"disco, hi-nrg, post-disco",1
"punk, proto-punk",1
"disco, boogie",1
"motown, christmas",1
"disco, classic soul",1
"disco, philly soul, northern soul",1
"quiet storm, disco, classic soul",1
"yacht rock, classic rock, soft rock",1
"blues rock, classic rock, blues",1
"glam metal, glam rock",1
"power pop, aor, classic rock, glam rock",1
adult standards,1
"classic rock, blues rock",1
"southern rock, classic rock, rock",1
"power pop, jangle pop",1
"post-disco, disco, funk",1
"jazz, jazz fusion, jazz funk, hard bop, cool jazz",1
"glam rock, glam metal, hard rock, rock, classic rock",1
"motown, classic soul, soul, northern soul, quiet storm",1
"disco, post-disco, hi-nrg",1
"motown, classic soul, philly soul, soul",1
"philly soul, classic soul, soul blues",1
"folk rock, folk",1
"hi-nrg, disco, northern soul",1
"hi-nrg, italo disco, disco, post-disco",1
"yacht rock, art rock, glam rock",1
"hi-nrg, disco, italo disco",1
"hi-nrg, disco",1
"melodic techno, melodic house",1
"glam metal, classic rock, rock, hard rock",1
"classic rock, rock, glam rock",1
"funk, soul, motown, classic soul",1
"motown, quiet storm, soul, classic soul, funk, northern soul",1
"glam rock, proto-punk",1
"disco, post-disco, philly soul, funk",1
"corridos tumbados, corridos belicos, corrido",1
"sad sierreno, corridos tumbados, sierreno, corrido, corridos belicos, electro corridos",1
"corrido, corridos tumbados, sierreno, corridos belicos, electro corridos",1
"corridos belicos, corridos tumbados, cumbia sonidera, electro corridos",1
"corridos tumbados, corrido, sad sierreno, sierreno, corridos belicos",1
"corrido, corridos belicos, sierreno, corridos tumbados",1
"corridos tumbados, sad sierreno, corrido, sierreno",1
"corridos tumbados, corrido, sierreno, corridos belicos, sad sierreno, electro corridos",1
"corridos tumbados, corrido, corridos belicos, sierreno",1
"corrido, corridos belicos, corridos tumbados, electro corridos, dembow belico, sierreno, banda, sad sierreno, musica mexicana",1
"corrido, corridos tumbados, corridos belicos, sierreno, musica mexicana",1
"corrido, corridos belicos, corridos tumbados, sierreno, sad sierreno, musica mexicana",1
"corridos tumbados, corrido, sad sierreno, corridos belicos, sierreno, banda, musica mexicana",1
"sierreno, corrido, corridos tumbados, corridos belicos, sad sierreno",1
"corridos belicos, corrido, corridos tumbados, sierreno",1
"corrido, banda, norteno, corridos tumbados, corridos belicos, sierreno",1
"corrido, banda, norteno, cumbia nortena",1
"banda, norteno, sierreno, corrido",1
"banda, norteno, ranchera",1
"banda, corrido, norteno, sierreno, ranchera, grupera, musica mexicana",1
"cumbia, cumbia nortena, banda, musica mexicana",1
"cumbia nortena, norteno sax, norteno, cumbia",1
"ranchera, mariachi, norteno",1
"cumbia nortena, banda, cumbia",1
"norteno, duranguense, sierreno, banda, grupera, musica mexicana, ranchera",1
"banda, ranchera, mariachi, norteno, musica mexicana, grupera",1
"grupera, norteno, ranchera",1
"latin country, tejano, norteno",1
"cumbia nortena, norteno, corrido",1
"cumbia nortena, norteno, bolero, cumbia, grupera",1
"norteno, ranchera, mariachi, corrido",1
"norteno, cumbia nortena",1
"tejano, grupera, norteno, cumbia nortena",1
"norteno, corrido, ranchera, latin folklore",1
"tejano, grupera, cumbia nortena, norteno",1
"norteno, cumbia nortena, ranchera, tejano, bolero, corrido",1
"norteno, ranchera",1
"norteno, ranchera, musica mexicana, polka, bolero",1
"uk garage, funky house, uk funky",1
"afro house, latin house, tribal house, afro tech, organic house",1
"tech house, melodic techno",1
"bassline, drum and bass, bass house",1
"bassline, uk garage, bass house",1
"deep house, slap house",1
"uk garage, hard house, bassline",1
"bass house, bassline, house, tech house, g-house",1
"nu disco, disco house",1
"hard house, eurodance, techno",1
"house, disco house",1
"tech house, house, deep house",1
"deep house, funky house",1
"uk garage, stutter house",1
"latin house, afro house, house, funky house, disco house",1
"acid house, madchester",1
"tech house, tribal house, house",1
"acid house, chicago house",1
"uk garage, bassline, hard house, house",1
"latin house, tech house, techengue, bass house, g-house, house",1
"big room, tech house",1
"rally house, breakcore",1
"disco house, funky house, house",1
"lo-fi house, jazz house",1
melodic techno,1
"bassline, bass house, drum and bass",1
"chicago house, house, funky house, rally house, disco house",1
"funky house, tribal house",1
"bass house, moombahton, melbourne bounce, electro house, big room",1
"rally house, uk garage",1
"uk funky, funky house, deep house",1
"neo soul, soul",1
"french house, disco house, funky house",1
"chicago house, acid house",1
"vocal jazz, soul jazz, soul, jazz, blues",1
"disco house, nu disco, funky house, disco",1
"acid house, hip house",1
"latin house, candombe",1
"minimal techno, melodic house, melodic techno, electronica",1
"drum and bass, liquid funk, drumstep, dubstep",1
"chicago house, hip house, house",1
"nu disco, deep house, disco house",1
"uk funky, deep house, funky house, house, afro house",1
"nu jazz, lounge, lo-fi house",1
"trance, hard house, electronic classical, italo dance",1
"swing music, boogie-woogie, nu disco",1
"big beat, electronica",1
"smooth jazz, jazz fusion, jazz funk",1
"latin house, afro house",1
"hypertechno, slap house, future house",1
"techno, future house, house, acid techno",1
"big room, edm, progressive house, electronica",1
"brazilian bass, g-house, electronic, bass house",1
"slap house, deep house",1
"edm, dubstep",1
"deep house, melodic house, progressive house, house",1
"hard house, future house",1
"future house, progressive house, house, deep house",1
"future house, afro house",1
"melodic techno, slap house, future house",1
"big room, edm, progressive house, electro house",1
"edm, progressive house, big room",1
"chicago house, house, ballroom vogue, uk garage",1
"big room, electro house, future house, edm",1
"big room, progressive house, edm, electro house",1
"disco house, house, funky house",1
"bass house, edm, future house, dubstep, electro house",1
"future house, g-house",1
"stutter house, melodic house",1
"bass house, g-house, future house",1
"big room, progressive house, edm",1
"future house, bass house, melbourne bounce",1
"acid techno, brazilian bass",1
"drum and bass, dubstep, drumstep",1
"tech house, future house, latin house, house, slap house",1
"slap house, edm",1
"acid house, chicago house, techno",1
"stutter house, uk garage",1
"latin house, techengue",1
"big room, progressive house, future house",1
"stutter house, drumstep",1
"jazz rap, east coast hip hop, hip hop, acid jazz, old school hip hop",1
"new orleans bounce, bounce, zydeco, cajun",1
"hip hop, jazz rap, neo soul",1
"southern hip hop, gangster rap, old school hip hop, new orleans bounce",1
"miami bass, new orleans bounce",1
"jazz rap, west coast hip hop, old school hip hop, hip hop",1
"country hip hop, southern hip hop",1
"old school hip hop, east coast hip hop, new jack swing",1
"southern hip hop, new orleans bounce, crunk",1
"crunk, southern hip hop, new orleans bounce",1
"r&b, quiet storm, neo soul",1
"miami bass, southern hip hop",1
"new jack swing, old school hip hop",1
"miami bass, old school hip hop",1
"old school hip hop, west coast hip hop",1
"quiet storm, r&b",1
"r&b, quiet storm",1
"southern hip hop, crunk, old school hip hop, gangster rap",1
"west coast hip hop, speedcore",1
"g-funk, west coast hip hop, hyphy",1
"funk, quiet storm",1
"west coast hip hop, old school hip hop",1
"southern hip hop, old school hip hop, gangster rap, g-funk",1
"latin hip hop, funk melody, g-funk, mexican hip hop, west coast hip hop",1
"horrorcore, west coast hip hop, gangster rap, g-funk",1
"west coast hip hop, g-funk, old school hip hop",1
"jazz rap, old school hip hop",1
"old school hip hop, southern hip hop, gangster rap, g-funk, hardcore hip hop, horrorcore",1
"west coast hip hop, gangster rap, g-funk, old school hip hop, hardcore hip hop, hip hop",1
"east coast hip hop, boom bap, old school hip hop, hardcore hip hop, underground hip hop",1
"new jack swing, old school hip hop, east coast hip hop",1
"east coast hip hop, hardcore hip hop, boom bap",1
"east coast hip hop, old school hip hop, boom bap, hip hop",1
"east coast hip hop, underground hip hop, hardcore hip hop",1
"old school hip hop, east coast hip hop, hardcore hip hop, hip hop",1
"east coast hip hop, jazz rap, old school hip hop, boom bap",1
"musicals, east coast hip hop",1
"latin afrobeats, pop urbano, urbano latino",1
"reggae en espanol, reggaeton",1
"electro house, edm",1
"indie rock, indie, alternative rock",1
"garage rock, blues rock, rock, alternative rock",1
"new rave, electroclash, alternative dance, electronica",1
"blues rock, garage rock, modern blues, rock",1
"riot grrrl, queercore, electroclash",1
"dream pop, shoegaze, jangle pop, indie",1
"indie rock, indie",1
"post-punk, indie rock, garage rock",1
"garage rock, indie rock, alternative rock",1
jazz house,1
"britpop, indie, indie rock",1
"new rave, electroclash, alternative dance, indie dance",1
"garage rock, neo-psychedelic",1
"riot grrrl, garage rock",1
"post-punk, darkwave, cold wave, gothic rock",1
"garage rock, surf rock, noise rock, indie punk",1
"northern soul, doo-wop, motown",1
"indie, indie pop",1
"electroclash, new rave, alternative dance",1
"latin folk, bolero, latin indie",1
"mexican ska, ska, cumbia",1
"cumbia, chilean mambo",1
"latin house, flamenco urbano",1
christian reggaeton,1
"son cubano, reggaeton",1
"latin house, tribal house, afro house, afro tech",1
"latin house, tribal house, afro house",1
"latin house, tribal house, techengue, tech house",1
"latin house, tech house",1
